date,state,district,pincode,age_0_5,age_5_17,age_18_greater,predicted
01-09-2025,Karnataka,Bagalkot,587120,4,0,0,4.000000000000043
01-09-2025,Karnataka,Bagalkot,587122,4,1,0,5.000000000000018
01-09-2025,Karnataka,Bagalkot,587203,8,2,0,10.000000000000076
01-09-2025,Karnataka,Bagalkot,587205,2,0,0,2.000000000000001
01-09-2025,Karnataka,Bagalkot,587206,6,2,0,8.000000000000034
01-09-2025,Karnataka,Bagalkot,587207,4,0,0,4.000000000000043
01-09-2025,Karnataka,Bagalkot,587314,2,1,0,2.999999999999976
01-09-2025,Karnataka,Bagalkot *,587116,1,0,0,0.99999999999998
01-09-2025,Karnataka,Bagalkot *,587125,1,0,0,0.99999999999998
01-09-2025,Karnataka,Ballari,583113,2,1,0,2.999999999999976
01-09-2025,Karnataka,Ballari,583122,1,0,0,0.99999999999998
01-09-2025,Karnataka,Ballari,583222,3,0,0,3.0000000000000218
01-09-2025,Karnataka,Bangalore,560005,1,0,0,0.99999999999998
01-09-2025,Karnataka,Bangalore,560011,2,0,0,2.000000000000001
01-09-2025,Karnataka,Bangalore,560013,1,0,0,0.99999999999998
01-09-2025,Karnataka,Bangalore,560023,3,3,0,5.999999999999947
01-09-2025,Karnataka,Bangalore,560065,1,0,0,0.99999999999998
01-09-2025,Karnataka,Bangalore,560082,1,0,0,0.99999999999998
01-09-2025,Karnataka,Bangalore,560088,2,0,0,2.000000000000001
01-09-2025,Karnataka,Bangalore,560089,1,0,0,0.99999999999998
01-09-2025,Karnataka,Bangalore,560090,2,0,0,2.000000000000001
01-09-2025,Karnataka,Bangalore,560097,3,0,0,3.0000000000000218
01-09-2025,Karnataka,Bangalore,560099,2,0,0,2.000000000000001
01-09-2025,Karnataka,Bangalore,562120,0,1,0,0.999999999999934
01-09-2025,Karnataka,Bangalore,562125,0,1,0,0.999999999999934
01-09-2025,Karnataka,Bangalore Rural,561203,10,2,1,13.000000000000103
01-09-2025,Karnataka,Bangalore Rural,562110,2,1,0,2.999999999999976
01-09-2025,Karnataka,Bangalore Rural,562122,4,0,0,4.000000000000043
01-09-2025,Karnataka,Bangalore Rural,562129,3,0,0,3.0000000000000218
01-09-2025,Karnataka,Belagavi,590001,2,1,0,2.999999999999976
01-09-2025,Karnataka,Belagavi,590006,2,0,0,2.000000000000001
01-09-2025,Karnataka,Belagavi,591103,0,2,0,1.999999999999909
01-09-2025,Karnataka,Belagavi,591112,3,0,0,3.0000000000000218
01-09-2025,Karnataka,Belagavi,591122,1,0,0,0.99999999999998
01-09-2025,Karnataka,Belagavi,591124,1,2,0,2.99999999999993
01-09-2025,Karnataka,Belagavi,591130,3,1,0,3.9999999999999964
01-09-2025,Karnataka,Belagavi,591220,1,0,0,0.99999999999998
01-09-2025,Karnataka,Belagavi,591227,3,0,0,3.0000000000000218
01-09-2025,Karnataka,Belagavi,591235,1,1,0,1.999999999999955
01-09-2025,Karnataka,Belagavi,591236,1,0,0,0.99999999999998
01-09-2025,Karnataka,Belagavi,591242,1,0,0,0.99999999999998
01-09-2025,Karnataka,Belgaum,591102,6,0,0,6.000000000000084
01-09-2025,Karnataka,Belgaum,591111,3,1,0,3.9999999999999964
01-09-2025,Karnataka,Belgaum,591118,1,0,0,0.99999999999998
01-09-2025,Karnataka,Belgaum,591119,1,0,0,0.99999999999998
01-09-2025,Karnataka,Belgaum,591129,3,1,0,3.9999999999999964
01-09-2025,Karnataka,Belgaum,591131,4,0,0,4.000000000000043
01-09-2025,Karnataka,Belgaum,591136,2,0,0,2.000000000000001
01-09-2025,Karnataka,Belgaum,591153,1,0,0,0.99999999999998
01-09-2025,Karnataka,Belgaum,591213,1,0,0,0.99999999999998
01-09-2025,Karnataka,Belgaum,591344,1,0,0,0.99999999999998
01-09-2025,Karnataka,Bellary,583119,4,0,0,4.000000000000043
01-09-2025,Karnataka,Bellary,583122,7,0,0,7.000000000000105
01-09-2025,Karnataka,Bellary,583223,4,0,0,4.000000000000043
01-09-2025,Karnataka,Bellary,583224,2,3,0,4.999999999999925
01-09-2025,Karnataka,Bengaluru,560001,2,0,0,2.000000000000001
01-09-2025,Karnataka,Bengaluru,560004,3,0,0,3.0000000000000218
01-09-2025,Karnataka,Bengaluru,560017,1,0,0,0.99999999999998
01-09-2025,Karnataka,Bengaluru,560021,2,1,0,2.999999999999976
01-09-2025,Karnataka,Bengaluru,560029,6,0,2,8.000000000000055
01-09-2025,Karnataka,Bengaluru,560033,1,0,0,0.99999999999998
01-09-2025,Karnataka,Bengaluru,560034,1,1,0,1.999999999999955
01-09-2025,Karnataka,Bengaluru,560035,2,1,4,6.999999999999918
01-09-2025,Karnataka,Bengaluru,560038,0,1,0,0.999999999999934
01-09-2025,Karnataka,Bengaluru,560047,0,1,0,0.999999999999934
01-09-2025,Karnataka,Bengaluru,560092,3,0,2,4.999999999999993
01-09-2025,Karnataka,Bidar,585401,1,0,0,0.99999999999998
01-09-2025,Karnataka,Bidar,585416,0,1,0,0.999999999999934
01-09-2025,Karnataka,Bijapur,586102,1,0,0,0.99999999999998
01-09-2025,Karnataka,Bijapur,586111,2,0,0,2.000000000000001
01-09-2025,Karnataka,Bijapur,586208,0,3,0,2.9999999999998836
01-09-2025,Karnataka,Bijapur,586217,5,1,0,6.000000000000038
01-09-2025,Karnataka,Bijapur,586245,2,0,0,2.000000000000001
01-09-2025,Karnataka,Chamarajanagar,571127,1,0,0,0.99999999999998
01-09-2025,Karnataka,Chamarajanagar,571342,1,0,0,0.99999999999998
01-09-2025,Karnataka,Chamrajanagar,571439,3,0,0,3.0000000000000218
01-09-2025,Karnataka,Chamrajanagar,571457,1,0,0,0.99999999999998
01-09-2025,Karnataka,Chamrajnagar,571117,1,0,0,0.99999999999998
01-09-2025,Karnataka,Chickmagalur,577124,1,0,0,0.99999999999998
01-09-2025,Karnataka,Chickmagalur,577138,1,0,0,0.99999999999998
01-09-2025,Karnataka,Chickmagalur,577548,4,1,0,5.000000000000018
01-09-2025,Karnataka,Chikkaballapur,561208,7,0,0,7.000000000000105
01-09-2025,Karnataka,Chikkaballapur,561210,2,0,0,2.000000000000001
01-09-2025,Karnataka,Chikkaballapur,562101,7,1,0,8.00000000000008
01-09-2025,Karnataka,Chikkaballapur,562102,2,0,0,2.000000000000001
01-09-2025,Karnataka,Chikkaballapur,562104,5,0,0,5.000000000000064
01-09-2025,Karnataka,Chikkaballapur,563123,1,0,0,0.99999999999998
01-09-2025,Karnataka,Chikkaballapur,563125,12,0,0,12.00000000000021
01-09-2025,Karnataka,Chikkamagaluru,577101,1,0,1,1.9999999999999654
01-09-2025,Karnataka,Chikkamagaluru,577120,1,0,0,0.99999999999998
01-09-2025,Karnataka,Chikkamagaluru,577146,1,0,0,0.99999999999998
01-09-2025,Karnataka,Chikmagalur,577101,1,0,0,0.99999999999998
01-09-2025,Karnataka,Chitradurga,577533,1,1,0,1.999999999999955
01-09-2025,Karnataka,Chitradurga,577543,4,2,0,5.999999999999993
01-09-2025,Karnataka,Chitradurga,577557,2,0,0,2.000000000000001
01-09-2025,Karnataka,Chitradurga,577598,4,0,0,4.000000000000043
01-09-2025,Karnataka,Dakshina Kannada,574146,1,0,0,0.99999999999998
01-09-2025,Karnataka,Dakshina Kannada,574210,1,0,0,0.99999999999998
01-09-2025,Karnataka,Dakshina Kannada,574218,1,0,0,0.99999999999998
01-09-2025,Karnataka,Dakshina Kannada,574279,4,1,0,5.000000000000018
01-09-2025,Karnataka,Dakshina Kannada,575001,1,0,0,0.99999999999998
01-09-2025,Karnataka,Dakshina Kannada,575009,1,0,0,0.99999999999998
01-09-2025,Karnataka,Dakshina Kannada,575023,1,0,0,0.99999999999998
01-09-2025,Karnataka,Davanagere,577006,1,0,0,0.99999999999998
01-09-2025,Karnataka,Davanagere,577530,0,1,0,0.999999999999934
01-09-2025,Karnataka,Davangere,577004,3,1,0,3.9999999999999964
01-09-2025,Karnataka,Davangere,577224,11,0,0,11.000000000000188
01-09-2025,Karnataka,Davangere,577516,2,0,0,2.000000000000001
01-09-2025,Karnataka,Davangere,577551,0,1,0,0.999999999999934
01-09-2025,Karnataka,Davangere,577553,3,0,0,3.0000000000000218
01-09-2025,Karnataka,Dharwad,580001,5,1,0,6.000000000000038
01-09-2025,Karnataka,Dharwad,580026,1,0,0,0.99999999999998
01-09-2025,Karnataka,Dharwad,582208,3,0,0,3.0000000000000218
01-09-2025,Karnataka,Gadag,582113,10,0,0,10.000000000000169
01-09-2025,Karnataka,Gadag,582114,1,0,0,0.99999999999998
01-09-2025,Karnataka,Gadag,582116,10,3,0,13.000000000000092
01-09-2025,Karnataka,Gadag,582117,3,0,0,3.0000000000000218
01-09-2025,Karnataka,Gadag,582202,1,0,0,0.99999999999998
01-09-2025,Karnataka,Gadag,582204,1,0,0,0.99999999999998
01-09-2025,Karnataka,Gadag,582210,1,0,0,0.99999999999998
01-09-2025,Karnataka,Gadag *,582116,1,1,0,1.999999999999955
01-09-2025,Karnataka,Gulbarga,585103,1,0,0,0.99999999999998
01-09-2025,Karnataka,Gulbarga,585228,4,2,0,5.999999999999993
01-09-2025,Karnataka,Gulbarga,585236,1,0,0,0.99999999999998
01-09-2025,Karnataka,Gulbarga,585310,11,0,0,11.000000000000188
01-09-2025,Karnataka,Hassan,573113,1,1,0,1.999999999999955
01-09-2025,Karnataka,Hassan,573219,4,0,0,4.000000000000043
01-09-2025,Karnataka,Haveri,581210,1,0,0,0.99999999999998
01-09-2025,Karnataka,Haveri,581213,7,0,0,7.000000000000105
01-09-2025,Karnataka,Kalaburagi,585103,7,0,0,7.000000000000105
01-09-2025,Karnataka,Kalaburagi,585104,8,2,0,10.000000000000076
01-09-2025,Karnataka,Kalaburagi,585213,1,1,0,1.999999999999955
01-09-2025,Karnataka,Kalaburagi,585222,1,0,0,0.99999999999998
01-09-2025,Karnataka,Kalaburagi,585265,1,0,0,0.99999999999998
01-09-2025,Karnataka,Kalaburagi,585301,2,3,0,4.999999999999925
01-09-2025,Karnataka,Kalaburagi,585305,2,0,0,2.000000000000001
01-09-2025,Karnataka,Kalaburagi,585313,3,0,0,3.0000000000000218
01-09-2025,Karnataka,Kodagu,571252,1,1,0,1.999999999999955
01-09-2025,Karnataka,Kolar,563120,2,0,0,2.000000000000001
01-09-2025,Karnataka,Kolar,563132,2,1,0,2.999999999999976
01-09-2025,Karnataka,Kolar,563133,1,0,0,0.99999999999998
01-09-2025,Karnataka,Kolar,563160,5,0,0,5.000000000000064
01-09-2025,Karnataka,Koppal,583227,11,0,0,11.000000000000188
01-09-2025,Karnataka,Koppal,583236,7,1,0,8.00000000000008
01-09-2025,Karnataka,Koppal,583278,2,1,0,2.999999999999976
01-09-2025,Karnataka,Koppal,583283,6,4,0,9.999999999999984
01-09-2025,Karnataka,Koppal,584121,0,1,0,0.999999999999934
01-09-2025,Karnataka,Mandya,571401,2,2,0,3.9999999999999507
01-09-2025,Karnataka,Mandya,571404,1,0,0,0.99999999999998
01-09-2025,Karnataka,Mandya,571405,3,0,0,3.0000000000000218
01-09-2025,Karnataka,Mandya,571416,1,0,0,0.99999999999998
01-09-2025,Karnataka,Mandya,571418,1,0,0,0.99999999999998
01-09-2025,Karnataka,Mandya,571422,6,0,0,6.000000000000084
01-09-2025,Karnataka,Mandya,571433,1,0,0,0.99999999999998
01-09-2025,Karnataka,Mandya,571438,1,0,0,0.99999999999998
01-09-2025,Karnataka,Mysore,571107,1,0,0,0.99999999999998
01-09-2025,Karnataka,Mysore,571118,2,0,0,2.000000000000001
01-09-2025,Karnataka,Mysore,571119,1,0,0,0.99999999999998
01-09-2025,Karnataka,Mysore,571189,2,0,0,2.000000000000001
01-09-2025,Karnataka,Mysore,571610,1,0,0,0.99999999999998
01-09-2025,Karnataka,Mysuru,570007,3,0,0,3.0000000000000218
01-09-2025,Karnataka,Mysuru,570017,3,0,0,3.0000000000000218
01-09-2025,Karnataka,Mysuru,570022,1,0,0,0.99999999999998
01-09-2025,Karnataka,Mysuru,571107,4,0,0,4.000000000000043
01-09-2025,Karnataka,Mysuru,571114,5,0,0,5.000000000000064
01-09-2025,Karnataka,Raichur,584101,7,1,0,8.00000000000008
01-09-2025,Karnataka,Raichur,584116,11,11,0,21.999999999999915
01-09-2025,Karnataka,Raichur,584120,6,1,0,7.0000000000000595
01-09-2025,Karnataka,Raichur,584125,8,1,1,10.000000000000087
01-09-2025,Karnataka,Raichur,584134,0,1,0,0.999999999999934
01-09-2025,Karnataka,Raichur,584139,1,2,0,2.99999999999993
01-09-2025,Karnataka,Raichur,584202,3,0,0,3.0000000000000218
01-09-2025,Karnataka,Ramanagar,561101,1,0,0,0.99999999999998
01-09-2025,Karnataka,Ramanagar,561201,3,1,0,3.9999999999999964
01-09-2025,Karnataka,Ramanagar,562112,1,0,0,0.99999999999998
01-09-2025,Karnataka,Ramanagar,562117,6,1,0,7.0000000000000595
01-09-2025,Karnataka,Ramanagar,562128,1,1,0,1.999999999999955
01-09-2025,Karnataka,Shimoga,577203,1,0,0,0.99999999999998
01-09-2025,Karnataka,Shimoga,577227,2,0,0,2.000000000000001
01-09-2025,Karnataka,Shimoga,577401,1,0,0,0.99999999999998
01-09-2025,Karnataka,Shimoga,577413,3,1,0,3.9999999999999964
01-09-2025,Karnataka,Shimoga,577427,3,1,0,3.9999999999999964
01-09-2025,Karnataka,Shimoga,577450,2,0,0,2.000000000000001
01-09-2025,Karnataka,Shivamogga,577205,1,0,0,0.99999999999998
01-09-2025,Karnataka,Shivamogga,577227,2,2,0,3.9999999999999507
01-09-2025,Karnataka,Shivamogga,577302,0,1,0,0.999999999999934
01-09-2025,Karnataka,Shivamogga,577433,1,0,0,0.99999999999998
01-09-2025,Karnataka,Tumakuru,572102,1,0,0,0.99999999999998
01-09-2025,Karnataka,Tumakuru,572114,1,0,0,0.99999999999998
01-09-2025,Karnataka,Tumakuru,572120,1,0,0,0.99999999999998
01-09-2025,Karnataka,Tumakuru,572227,1,0,0,0.99999999999998
01-09-2025,Karnataka,Tumkur,572107,1,0,0,0.99999999999998
01-09-2025,Karnataka,Tumkur,572111,2,0,0,2.000000000000001
01-09-2025,Karnataka,Tumkur,572112,3,0,0,3.0000000000000218
01-09-2025,Karnataka,Tumkur,572124,1,0,0,0.99999999999998
01-09-2025,Karnataka,Tumkur,572218,1,0,0,0.99999999999998
01-09-2025,Karnataka,Udupi,574106,2,1,0,2.999999999999976
01-09-2025,Karnataka,Udupi,574108,1,0,0,0.99999999999998
01-09-2025,Karnataka,Udupi,574110,1,0,0,0.99999999999998
01-09-2025,Karnataka,Udupi,574111,2,0,0,2.000000000000001
01-09-2025,Karnataka,Udupi,576103,2,1,0,2.999999999999976
01-09-2025,Karnataka,Udupi,576105,2,0,0,2.000000000000001
01-09-2025,Karnataka,Udupi,576112,1,0,0,0.99999999999998
01-09-2025,Karnataka,Uttara Kannada,581319,1,0,0,0.99999999999998
01-09-2025,Karnataka,Uttara Kannada,581320,3,2,0,4.999999999999972
01-09-2025,Karnataka,Uttara Kannada,581333,1,0,0,0.99999999999998
01-09-2025,Karnataka,Uttara Kannada,581334,2,0,0,2.000000000000001
01-09-2025,Karnataka,Uttara Kannada,581339,2,0,0,2.000000000000001
01-09-2025,Karnataka,Uttara Kannada,581412,2,0,0,2.000000000000001
01-09-2025,Karnataka,Uttara Kannada,581421,1,0,0,0.99999999999998
01-09-2025,Karnataka,Uttara Kannada,581440,1,0,0,0.99999999999998
01-09-2025,Karnataka,Vijayanagara,583130,3,3,1,6.9999999999999325
01-09-2025,Karnataka,Vijayanagara,583218,3,1,0,3.9999999999999964
01-09-2025,Karnataka,Vijayanagara,583222,1,0,0,0.99999999999998
01-09-2025,Karnataka,Vijayapura,586103,1,1,0,1.999999999999955
01-09-2025,Karnataka,Vijayapura,586111,0,1,0,0.999999999999934
01-09-2025,Karnataka,Vijayapura,586115,0,1,0,0.999999999999934
01-09-2025,Karnataka,Vijayapura,586125,3,1,0,3.9999999999999964
01-09-2025,Karnataka,Yadgir,585214,3,0,0,3.0000000000000218
01-09-2025,Karnataka,Yadgir,585215,8,7,1,15.999999999999936
01-09-2025,Karnataka,Yadgir,585220,4,0,0,4.000000000000043
01-09-2025,Karnataka,Yadgir,585287,6,2,0,8.000000000000034
01-09-2025,Karnataka,Yadgir,585291,3,2,0,4.999999999999972
01-09-2025,Karnataka,Yadgir,585304,1,0,0,0.99999999999998
01-09-2025,Karnataka,Yadgir,585315,1,1,0,1.999999999999955
01-09-2025,Karnataka,Yadgir,585355,2,0,0,2.000000000000001
01-04-2025,Karnataka,Bengaluru,560036,204,34,29,267.00000000000296
01-04-2025,Karnataka,Bengaluru,560032,311,46,25,382.00000000000495
01-04-2025,Karnataka,Bengaluru,560047,150,11,12,173.00000000000264
01-04-2025,Karnataka,Bengaluru,560077,218,38,41,297.00000000000296
01-04-2025,Karnataka,Bengaluru,560029,102,23,17,142.00000000000128
01-05-2025,Karnataka,Bengaluru,560048,48,51,27,125.99999999999928
01-05-2025,Karnataka,Bengaluru,560091,163,46,17,226.00000000000196
01-05-2025,Karnataka,Bengaluru,560032,118,57,25,200.00000000000063
01-05-2025,Karnataka,Bengaluru,560029,42,26,14,81.99999999999999
01-05-2025,Karnataka,Bengaluru,560099,80,60,18,157.9999999999999
01-05-2025,Karnataka,Bengaluru,560036,74,71,24,168.9999999999994
01-05-2025,Karnataka,Bengaluru,560068,164,120,80,363.9999999999992
01-06-2025,Karnataka,Bengaluru Urban,560098,52,18,19,89.00000000000033
01-06-2025,Karnataka,Bengaluru Urban,560029,67,27,19,113.00000000000041
01-06-2025,Karnataka,Bengaluru Rural,560067,210,142,149,500.99999999999864
01-06-2025,Karnataka,Bengaluru Urban,560045,329,120,24,473.00000000000347
01-06-2025,Karnataka,Bengaluru Urban,560084,83,40,13,136.0000000000005
01-06-2025,Karnataka,Bengaluru Urban,560064,313,156,44,513.0000000000019
01-06-2025,Karnataka,Bengaluru Urban,560068,278,231,167,675.9999999999976
01-06-2025,Karnataka,Bengaluru Urban,560016,188,128,80,395.99999999999955
01-06-2025,Karnataka,Bengaluru Urban,560103,45,61,96,201.99999999999798
01-07-2025,Karnataka,Bengaluru Urban,560068,394,263,147,803.9999999999994
01-07-2025,Karnataka,Bengaluru Rural,560087,153,98,88,338.9999999999994
01-07-2025,Karnataka,Bengaluru Urban,562157,42,13,14,69.0000000000003
01-07-2025,Karnataka,Bengaluru Urban,560058,186,62,19,267.000000000002
01-07-2025,Karnataka,Bengaluru Urban,560077,217,136,89,441.9999999999998
01-07-2025,Karnataka,Bengaluru Urban,560004,109,55,11,175.0000000000007
01-07-2025,Karnataka,Bengaluru Urban,560048,106,83,51,239.99999999999935
01-07-2025,Karnataka,Mysuru,571105,261,100,11,372.00000000000273
01-07-2025,Karnataka,Bengaluru Urban,560001,61,30,14,105.00000000000028
01-07-2025,Karnataka,Bengaluru Urban,562106,113,34,11,158.0000000000013
01-07-2025,Karnataka,Bengaluru Urban,560037,121,137,142,399.999999999997
01-07-2025,Karnataka,Ramanagara,562160,168,24,12,204.0000000000027
09-03-2025,Karnataka,Bengaluru Urban,560043,14,33,39,85.99999999999885
20-03-2025,Karnataka,Bengaluru Urban,560037,20,16,17,52.99999999999972
20-03-2025,Karnataka,Bengaluru Urban,560068,56,20,16,92.0000000000004
01-04-2025,Karnataka,Bengaluru,560103,67,24,37,128.00000000000023
01-04-2025,Karnataka,Bengaluru,560066,162,38,55,255.0000000000016
01-04-2025,Karnataka,Bengaluru,560076,193,50,36,279.00000000000216
01-04-2025,Karnataka,Mysuru,570019,456,19,10,485.0000000000088
01-04-2025,Karnataka,Bengaluru,560049,183,25,15,223.00000000000293
01-04-2025,Karnataka,Bengaluru,560061,194,23,16,233.0000000000032
03-09-2025,Karnataka,Bagalkot,587111,5,1,0,6.000000000000038
03-09-2025,Karnataka,Bagalkot,587119,10,2,0,12.000000000000117
03-09-2025,Karnataka,Bagalkot,587120,0,1,0,0.999999999999934
03-09-2025,Karnataka,Bagalkot,587122,13,0,0,13.000000000000231
03-09-2025,Karnataka,Bagalkot,587207,0,1,0,0.999999999999934
03-09-2025,Karnataka,Bagalkot,587311,5,0,0,5.000000000000064
03-09-2025,Karnataka,Bagalkot,587330,2,1,0,2.999999999999976
03-09-2025,Karnataka,Bagalkot *,587103,2,0,0,2.000000000000001
03-09-2025,Karnataka,Bagalkot *,587313,1,2,0,2.99999999999993
03-09-2025,Karnataka,Ballari,583119,2,0,0,2.000000000000001
03-09-2025,Karnataka,Ballari,583120,5,0,1,6.00000000000005
03-09-2025,Karnataka,Ballari,583130,1,0,0,0.99999999999998
03-09-2025,Karnataka,Ballari,583132,1,0,0,0.99999999999998
03-09-2025,Karnataka,Ballari,583219,2,0,0,2.000000000000001
03-09-2025,Karnataka,Bangalore,560002,0,1,0,0.999999999999934
03-09-2025,Karnataka,Bangalore,560016,6,0,0,6.000000000000084
03-09-2025,Karnataka,Bangalore,560035,1,0,0,0.99999999999998
03-09-2025,Karnataka,Bangalore,560041,2,0,0,2.000000000000001
03-09-2025,Karnataka,Bangalore,560043,2,1,0,2.999999999999976
03-09-2025,Karnataka,Bangalore,560051,0,2,0,1.999999999999909
03-09-2025,Karnataka,Bangalore,560062,3,0,0,3.0000000000000218
03-09-2025,Karnataka,Bangalore,560079,2,0,0,2.000000000000001
03-09-2025,Karnataka,Bangalore,560086,1,0,0,0.99999999999998
03-09-2025,Karnataka,Bangalore,560098,1,0,0,0.99999999999998
03-09-2025,Karnataka,Bangalore,560102,1,0,0,0.99999999999998
03-09-2025,Karnataka,Bangalore,562130,1,0,0,0.99999999999998
03-09-2025,Karnataka,Bangalore Rural,560049,3,0,0,3.0000000000000218
03-09-2025,Karnataka,Bangalore Rural,560067,1,0,0,0.99999999999998
03-09-2025,Karnataka,Bangalore Rural,561204,3,0,0,3.0000000000000218
03-09-2025,Karnataka,Belagavi,590010,1,1,0,1.999999999999955
03-09-2025,Karnataka,Belagavi,590014,3,0,0,3.0000000000000218
03-09-2025,Karnataka,Belagavi,591101,1,0,0,0.99999999999998
03-09-2025,Karnataka,Belagavi,591104,3,0,0,3.0000000000000218
03-09-2025,Karnataka,Belagavi,591108,2,1,0,2.999999999999976
03-09-2025,Karnataka,Belagavi,591115,2,0,0,2.000000000000001
03-09-2025,Karnataka,Belagavi,591130,3,1,0,3.9999999999999964
03-09-2025,Karnataka,Belagavi,591217,2,1,0,2.999999999999976
03-09-2025,Karnataka,Belagavi,591221,1,0,0,0.99999999999998
03-09-2025,Karnataka,Belagavi,591222,0,2,0,1.999999999999909
03-09-2025,Karnataka,Belagavi,591234,1,0,0,0.99999999999998
03-09-2025,Karnataka,Belagavi,591236,1,0,0,0.99999999999998
03-09-2025,Karnataka,Belagavi,591312,2,0,0,2.000000000000001
03-09-2025,Karnataka,Belgaum,590005,0,1,0,0.999999999999934
03-09-2025,Karnataka,Belgaum,590008,2,0,0,2.000000000000001
03-09-2025,Karnataka,Belgaum,591103,1,0,0,0.99999999999998
03-09-2025,Karnataka,Belgaum,591104,1,0,0,0.99999999999998
03-09-2025,Karnataka,Belgaum,591109,1,0,0,0.99999999999998
03-09-2025,Karnataka,Belgaum,591115,2,0,0,2.000000000000001
03-09-2025,Karnataka,Belgaum,591117,6,1,0,7.0000000000000595
03-09-2025,Karnataka,Belgaum,591122,3,0,0,3.0000000000000218
03-09-2025,Karnataka,Belgaum,591124,2,0,0,2.000000000000001
03-09-2025,Karnataka,Belgaum,591125,0,1,0,0.999999999999934
03-09-2025,Karnataka,Belgaum,591127,1,0,0,0.99999999999998
03-09-2025,Karnataka,Belgaum,591143,2,0,0,2.000000000000001
03-09-2025,Karnataka,Belgaum,591224,1,0,0,0.99999999999998
03-09-2025,Karnataka,Belgaum,591226,3,0,0,3.0000000000000218
03-09-2025,Karnataka,Belgaum,591243,3,0,0,3.0000000000000218
03-09-2025,Karnataka,Belgaum,591248,4,2,0,5.999999999999993
03-09-2025,Karnataka,Belgaum,591304,3,0,0,3.0000000000000218
03-09-2025,Karnataka,Belgaum,591307,3,0,0,3.0000000000000218
03-09-2025,Karnataka,Bellary,583111,0,1,0,0.999999999999934
03-09-2025,Karnataka,Bellary,583119,4,0,0,4.000000000000043
03-09-2025,Karnataka,Bellary,583122,2,1,0,2.999999999999976
03-09-2025,Karnataka,Bellary,583128,7,2,0,9.000000000000055
03-09-2025,Karnataka,Bellary,583135,1,0,0,0.99999999999998
03-09-2025,Karnataka,Bellary,583215,1,0,0,0.99999999999998
03-09-2025,Karnataka,Bellary,583216,2,0,0,2.000000000000001
03-09-2025,Karnataka,Bengaluru,560006,1,0,0,0.99999999999998
03-09-2025,Karnataka,Bengaluru,560019,0,1,0,0.999999999999934
03-09-2025,Karnataka,Bengaluru,560026,2,0,0,2.000000000000001
03-09-2025,Karnataka,Bengaluru,560027,2,0,0,2.000000000000001
03-09-2025,Karnataka,Bengaluru,560049,3,0,0,3.0000000000000218
03-09-2025,Karnataka,Bengaluru,560057,1,0,0,0.99999999999998
03-09-2025,Karnataka,Bengaluru,560064,3,1,0,3.9999999999999964
03-09-2025,Karnataka,Bengaluru,560067,1,2,4,6.999999999999872
03-09-2025,Karnataka,Bengaluru,560103,0,1,0,0.999999999999934
03-09-2025,Karnataka,Bengaluru,560108,1,0,0,0.99999999999998
03-09-2025,Karnataka,Bengaluru,562107,3,1,0,3.9999999999999964
03-09-2025,Karnataka,Bidar,585227,0,2,0,1.999999999999909
03-09-2025,Karnataka,Bidar,585326,3,3,0,5.999999999999947
03-09-2025,Karnataka,Bidar,585328,10,1,0,11.000000000000142
03-09-2025,Karnataka,Bidar,585413,2,0,0,2.000000000000001
03-09-2025,Karnataka,Bidar,585414,2,0,0,2.000000000000001
03-09-2025,Karnataka,Bidar,585443,3,1,0,3.9999999999999964
03-09-2025,Karnataka,Bijapur,586102,1,0,0,0.99999999999998
03-09-2025,Karnataka,Bijapur,586116,1,0,0,0.99999999999998
03-09-2025,Karnataka,Bijapur,586121,1,0,0,0.99999999999998
03-09-2025,Karnataka,Bijapur,586130,4,0,0,4.000000000000043
03-09-2025,Karnataka,Bijapur,586211,2,1,0,2.999999999999976
03-09-2025,Karnataka,Chamrajanagar,571128,1,0,0,0.99999999999998
03-09-2025,Karnataka,Chamrajnagar,571313,1,0,0,0.99999999999998
03-09-2025,Karnataka,Chickmagalur,577228,1,0,0,0.99999999999998
03-09-2025,Karnataka,Chickmagalur,577548,5,0,0,5.000000000000064
03-09-2025,Karnataka,Chikkaballapur,562101,1,0,0,0.99999999999998
03-09-2025,Karnataka,Chikkaballapur,562104,1,0,0,0.99999999999998
03-09-2025,Karnataka,Chikkaballapur,563146,3,0,0,3.0000000000000218
03-09-2025,Karnataka,Chikkamagaluru,577180,1,0,0,0.99999999999998
03-09-2025,Karnataka,Chikkamagaluru,577550,2,0,0,2.000000000000001
03-09-2025,Karnataka,Chikmagalur,577168,1,0,0,0.99999999999998
03-09-2025,Karnataka,Chikmagalur,577548,1,0,0,0.99999999999998
03-09-2025,Karnataka,Chitradurga,577511,2,0,0,2.000000000000001
03-09-2025,Karnataka,Chitradurga,577521,2,0,0,2.000000000000001
03-09-2025,Karnataka,Chitradurga,577522,4,0,0,4.000000000000043
03-09-2025,Karnataka,Chitradurga,577524,5,0,0,5.000000000000064
03-09-2025,Karnataka,Chitradurga,577536,3,0,0,3.0000000000000218
03-09-2025,Karnataka,Chitradurga,577538,1,0,0,0.99999999999998
03-09-2025,Karnataka,Chitradurga,577542,1,0,0,0.99999999999998
03-09-2025,Karnataka,Dakshina Kannada,574198,1,0,0,0.99999999999998
03-09-2025,Karnataka,Dakshina Kannada,574202,3,0,0,3.0000000000000218
03-09-2025,Karnataka,Dakshina Kannada,574210,4,0,0,4.000000000000043
03-09-2025,Karnataka,Dakshina Kannada,574214,4,0,0,4.000000000000043
03-09-2025,Karnataka,Dakshina Kannada,574216,2,0,0,2.000000000000001
03-09-2025,Karnataka,Dakshina Kannada,574239,0,1,0,0.999999999999934
03-09-2025,Karnataka,Dakshina Kannada,574253,2,0,0,2.000000000000001
03-09-2025,Karnataka,Dakshina Kannada,575001,1,0,0,0.99999999999998
03-09-2025,Karnataka,Dakshina Kannada,575003,1,0,0,0.99999999999998
03-09-2025,Karnataka,Dakshina Kannada,575005,2,0,0,2.000000000000001
03-09-2025,Karnataka,Dakshina Kannada,575015,5,0,0,5.000000000000064
03-09-2025,Karnataka,Dakshina Kannada,575018,2,0,0,2.000000000000001
03-09-2025,Karnataka,Dakshina Kannada,575023,2,0,0,2.000000000000001
03-09-2025,Karnataka,Dakshina Kannada,575025,1,0,0,0.99999999999998
03-09-2025,Karnataka,Davangere,577213,6,1,0,7.0000000000000595
03-09-2025,Karnataka,Davangere,577224,3,0,0,3.0000000000000218
03-09-2025,Karnataka,Davangere,577528,6,1,0,7.0000000000000595
03-09-2025,Karnataka,Davangere,577530,1,0,0,0.99999999999998
03-09-2025,Karnataka,Davangere,577553,2,0,0,2.000000000000001
03-09-2025,Karnataka,Davangere,577589,2,0,0,2.000000000000001
03-09-2025,Karnataka,Dharwad,580001,2,0,0,2.000000000000001
03-09-2025,Karnataka,Dharwad,580004,1,0,0,0.99999999999998
03-09-2025,Karnataka,Dharwad,580020,5,1,0,6.000000000000038
03-09-2025,Karnataka,Dharwad,580028,5,0,0,5.000000000000064
03-09-2025,Karnataka,Dharwad,580114,3,0,0,3.0000000000000218
03-09-2025,Karnataka,Dharwad,581117,2,0,0,2.000000000000001
03-09-2025,Karnataka,Dharwad,581212,2,0,0,2.000000000000001
03-09-2025,Karnataka,Gadag,582101,10,0,0,10.000000000000169
03-09-2025,Karnataka,Gadag,582102,4,1,1,6.0000000000000036
03-09-2025,Karnataka,Gadag,582116,2,0,0,2.000000000000001
03-09-2025,Karnataka,Gadag,582118,4,2,0,5.999999999999993
03-09-2025,Karnataka,Gadag,582205,1,0,0,0.99999999999998
03-09-2025,Karnataka,Gadag,582207,6,0,0,6.000000000000084
03-09-2025,Karnataka,Gadag *,582207,1,0,0,0.99999999999998
03-09-2025,Karnataka,Gulbarga,585101,3,1,0,3.9999999999999964
03-09-2025,Karnataka,Gulbarga,585103,3,1,0,3.9999999999999964
03-09-2025,Karnataka,Gulbarga,585213,1,0,0,0.99999999999998
03-09-2025,Karnataka,Gulbarga,585302,1,0,0,0.99999999999998
03-09-2025,Karnataka,Gulbarga,585306,0,1,0,0.999999999999934
03-09-2025,Karnataka,Gulbarga,585310,4,2,0,5.999999999999993
03-09-2025,Karnataka,Hasan,573130,2,0,0,2.000000000000001
03-09-2025,Karnataka,Hasan,573162,1,0,0,0.99999999999998
03-09-2025,Karnataka,Hassan,573116,3,1,0,3.9999999999999964
03-09-2025,Karnataka,Hassan,573130,1,0,0,0.99999999999998
03-09-2025,Karnataka,Hassan,573211,6,1,0,7.0000000000000595
03-09-2025,Karnataka,Haveri,581202,5,0,0,5.000000000000064
03-09-2025,Karnataka,Haveri,581203,2,0,0,2.000000000000001
03-09-2025,Karnataka,Haveri *,581115,1,0,0,0.99999999999998
03-09-2025,Karnataka,Kalaburagi,585210,1,0,0,0.99999999999998
03-09-2025,Karnataka,Kalaburagi,585228,6,1,0,7.0000000000000595
03-09-2025,Karnataka,Kalaburagi,585265,0,2,0,1.999999999999909
03-09-2025,Karnataka,Kalaburagi,585313,5,2,0,7.000000000000013
03-09-2025,Karnataka,Kolar,563113,1,0,0,0.99999999999998
03-09-2025,Karnataka,Kolar,563114,6,1,0,7.0000000000000595
03-09-2025,Karnataka,Kolar,563115,1,0,0,0.99999999999998
03-09-2025,Karnataka,Kolar,563116,2,0,0,2.000000000000001
03-09-2025,Karnataka,Kolar,563131,10,0,0,10.000000000000169
03-09-2025,Karnataka,Kolar,563136,2,3,0,4.999999999999925
03-09-2025,Karnataka,Kolar,563137,2,1,0,2.999999999999976
03-09-2025,Karnataka,Koppal,583234,2,0,0,2.000000000000001
03-09-2025,Karnataka,Koppal,583238,2,3,0,4.999999999999925
03-09-2025,Karnataka,Koppal,583283,4,1,0,5.000000000000018
03-09-2025,Karnataka,Mandya,571403,2,0,0,2.000000000000001
03-09-2025,Karnataka,Mandya,571404,1,0,0,0.99999999999998
03-09-2025,Karnataka,Mandya,571802,1,0,0,0.99999999999998
03-09-2025,Karnataka,Mysore,571103,2,0,0,2.000000000000001
03-09-2025,Karnataka,Mysore,571121,1,0,0,0.99999999999998
03-09-2025,Karnataka,Mysore,571187,1,0,0,0.99999999999998
03-09-2025,Karnataka,Mysore,571301,1,0,0,0.99999999999998
03-09-2025,Karnataka,Mysore,571316,1,0,0,0.99999999999998
03-09-2025,Karnataka,Mysuru,570015,4,0,0,4.000000000000043
03-09-2025,Karnataka,Mysuru,570019,3,0,0,3.0000000000000218
03-09-2025,Karnataka,Mysuru,570029,1,0,0,0.99999999999998
03-09-2025,Karnataka,Mysuru,571114,1,0,1,1.9999999999999654
03-09-2025,Karnataka,Mysuru,571312,2,0,1,2.9999999999999862
03-09-2025,Karnataka,Mysuru,571315,1,0,0,0.99999999999998
03-09-2025,Karnataka,Raichur,584101,9,0,0,9.000000000000147
03-09-2025,Karnataka,Raichur,584123,6,2,0,8.000000000000034
03-09-2025,Karnataka,Raichur,584138,2,0,0,2.000000000000001
03-09-2025,Karnataka,Raichur,584203,0,1,0,0.999999999999934
03-09-2025,Karnataka,Ramanagar,561101,5,0,0,5.000000000000064
03-09-2025,Karnataka,Ramanagar,561201,3,0,0,3.0000000000000218
03-09-2025,Karnataka,Ramanagar,562126,1,0,0,0.99999999999998
03-09-2025,Karnataka,Ramanagar,562138,1,0,0,0.99999999999998
03-09-2025,Karnataka,Ramanagar,562159,4,14,0,17.999999999999687
03-09-2025,Karnataka,Shimoga,577243,1,0,0,0.99999999999998
03-09-2025,Karnataka,Shimoga,577302,2,0,0,2.000000000000001
03-09-2025,Karnataka,Shimoga,577423,2,0,0,2.000000000000001
03-09-2025,Karnataka,Shimoga,577426,0,1,0,0.999999999999934
03-09-2025,Karnataka,Shimoga,577428,1,0,0,0.99999999999998
03-09-2025,Karnataka,Shimoga,577432,1,0,0,0.99999999999998
03-09-2025,Karnataka,Shivamogga,577302,1,0,0,0.99999999999998
03-09-2025,Karnataka,Shivamogga,577450,1,0,0,0.99999999999998
03-09-2025,Karnataka,Tumakuru,572107,1,0,0,0.99999999999998
03-09-2025,Karnataka,Tumakuru,572122,1,1,0,1.999999999999955
03-09-2025,Karnataka,Tumakuru,572130,4,0,0,4.000000000000043
03-09-2025,Karnataka,Tumakuru,572201,4,0,0,4.000000000000043
03-09-2025,Karnataka,Tumakuru,572228,0,0,2,1.99999999999993
03-09-2025,Karnataka,Tumkur,572106,2,0,0,2.000000000000001
03-09-2025,Karnataka,Tumkur,572123,1,0,0,0.99999999999998
03-09-2025,Karnataka,Tumkur,572125,1,0,0,0.99999999999998
03-09-2025,Karnataka,Tumkur,572139,2,0,0,2.000000000000001
03-09-2025,Karnataka,Tumkur,572142,1,0,0,0.99999999999998
03-09-2025,Karnataka,Tumkur,572215,1,0,0,0.99999999999998
03-09-2025,Karnataka,Udupi,574107,1,0,0,0.99999999999998
03-09-2025,Karnataka,Udupi,576216,2,0,0,2.000000000000001
03-09-2025,Karnataka,Udupi,576226,1,0,0,0.99999999999998
03-09-2025,Karnataka,Uttara Kannada,581303,1,0,0,0.99999999999998
03-09-2025,Karnataka,Uttara Kannada,581340,1,0,0,0.99999999999998
03-09-2025,Karnataka,Uttara Kannada,581346,1,0,0,0.99999999999998
03-09-2025,Karnataka,Vijayanagara,583126,1,0,0,0.99999999999998
03-09-2025,Karnataka,Vijayapura,586111,1,0,0,0.99999999999998
03-09-2025,Karnataka,Vijayapura,586118,3,1,0,3.9999999999999964
03-09-2025,Karnataka,Vijayapura,586124,3,1,1,4.999999999999982
03-09-2025,Karnataka,Vijayapura,586125,5,0,0,5.000000000000064
03-09-2025,Karnataka,Vijayapura,586204,2,1,0,2.999999999999976
03-09-2025,Karnataka,Yadgir,585216,4,1,0,5.000000000000018
03-09-2025,Karnataka,yadgir,585215,1,0,0,0.99999999999998
02-09-2025,Karnataka,Bagalkot,587101,2,1,0,2.999999999999976
02-09-2025,Karnataka,Bagalkot,587103,4,0,0,4.000000000000043
02-09-2025,Karnataka,Bagalkot,587118,2,1,0,2.999999999999976
02-09-2025,Karnataka,Bagalkot,587119,3,2,1,5.999999999999957
02-09-2025,Karnataka,Bagalkot,587125,7,1,0,8.00000000000008
02-09-2025,Karnataka,Bagalkot,587155,1,0,0,0.99999999999998
02-09-2025,Karnataka,Bagalkot,587156,0,1,0,0.999999999999934
02-09-2025,Karnataka,Bagalkot,587206,4,1,0,5.000000000000018
02-09-2025,Karnataka,Bagalkot *,587116,1,0,0,0.99999999999998
02-09-2025,Karnataka,Ballari,583123,5,0,0,5.000000000000064
02-09-2025,Karnataka,Ballari,583129,3,0,0,3.0000000000000218
02-09-2025,Karnataka,Ballari,583214,1,1,0,1.999999999999955
02-09-2025,Karnataka,Ballari,583221,1,0,0,0.99999999999998
02-09-2025,Karnataka,Bangalore,560022,1,1,0,1.999999999999955
02-09-2025,Karnataka,Bangalore,560026,1,0,0,0.99999999999998
02-09-2025,Karnataka,Bangalore,560029,2,0,0,2.000000000000001
02-09-2025,Karnataka,Bangalore,560043,1,0,0,0.99999999999998
02-09-2025,Karnataka,Bangalore,560068,1,0,0,0.99999999999998
02-09-2025,Karnataka,Bangalore,560072,0,1,0,0.999999999999934
02-09-2025,Karnataka,Bangalore,560077,2,2,0,3.9999999999999507
02-09-2025,Karnataka,Bangalore,560079,2,0,0,2.000000000000001
02-09-2025,Karnataka,Bangalore,560085,1,1,0,1.999999999999955
02-09-2025,Karnataka,Bangalore,560091,1,0,0,0.99999999999998
02-09-2025,Karnataka,Bangalore,560093,0,1,0,0.999999999999934
02-09-2025,Karnataka,Bangalore,560094,2,0,0,2.000000000000001
02-09-2025,Karnataka,Bangalore,560097,0,1,0,0.999999999999934
02-09-2025,Karnataka,Bangalore,560100,1,0,0,0.99999999999998
02-09-2025,Karnataka,Bangalore Rural,560049,2,0,0,2.000000000000001
02-09-2025,Karnataka,Bangalore Rural,562114,10,0,0,10.000000000000169
02-09-2025,Karnataka,Belagavi,590001,2,0,0,2.000000000000001
02-09-2025,Karnataka,Belagavi,590005,1,0,0,0.99999999999998
02-09-2025,Karnataka,Belagavi,590010,2,0,0,2.000000000000001
02-09-2025,Karnataka,Belagavi,590016,4,0,0,4.000000000000043
02-09-2025,Karnataka,Belagavi,590018,1,0,0,0.99999999999998
02-09-2025,Karnataka,Belagavi,591101,1,0,0,0.99999999999998
02-09-2025,Karnataka,Belagavi,591104,5,1,0,6.000000000000038
02-09-2025,Karnataka,Belagavi,591106,3,0,0,3.0000000000000218
02-09-2025,Karnataka,Belagavi,591125,1,0,0,0.99999999999998
02-09-2025,Karnataka,Belagavi,591129,1,0,0,0.99999999999998
02-09-2025,Karnataka,Belagavi,591147,2,0,0,2.000000000000001
02-09-2025,Karnataka,Belagavi,591212,0,1,0,0.999999999999934
02-09-2025,Karnataka,Belagavi,591215,1,0,0,0.99999999999998
02-09-2025,Karnataka,Belagavi,591219,1,0,0,0.99999999999998
02-09-2025,Karnataka,Belagavi,591228,1,0,0,0.99999999999998
02-09-2025,Karnataka,Belagavi,591248,1,0,0,0.99999999999998
02-09-2025,Karnataka,Belagavi,591302,0,0,1,0.9999999999999446
02-09-2025,Karnataka,Belagavi,591307,4,0,0,4.000000000000043
02-09-2025,Karnataka,Belgaum,591103,1,0,0,0.99999999999998
02-09-2025,Karnataka,Belgaum,591112,1,0,0,0.99999999999998
02-09-2025,Karnataka,Belgaum,591118,0,1,0,0.999999999999934
02-09-2025,Karnataka,Belgaum,591147,1,0,0,0.99999999999998
02-09-2025,Karnataka,Belgaum,591153,2,0,0,2.000000000000001
02-09-2025,Karnataka,Belgaum,591156,2,0,0,2.000000000000001
02-09-2025,Karnataka,Belgaum,591201,2,0,0,2.000000000000001
02-09-2025,Karnataka,Belgaum,591213,1,1,0,1.999999999999955
02-09-2025,Karnataka,Belgaum,591224,3,0,0,3.0000000000000218
02-09-2025,Karnataka,Belgaum,591231,4,0,0,4.000000000000043
02-09-2025,Karnataka,Belgaum,591234,1,0,0,0.99999999999998
02-09-2025,Karnataka,Belgaum,591236,1,0,0,0.99999999999998
02-09-2025,Karnataka,Belgaum,591240,2,1,0,2.999999999999976
02-09-2025,Karnataka,Belgaum,591247,1,0,0,0.99999999999998
02-09-2025,Karnataka,Belgaum,591306,1,0,0,0.99999999999998
02-09-2025,Karnataka,Belgaum,591307,1,1,0,1.999999999999955
02-09-2025,Karnataka,Bellary,583126,2,0,0,2.000000000000001
02-09-2025,Karnataka,Bellary,583135,1,0,0,0.99999999999998
02-09-2025,Karnataka,Bellary,583201,7,0,0,7.000000000000105
02-09-2025,Karnataka,Bellary,583214,1,0,0,0.99999999999998
02-09-2025,Karnataka,Bellary,583220,2,2,0,3.9999999999999507
02-09-2025,Karnataka,Bengaluru,560016,4,2,0,5.999999999999993
02-09-2025,Karnataka,Bengaluru,560018,3,0,0,3.0000000000000218
02-09-2025,Karnataka,Bengaluru,560019,1,0,0,0.99999999999998
02-09-2025,Karnataka,Bengaluru,560020,1,0,0,0.99999999999998
02-09-2025,Karnataka,Bengaluru,560022,2,0,0,2.000000000000001
02-09-2025,Karnataka,Bengaluru,560032,5,2,1,7.999999999999998
02-09-2025,Karnataka,Bengaluru,560033,2,1,0,2.999999999999976
02-09-2025,Karnataka,Bengaluru,560041,2,1,0,2.999999999999976
02-09-2025,Karnataka,Bengaluru,560056,2,0,0,2.000000000000001
02-09-2025,Karnataka,Bengaluru,560057,2,0,0,2.000000000000001
02-09-2025,Karnataka,Bengaluru,560064,8,1,1,10.000000000000087
02-09-2025,Karnataka,Bengaluru,560068,9,5,6,19.999999999999936
02-09-2025,Karnataka,Bengaluru,560070,2,0,0,2.000000000000001
02-09-2025,Karnataka,Bengaluru,560086,3,1,0,3.9999999999999964
02-09-2025,Karnataka,Bengaluru,560098,1,0,0,0.99999999999998
02-09-2025,Karnataka,Bengaluru,560099,3,0,0,3.0000000000000218
02-09-2025,Karnataka,Bengaluru,560103,1,0,0,0.99999999999998
02-09-2025,Karnataka,Bengaluru,560105,2,0,0,2.000000000000001
02-09-2025,Karnataka,Bengaluru,562125,1,1,1,2.9999999999999405
02-09-2025,Karnataka,Bidar,585402,4,0,0,4.000000000000043
02-09-2025,Karnataka,Bidar,585411,1,0,0,0.99999999999998
02-09-2025,Karnataka,Bidar,585412,3,1,0,3.9999999999999964
02-09-2025,Karnataka,Bidar,585436,2,0,0,2.000000000000001
02-09-2025,Karnataka,Bijapur,586108,2,0,0,2.000000000000001
02-09-2025,Karnataka,Bijapur,586112,1,2,0,2.99999999999993
02-09-2025,Karnataka,Bijapur,586115,0,1,0,0.999999999999934
02-09-2025,Karnataka,Bijapur,586116,1,0,0,0.99999999999998
02-09-2025,Karnataka,Bijapur,586121,3,0,0,3.0000000000000218
02-09-2025,Karnataka,Bijapur,586127,0,1,0,0.999999999999934
02-09-2025,Karnataka,Bijapur,586129,3,1,0,3.9999999999999964
02-09-2025,Karnataka,Bijapur,586204,3,2,0,4.999999999999972
02-09-2025,Karnataka,Bijapur,586205,5,0,0,5.000000000000064
02-09-2025,Karnataka,Bijapur,586208,2,0,0,2.000000000000001
02-09-2025,Karnataka,Bijapur,586217,2,2,0,3.9999999999999507
02-09-2025,Karnataka,Chamrajanagar,571117,1,0,0,0.99999999999998
02-09-2025,Karnataka,Chamrajanagar,571126,1,0,0,0.99999999999998
02-09-2025,Karnataka,Chamrajanagar,571444,2,1,0,2.999999999999976
02-09-2025,Karnataka,Chikkaballapur,561206,1,0,0,0.99999999999998
02-09-2025,Karnataka,Chikkaballapur,562105,2,0,0,2.000000000000001
02-09-2025,Karnataka,Chikkamagaluru,577129,1,0,0,0.99999999999998
02-09-2025,Karnataka,Chikkamagaluru,577136,0,1,0,0.999999999999934
02-09-2025,Karnataka,Chitradurga,577517,2,0,0,2.000000000000001
02-09-2025,Karnataka,Chitradurga,577524,2,0,0,2.000000000000001
02-09-2025,Karnataka,Chitradurga,577527,6,1,0,7.0000000000000595
02-09-2025,Karnataka,Chitradurga,577532,1,0,0,0.99999999999998
02-09-2025,Karnataka,Chitradurga,577537,3,0,1,4.000000000000007
02-09-2025,Karnataka,Chitradurga,577540,3,0,0,3.0000000000000218
02-09-2025,Karnataka,Chitradurga,577541,1,1,0,1.999999999999955
02-09-2025,Karnataka,Chitradurga,577554,2,0,0,2.000000000000001
02-09-2025,Karnataka,Dakshina Kannada,574154,2,0,0,2.000000000000001
02-09-2025,Karnataka,Dakshina Kannada,574198,1,1,0,1.999999999999955
02-09-2025,Karnataka,Dakshina Kannada,574211,3,0,0,3.0000000000000218
02-09-2025,Karnataka,Dakshina Kannada,574220,0,1,0,0.999999999999934
02-09-2025,Karnataka,Dakshina Kannada,574221,1,0,0,0.99999999999998
02-09-2025,Karnataka,Dakshina Kannada,574260,1,0,0,0.99999999999998
02-09-2025,Karnataka,Dakshina Kannada,574279,1,0,0,0.99999999999998
02-09-2025,Karnataka,Dakshina Kannada,574323,2,1,0,2.999999999999976
02-09-2025,Karnataka,Dakshina Kannada,575020,3,0,0,3.0000000000000218
02-09-2025,Karnataka,Dakshina Kannada,575030,2,0,0,2.000000000000001
02-09-2025,Karnataka,Davanagere,577006,1,0,0,0.99999999999998
02-09-2025,Karnataka,Davanagere,577528,2,0,0,2.000000000000001
02-09-2025,Karnataka,Davangere,577213,2,1,0,2.999999999999976
02-09-2025,Karnataka,Davangere,577215,2,0,0,2.000000000000001
02-09-2025,Karnataka,Davangere,577223,1,0,0,0.99999999999998
02-09-2025,Karnataka,Davangere,577513,1,0,0,0.99999999999998
02-09-2025,Karnataka,Davangere,577514,2,0,0,2.000000000000001
02-09-2025,Karnataka,Davangere,577534,2,0,0,2.000000000000001
02-09-2025,Karnataka,Davangere,577553,1,1,0,1.999999999999955
02-09-2025,Karnataka,Davangere,583125,1,0,0,0.99999999999998
02-09-2025,Karnataka,Davangere,583137,5,0,0,5.000000000000064
02-09-2025,Karnataka,Dharwad,580001,4,1,0,5.000000000000018
02-09-2025,Karnataka,Dharwad,580004,1,0,0,0.99999999999998
02-09-2025,Karnataka,Dharwad,580112,3,0,0,3.0000000000000218
02-09-2025,Karnataka,Dharwad,582208,1,0,0,0.99999999999998
02-09-2025,Karnataka,Gadag,582103,4,1,0,5.000000000000018
02-09-2025,Karnataka,Gadag,582111,1,0,0,0.99999999999998
02-09-2025,Karnataka,Gadag,582112,2,2,0,3.9999999999999507
02-09-2025,Karnataka,Gadag,582116,2,0,0,2.000000000000001
02-09-2025,Karnataka,Gadag,582118,8,3,0,11.000000000000052
02-09-2025,Karnataka,Gadag,582119,4,0,0,4.000000000000043
02-09-2025,Karnataka,Gadag,582206,2,0,0,2.000000000000001
02-09-2025,Karnataka,Gulbarga,585101,2,0,0,2.000000000000001
02-09-2025,Karnataka,Gulbarga,585222,3,0,0,3.0000000000000218
02-09-2025,Karnataka,Gulbarga,585311,2,0,0,2.000000000000001
02-09-2025,Karnataka,Gulbarga,585322,2,1,0,2.999999999999976
02-09-2025,Karnataka,Hasan,573112,1,0,0,0.99999999999998
02-09-2025,Karnataka,Hasan,573130,1,0,0,0.99999999999998
02-09-2025,Karnataka,Hassan,573121,0,2,0,1.999999999999909
02-09-2025,Karnataka,Hassan,573202,2,0,0,2.000000000000001
02-09-2025,Karnataka,Hassan,573213,1,0,0,0.99999999999998
02-09-2025,Karnataka,Hassan,573214,1,0,0,0.99999999999998
02-09-2025,Karnataka,Haveri,581111,1,0,0,0.99999999999998
02-09-2025,Karnataka,Haveri,581120,4,0,1,5.000000000000028
02-09-2025,Karnataka,Haveri,581203,1,0,0,0.99999999999998
02-09-2025,Karnataka,Haveri *,581110,1,0,0,0.99999999999998
02-09-2025,Karnataka,Haveri *,581115,2,1,0,2.999999999999976
02-09-2025,Karnataka,Kalaburagi,585102,7,0,0,7.000000000000105
02-09-2025,Karnataka,Kalaburagi,585228,6,0,0,6.000000000000084
02-09-2025,Karnataka,Kalaburagi,585265,1,3,0,3.9999999999999045
02-09-2025,Karnataka,Kalaburagi,585301,2,2,0,3.9999999999999507
02-09-2025,Karnataka,Kalaburagi,585303,1,0,0,0.99999999999998
02-09-2025,Karnataka,Kalaburagi,585307,1,0,0,0.99999999999998
02-09-2025,Karnataka,Kalaburagi,585325,2,1,0,2.999999999999976
02-09-2025,Karnataka,Kodagu,571201,3,0,1,4.000000000000007
02-09-2025,Karnataka,Kodagu,571214,1,0,0,0.99999999999998
02-09-2025,Karnataka,Kolar,563114,3,1,1,4.999999999999982
02-09-2025,Karnataka,Kolar,563122,2,0,0,2.000000000000001
02-09-2025,Karnataka,Kolar,563130,6,3,0,9.000000000000009
02-09-2025,Karnataka,Kolar,563136,4,0,0,4.000000000000043
02-09-2025,Karnataka,Kolar,563162,3,0,0,3.0000000000000218
02-09-2025,Karnataka,Koppal,583226,6,0,0,6.000000000000084
02-09-2025,Karnataka,Koppal,583232,6,2,0,8.000000000000034
02-09-2025,Karnataka,Koppal,583279,6,0,0,6.000000000000084
02-09-2025,Karnataka,Koppal,583283,3,2,0,4.999999999999972
02-09-2025,Karnataka,Mandya,571419,1,0,0,0.99999999999998
02-09-2025,Karnataka,Mandya,571421,2,0,0,2.000000000000001
02-09-2025,Karnataka,Mandya,571428,1,0,0,0.99999999999998
02-09-2025,Karnataka,Mandya,571446,1,0,0,0.99999999999998
02-09-2025,Karnataka,Mandya,571455,1,0,0,0.99999999999998
02-09-2025,Karnataka,Mandya,571463,1,0,0,0.99999999999998
02-09-2025,Karnataka,Mandya,571807,1,0,0,0.99999999999998
02-09-2025,Karnataka,Mandya,571811,2,0,0,2.000000000000001
02-09-2025,Karnataka,Mysore,570016,1,0,0,0.99999999999998
02-09-2025,Karnataka,Mysore,571114,0,1,0,0.999999999999934
02-09-2025,Karnataka,Mysore,571124,2,0,0,2.000000000000001
02-09-2025,Karnataka,Mysore,571314,2,0,0,2.000000000000001
02-09-2025,Karnataka,Mysore,571617,1,0,0,0.99999999999998
02-09-2025,Karnataka,Mysuru,570007,1,0,0,0.99999999999998
02-09-2025,Karnataka,Mysuru,570008,3,0,0,3.0000000000000218
02-09-2025,Karnataka,Mysuru,570015,1,0,0,0.99999999999998
02-09-2025,Karnataka,Mysuru,570018,1,0,0,0.99999999999998
02-09-2025,Karnataka,Mysuru,570019,4,1,0,5.000000000000018
02-09-2025,Karnataka,Mysuru,570024,1,0,0,0.99999999999998
02-09-2025,Karnataka,Mysuru,571122,1,0,0,0.99999999999998
02-09-2025,Karnataka,Mysuru,571125,1,0,0,0.99999999999998
02-09-2025,Karnataka,Mysuru,571129,1,0,0,0.99999999999998
02-09-2025,Karnataka,Mysuru,571130,1,0,0,0.99999999999998
02-09-2025,Karnataka,Mysuru,571601,1,0,0,0.99999999999998
02-09-2025,Karnataka,Raichur,584103,2,0,0,2.000000000000001
02-09-2025,Karnataka,Raichur,584111,18,2,0,20.000000000000284
02-09-2025,Karnataka,Raichur,584123,0,2,0,1.999999999999909
02-09-2025,Karnataka,Raichur,584133,2,1,0,2.999999999999976
02-09-2025,Karnataka,Raichur,584136,1,0,0,0.99999999999998
02-09-2025,Karnataka,Ramanagar,562112,3,1,0,3.9999999999999964
02-09-2025,Karnataka,Ramanagar,562128,0,1,0,0.999999999999934
02-09-2025,Karnataka,Shimoga,577201,0,1,0,0.999999999999934
02-09-2025,Karnataka,Shimoga,577418,0,1,0,0.999999999999934
02-09-2025,Karnataka,Shimoga,577423,2,1,0,2.999999999999976
02-09-2025,Karnataka,Shivamogga,577202,5,0,0,5.000000000000064
02-09-2025,Karnataka,Shivamogga,577214,2,0,0,2.000000000000001
02-09-2025,Karnataka,Shivamogga,577413,0,1,0,0.999999999999934
02-09-2025,Karnataka,Shivamogga,577416,1,0,0,0.99999999999998
02-09-2025,Karnataka,Shivamogga,577426,1,0,0,0.99999999999998
02-09-2025,Karnataka,Shivamogga,577429,2,0,0,2.000000000000001
02-09-2025,Karnataka,Tumakuru,572118,1,0,0,0.99999999999998
02-09-2025,Karnataka,Tumakuru,572120,3,0,1,4.000000000000007
02-09-2025,Karnataka,Tumakuru,572129,1,0,0,0.99999999999998
02-09-2025,Karnataka,Tumakuru,572175,1,0,0,0.99999999999998
02-09-2025,Karnataka,Tumakuru,572222,1,0,0,0.99999999999998
02-09-2025,Karnataka,Tumakuru,572228,1,0,0,0.99999999999998
02-09-2025,Karnataka,Tumkur,572117,1,0,0,0.99999999999998
02-09-2025,Karnataka,Tumkur,572118,1,0,0,0.99999999999998
02-09-2025,Karnataka,Tumkur,572124,0,1,0,0.999999999999934
02-09-2025,Karnataka,Tumkur,572137,4,0,0,4.000000000000043
02-09-2025,Karnataka,Tumkur,572216,1,0,0,0.99999999999998
02-09-2025,Karnataka,Udupi,574105,2,1,0,2.999999999999976
02-09-2025,Karnataka,Udupi,574106,4,0,0,4.000000000000043
02-09-2025,Karnataka,Udupi,574114,3,0,0,3.0000000000000218
02-09-2025,Karnataka,Udupi,576102,1,0,0,0.99999999999998
02-09-2025,Karnataka,Udupi,576108,2,0,0,2.000000000000001
02-09-2025,Karnataka,Udupi,576113,1,0,0,0.99999999999998
02-09-2025,Karnataka,Udupi,576210,2,0,0,2.000000000000001
02-09-2025,Karnataka,Udupi,576211,3,1,0,3.9999999999999964
02-09-2025,Karnataka,Udupi,576215,1,0,0,0.99999999999998
02-09-2025,Karnataka,Udupi,576217,1,0,0,0.99999999999998
02-09-2025,Karnataka,Udupi,576229,2,0,0,2.000000000000001
02-09-2025,Karnataka,Udupi,576283,2,0,0,2.000000000000001
02-09-2025,Karnataka,Uttara Kannada,581336,1,0,0,0.99999999999998
02-09-2025,Karnataka,Uttara Kannada,581349,2,0,0,2.000000000000001
02-09-2025,Karnataka,Uttara Kannada,581350,1,0,0,0.99999999999998
02-09-2025,Karnataka,Uttara Kannada,581353,2,0,0,2.000000000000001
02-09-2025,Karnataka,Uttara Kannada,581362,1,0,0,0.99999999999998
02-09-2025,Karnataka,Uttara Kannada,581365,1,0,0,0.99999999999998
02-09-2025,Karnataka,Vijayanagara,583126,2,0,0,2.000000000000001
02-09-2025,Karnataka,Vijayanagara,583135,0,2,0,1.999999999999909
02-09-2025,Karnataka,Vijayanagara,583136,1,0,0,0.99999999999998
02-09-2025,Karnataka,Vijayanagara,583222,3,1,0,3.9999999999999964
02-09-2025,Karnataka,Vijayapura,586128,5,2,0,7.000000000000013
02-09-2025,Karnataka,Vijayapura,586203,4,2,2,7.9999999999999645
02-09-2025,Karnataka,Vijayapura,586206,1,0,1,1.9999999999999654
02-09-2025,Karnataka,Vijayapura,586212,3,0,0,3.0000000000000218
02-09-2025,Karnataka,Vijayapura,586214,1,0,0,0.99999999999998
02-09-2025,Karnataka,Vijayapura,586216,4,0,0,4.000000000000043
02-09-2025,Karnataka,Vijayapura,586245,4,2,0,5.999999999999993
02-09-2025,Karnataka,Yadgir,585202,4,1,0,5.000000000000018
02-09-2025,Karnataka,Yadgir,585223,8,3,0,11.000000000000052
02-09-2025,Karnataka,yadgir,585224,2,0,0,2.000000000000001
05-09-2025,Karnataka,Bagalkot,587117,4,0,0,4.000000000000043
05-09-2025,Karnataka,Bagalkot,587201,1,0,0,0.99999999999998
05-09-2025,Karnataka,Bagalkot,587313,2,0,0,2.000000000000001
05-09-2025,Karnataka,Bangalore,560039,1,0,0,0.99999999999998
05-09-2025,Karnataka,Bangalore,560045,0,1,0,0.999999999999934
05-09-2025,Karnataka,Bangalore,560068,3,0,0,3.0000000000000218
05-09-2025,Karnataka,Bangalore,560070,1,0,0,0.99999999999998
05-09-2025,Karnataka,Bangalore,560089,1,0,0,0.99999999999998
05-09-2025,Karnataka,Bangalore,562107,2,0,0,2.000000000000001
05-09-2025,Karnataka,Bangalore Rural,562114,1,0,0,0.99999999999998
05-09-2025,Karnataka,Bangalore Rural,562129,1,0,0,0.99999999999998
05-09-2025,Karnataka,Belagavi,590003,2,0,0,2.000000000000001
05-09-2025,Karnataka,Belagavi,591213,1,0,0,0.99999999999998
05-09-2025,Karnataka,Belgaum,590003,2,0,0,2.000000000000001
05-09-2025,Karnataka,Belgaum,591213,1,0,0,0.99999999999998
05-09-2025,Karnataka,Belgaum,591242,0,1,0,0.999999999999934
05-09-2025,Karnataka,Belgaum,591248,3,0,0,3.0000000000000218
05-09-2025,Karnataka,Belgaum,591304,4,0,0,4.000000000000043
05-09-2025,Karnataka,Bengaluru,560021,1,0,0,0.99999999999998
05-09-2025,Karnataka,Bengaluru,560036,0,1,1,1.9999999999999196
05-09-2025,Karnataka,Bengaluru,560040,1,1,0,1.999999999999955
05-09-2025,Karnataka,Bengaluru,560048,5,1,1,7.000000000000024
05-09-2025,Karnataka,Bengaluru,560068,2,0,0,2.000000000000001
05-09-2025,Karnataka,Bengaluru,560077,3,0,0,3.0000000000000218
05-09-2025,Karnataka,Bengaluru,560115,0,1,0,0.999999999999934
05-09-2025,Karnataka,Bengaluru,562106,2,0,0,2.000000000000001
05-09-2025,Karnataka,Bidar,585403,0,1,0,0.999999999999934
05-09-2025,Karnataka,Bijapur,586214,0,1,0,0.999999999999934
05-09-2025,Karnataka,Bijapur,586215,1,0,0,0.99999999999998
05-09-2025,Karnataka,Chitradurga,577522,1,0,0,0.99999999999998
05-09-2025,Karnataka,Dakshina Kannada,575014,0,1,0,0.999999999999934
05-09-2025,Karnataka,Davangere,577004,2,3,0,4.999999999999925
05-09-2025,Karnataka,Davangere,577005,1,0,0,0.99999999999998
05-09-2025,Karnataka,Dharwad,580112,1,0,0,0.99999999999998
05-09-2025,Karnataka,Gulbarga,585236,1,0,0,0.99999999999998
05-09-2025,Karnataka,Haveri,581106,1,0,0,0.99999999999998
05-09-2025,Karnataka,Haveri,581126,1,0,0,0.99999999999998
05-09-2025,Karnataka,Kalaburagi,585212,1,0,0,0.99999999999998
05-09-2025,Karnataka,Kalaburagi,585228,1,0,0,0.99999999999998
05-09-2025,Karnataka,Kalaburagi,585313,0,1,0,0.999999999999934
05-09-2025,Karnataka,Kolar,563116,1,0,0,0.99999999999998
05-09-2025,Karnataka,Koppal,583228,1,0,0,0.99999999999998
05-09-2025,Karnataka,Koppal,583277,1,0,0,0.99999999999998
05-09-2025,Karnataka,Koppal,583280,1,0,0,0.99999999999998
05-09-2025,Karnataka,Mysore,571116,4,1,0,5.000000000000018
05-09-2025,Karnataka,Mysuru,570014,1,0,0,0.99999999999998
05-09-2025,Karnataka,Mysuru,571311,1,0,0,0.99999999999998
05-09-2025,Karnataka,Ramanagar,562120,1,0,0,0.99999999999998
05-09-2025,Karnataka,Tumkur,572104,1,0,0,0.99999999999998
05-09-2025,Karnataka,Tumkur,572141,0,1,0,0.999999999999934
05-09-2025,Karnataka,Uttara Kannada,581315,1,0,0,0.99999999999998
05-09-2025,Karnataka,Uttara Kannada,581329,1,0,0,0.99999999999998
05-09-2025,Karnataka,Vijayanagara,583136,1,0,0,0.99999999999998
05-09-2025,Karnataka,Vijayapura,586103,1,0,0,0.99999999999998
05-09-2025,Karnataka,Vijayapura,586129,0,1,0,0.999999999999934
06-09-2025,Karnataka,Bagalkot,587101,0,1,0,0.999999999999934
06-09-2025,Karnataka,Bagalkot,587115,5,0,0,5.000000000000064
06-09-2025,Karnataka,Bagalkot,587119,2,1,0,2.999999999999976
06-09-2025,Karnataka,Bagalkot,587122,3,2,0,4.999999999999972
06-09-2025,Karnataka,Bagalkot,587155,2,1,0,2.999999999999976
06-09-2025,Karnataka,Bagalkot,587201,5,1,0,6.000000000000038
06-09-2025,Karnataka,Bagalkot,587203,4,1,0,5.000000000000018
06-09-2025,Karnataka,Bagalkot,587206,2,4,0,5.9999999999999005
06-09-2025,Karnataka,Bagalkot,587312,1,0,0,0.99999999999998
06-09-2025,Karnataka,Bagalkot,587330,4,1,0,5.000000000000018
06-09-2025,Karnataka,Ballari,583115,2,0,0,2.000000000000001
06-09-2025,Karnataka,Ballari,583117,1,0,0,0.99999999999998
06-09-2025,Karnataka,Ballari,583123,1,1,0,1.999999999999955
06-09-2025,Karnataka,Ballari,583124,1,0,0,0.99999999999998
06-09-2025,Karnataka,Ballari,583128,4,1,0,5.000000000000018
06-09-2025,Karnataka,Ballari,583129,2,0,0,2.000000000000001
06-09-2025,Karnataka,Ballari,583201,2,0,0,2.000000000000001
06-09-2025,Karnataka,Bangalore,560017,2,0,0,2.000000000000001
06-09-2025,Karnataka,Bangalore,560018,1,1,0,1.999999999999955
06-09-2025,Karnataka,Bangalore,560049,2,0,0,2.000000000000001
06-09-2025,Karnataka,Bangalore,560060,0,1,0,0.999999999999934
06-09-2025,Karnataka,Bangalore,560068,1,0,0,0.99999999999998
06-09-2025,Karnataka,Bangalore,560079,4,0,0,4.000000000000043
06-09-2025,Karnataka,Bangalore,560092,1,0,0,0.99999999999998
06-09-2025,Karnataka,Bangalore,562123,2,0,0,2.000000000000001
06-09-2025,Karnataka,Bangalore,562149,1,0,0,0.99999999999998
06-09-2025,Karnataka,Bangalore Rural,560049,3,1,0,3.9999999999999964
06-09-2025,Karnataka,Bangalore Rural,562123,2,0,0,2.000000000000001
06-09-2025,Karnataka,Belagavi,590006,1,1,0,1.999999999999955
06-09-2025,Karnataka,Belagavi,590010,3,0,0,3.0000000000000218
06-09-2025,Karnataka,Belagavi,591101,2,0,0,2.000000000000001
06-09-2025,Karnataka,Belagavi,591103,2,0,0,2.000000000000001
06-09-2025,Karnataka,Belagavi,591111,1,0,0,0.99999999999998
06-09-2025,Karnataka,Belagavi,591112,2,0,0,2.000000000000001
06-09-2025,Karnataka,Belagavi,591117,1,0,0,0.99999999999998
06-09-2025,Karnataka,Belagavi,591225,1,0,0,0.99999999999998
06-09-2025,Karnataka,Belagavi,591227,0,1,0,0.999999999999934
06-09-2025,Karnataka,Belagavi,591228,1,0,0,0.99999999999998
06-09-2025,Karnataka,Belagavi,591230,1,0,0,0.99999999999998
06-09-2025,Karnataka,Belagavi,591301,1,0,0,0.99999999999998
06-09-2025,Karnataka,Belagavi,591302,1,0,0,0.99999999999998
06-09-2025,Karnataka,Belagavi,591307,4,2,0,5.999999999999993
06-09-2025,Karnataka,Belgaum,590016,3,0,0,3.0000000000000218
06-09-2025,Karnataka,Belgaum,591117,3,0,0,3.0000000000000218
06-09-2025,Karnataka,Belgaum,591124,0,1,0,0.999999999999934
06-09-2025,Karnataka,Belgaum,591147,1,0,0,0.99999999999998
06-09-2025,Karnataka,Belgaum,591213,1,0,0,0.99999999999998
06-09-2025,Karnataka,Belgaum,591216,1,0,0,0.99999999999998
06-09-2025,Karnataka,Belgaum,591228,3,1,0,3.9999999999999964
06-09-2025,Karnataka,Belgaum,591301,1,1,0,1.999999999999955
06-09-2025,Karnataka,Bellary,583115,3,0,0,3.0000000000000218
06-09-2025,Karnataka,Bellary,583117,1,0,0,0.99999999999998
06-09-2025,Karnataka,Bellary,583122,2,0,0,2.000000000000001
06-09-2025,Karnataka,Bellary,583126,2,0,0,2.000000000000001
06-09-2025,Karnataka,Bellary,583128,4,2,0,5.999999999999993
06-09-2025,Karnataka,Bellary,583129,1,1,0,1.999999999999955
06-09-2025,Karnataka,Bellary,583214,2,0,0,2.000000000000001
06-09-2025,Karnataka,Bellary,583222,3,0,0,3.0000000000000218
06-09-2025,Karnataka,Bengaluru,560002,2,0,0,2.000000000000001
06-09-2025,Karnataka,Bengaluru,560034,0,1,0,0.999999999999934
06-09-2025,Karnataka,Bengaluru,560040,3,0,0,3.0000000000000218
06-09-2025,Karnataka,Bengaluru,560045,7,1,0,8.00000000000008
06-09-2025,Karnataka,Bengaluru,560056,2,0,0,2.000000000000001
06-09-2025,Karnataka,Bengaluru,560058,2,0,0,2.000000000000001
06-09-2025,Karnataka,Bengaluru,560060,3,3,0,5.999999999999947
06-09-2025,Karnataka,Bengaluru,560067,8,2,2,12.000000000000048
06-09-2025,Karnataka,Bengaluru,560070,2,0,0,2.000000000000001
06-09-2025,Karnataka,Bengaluru,560076,3,4,2,8.999999999999893
06-09-2025,Karnataka,Bengaluru,560082,1,0,0,0.99999999999998
06-09-2025,Karnataka,Bengaluru,560083,6,1,0,7.0000000000000595
06-09-2025,Karnataka,Bengaluru,560084,0,0,1,0.9999999999999446
06-09-2025,Karnataka,Bengaluru,560094,3,1,0,3.9999999999999964
06-09-2025,Karnataka,Bengaluru,560109,0,1,0,0.999999999999934
06-09-2025,Karnataka,Bengaluru,562125,1,0,0,0.99999999999998
06-09-2025,Karnataka,Bidar,585413,2,0,0,2.000000000000001
06-09-2025,Karnataka,Bidar,585417,0,1,0,0.999999999999934
06-09-2025,Karnataka,Bijapur,586101,4,0,0,4.000000000000043
06-09-2025,Karnataka,Bijapur,586209,1,0,0,0.99999999999998
06-09-2025,Karnataka,Bijapur,586245,1,0,0,0.99999999999998
06-09-2025,Karnataka,Chamrajanagar,571111,3,0,0,3.0000000000000218
06-09-2025,Karnataka,Chamrajanagar,571117,1,0,0,0.99999999999998
06-09-2025,Karnataka,Chamrajanagar,571127,4,0,0,4.000000000000043
06-09-2025,Karnataka,Chamrajanagar,571316,1,0,0,0.99999999999998
06-09-2025,Karnataka,Chamrajnagar,571111,1,0,0,0.99999999999998
06-09-2025,Karnataka,Chamrajnagar,571313,1,0,0,0.99999999999998
06-09-2025,Karnataka,Chamrajnagar,571439,1,0,0,0.99999999999998
06-09-2025,Karnataka,Chickmagalur,577228,1,0,0,0.99999999999998
06-09-2025,Karnataka,Chickmagalur,577550,1,0,0,0.99999999999998
06-09-2025,Karnataka,Chikkaballapur,561206,2,0,0,2.000000000000001
06-09-2025,Karnataka,Chikkaballapur,561207,2,0,0,2.000000000000001
06-09-2025,Karnataka,Chikkaballapur,562101,2,1,0,2.999999999999976
06-09-2025,Karnataka,Chikkaballapur,563128,1,1,0,1.999999999999955
06-09-2025,Karnataka,Chikkamagaluru,577101,3,1,0,3.9999999999999964
06-09-2025,Karnataka,Chikkamagaluru,577111,2,0,0,2.000000000000001
06-09-2025,Karnataka,Chikkamagaluru,577548,1,0,0,0.99999999999998
06-09-2025,Karnataka,Chitradurga,577597,1,0,0,0.99999999999998
06-09-2025,Karnataka,Dakshina Kannada,574197,4,0,0,4.000000000000043
06-09-2025,Karnataka,Dakshina Kannada,574201,0,1,0,0.999999999999934
06-09-2025,Karnataka,Dakshina Kannada,574218,1,0,0,0.99999999999998
06-09-2025,Karnataka,Dakshina Kannada,574219,2,0,0,2.000000000000001
06-09-2025,Karnataka,Dakshina Kannada,574229,1,0,0,0.99999999999998
06-09-2025,Karnataka,Dakshina Kannada,574232,0,0,1,0.9999999999999446
06-09-2025,Karnataka,Dakshina Kannada,574265,1,0,0,0.99999999999998
06-09-2025,Karnataka,Dakshina Kannada,574324,1,0,0,0.99999999999998
06-09-2025,Karnataka,Dakshina Kannada,575028,1,0,0,0.99999999999998
06-09-2025,Karnataka,Davanagere,577551,1,0,0,0.99999999999998
06-09-2025,Karnataka,Davangere,577218,1,1,0,1.999999999999955
06-09-2025,Karnataka,Davangere,577221,2,0,1,2.9999999999999862
06-09-2025,Karnataka,Davangere,577544,1,0,0,0.99999999999998
06-09-2025,Karnataka,Dharwad,580032,0,1,0,0.999999999999934
06-09-2025,Karnataka,Dharwad,580114,3,0,0,3.0000000000000218
06-09-2025,Karnataka,Dharwad,580118,3,0,0,3.0000000000000218
06-09-2025,Karnataka,Gadag,582101,2,1,0,2.999999999999976
06-09-2025,Karnataka,Gadag,582115,4,0,0,4.000000000000043
06-09-2025,Karnataka,Gadag,582118,2,1,0,2.999999999999976
06-09-2025,Karnataka,Gadag,582207,3,0,0,3.0000000000000218
06-09-2025,Karnataka,Gadag *,582101,2,0,0,2.000000000000001
06-09-2025,Karnataka,Gadag *,582118,1,0,0,0.99999999999998
06-09-2025,Karnataka,Gulbarga,585211,5,0,0,5.000000000000064
06-09-2025,Karnataka,Gulbarga,585214,2,1,0,2.999999999999976
06-09-2025,Karnataka,Gulbarga,585228,2,1,0,2.999999999999976
06-09-2025,Karnataka,Gulbarga,585317,0,1,0,0.999999999999934
06-09-2025,Karnataka,Hasan,573118,1,0,0,0.99999999999998
06-09-2025,Karnataka,Hasan,573122,1,0,0,0.99999999999998
06-09-2025,Karnataka,Hassan,573113,1,0,0,0.99999999999998
06-09-2025,Karnataka,Hassan,573201,2,0,0,2.000000000000001
06-09-2025,Karnataka,Hassan,573211,1,0,0,0.99999999999998
06-09-2025,Karnataka,Haveri,581102,1,0,0,0.99999999999998
06-09-2025,Karnataka,Haveri,581104,6,0,0,6.000000000000084
06-09-2025,Karnataka,Haveri,581112,1,0,0,0.99999999999998
06-09-2025,Karnataka,Haveri,581148,4,0,0,4.000000000000043
06-09-2025,Karnataka,Haveri,581202,3,0,0,3.0000000000000218
06-09-2025,Karnataka,Haveri,581213,2,0,0,2.000000000000001
06-09-2025,Karnataka,Haveri *,581111,1,0,0,0.99999999999998
06-09-2025,Karnataka,Kalaburagi,585103,9,2,0,11.000000000000098
06-09-2025,Karnataka,Kalaburagi,585311,2,0,0,2.000000000000001
06-09-2025,Karnataka,Kalaburagi,585318,1,2,0,2.99999999999993
06-09-2025,Karnataka,Kalaburagi,585322,1,0,0,0.99999999999998
06-09-2025,Karnataka,Kodagu,571212,2,0,0,2.000000000000001
06-09-2025,Karnataka,Kolar,563121,2,0,0,2.000000000000001
06-09-2025,Karnataka,Kolar,563127,2,0,0,2.000000000000001
06-09-2025,Karnataka,Kolar,563130,8,0,0,8.000000000000126
06-09-2025,Karnataka,Koppal,583277,1,3,0,3.9999999999999045
06-09-2025,Karnataka,Koppal,583280,1,0,0,0.99999999999998
06-09-2025,Karnataka,Mandya,571606,1,0,0,0.99999999999998
06-09-2025,Karnataka,Mysore,570016,1,0,0,0.99999999999998
06-09-2025,Karnataka,Mysore,571103,1,0,0,0.99999999999998
06-09-2025,Karnataka,Mysore,571104,0,1,0,0.999999999999934
06-09-2025,Karnataka,Mysore,571107,1,0,0,0.99999999999998
06-09-2025,Karnataka,Mysore,571110,2,0,0,2.000000000000001
06-09-2025,Karnataka,Mysore,571118,1,0,0,0.99999999999998
06-09-2025,Karnataka,Mysore,571119,1,0,0,0.99999999999998
06-09-2025,Karnataka,Mysore,571302,1,0,0,0.99999999999998
06-09-2025,Karnataka,Mysore,571314,1,0,0,0.99999999999998
06-09-2025,Karnataka,Mysore,571601,1,0,0,0.99999999999998
06-09-2025,Karnataka,Mysore,571604,1,0,0,0.99999999999998
06-09-2025,Karnataka,Mysuru,570026,3,0,0,3.0000000000000218
06-09-2025,Karnataka,Mysuru,570028,1,0,0,0.99999999999998
06-09-2025,Karnataka,Mysuru,571107,2,0,0,2.000000000000001
06-09-2025,Karnataka,Mysuru,571311,0,1,0,0.999999999999934
06-09-2025,Karnataka,Mysuru,571602,3,0,0,3.0000000000000218
06-09-2025,Karnataka,Mysuru,571604,2,0,0,2.000000000000001
06-09-2025,Karnataka,Ramanagar,562138,2,0,0,2.000000000000001
06-09-2025,Karnataka,Shimoga,577222,1,0,0,0.99999999999998
06-09-2025,Karnataka,Shimoga,577412,2,0,0,2.000000000000001
06-09-2025,Karnataka,Shimoga,577418,1,0,0,0.99999999999998
06-09-2025,Karnataka,Shimoga,577424,1,0,0,0.99999999999998
06-09-2025,Karnataka,Shimoga,577447,1,0,0,0.99999999999998
06-09-2025,Karnataka,Shimoga,577450,1,0,0,0.99999999999998
06-09-2025,Karnataka,Shivamogga,577201,1,0,0,0.99999999999998
06-09-2025,Karnataka,Shivamogga,577205,1,2,0,2.99999999999993
06-09-2025,Karnataka,Shivamogga,577225,1,0,0,0.99999999999998
06-09-2025,Karnataka,Shivamogga,577301,1,0,0,0.99999999999998
06-09-2025,Karnataka,Shivamogga,577401,1,0,0,0.99999999999998
06-09-2025,Karnataka,Shivamogga,577415,1,0,0,0.99999999999998
06-09-2025,Karnataka,Shivamogga,577421,0,1,0,0.999999999999934
06-09-2025,Karnataka,Shivamogga,577434,0,1,0,0.999999999999934
06-09-2025,Karnataka,Tumakuru,572101,1,1,0,1.999999999999955
06-09-2025,Karnataka,Tumakuru,572130,1,0,0,0.99999999999998
06-09-2025,Karnataka,Tumakuru,572137,1,0,0,0.99999999999998
06-09-2025,Karnataka,Tumakuru,572142,1,0,0,0.99999999999998
06-09-2025,Karnataka,Tumkur,572106,1,0,0,0.99999999999998
06-09-2025,Karnataka,Tumkur,572214,1,0,0,0.99999999999998
06-09-2025,Karnataka,Udupi,574104,1,0,0,0.99999999999998
06-09-2025,Karnataka,Udupi,576101,1,1,0,1.999999999999955
06-09-2025,Karnataka,Udupi,576117,3,0,0,3.0000000000000218
06-09-2025,Karnataka,Udupi,576215,1,0,0,0.99999999999998
06-09-2025,Karnataka,Udupi,576223,16,0,0,16.00000000000029
06-09-2025,Karnataka,Udupi,576234,4,0,0,4.000000000000043
06-09-2025,Karnataka,Uttara Kannada,581186,1,0,0,0.99999999999998
06-09-2025,Karnataka,Uttara Kannada,581305,1,0,0,0.99999999999998
06-09-2025,Karnataka,Uttara Kannada,581306,1,0,0,0.99999999999998
06-09-2025,Karnataka,Uttara Kannada,581344,1,0,0,0.99999999999998
06-09-2025,Karnataka,Uttara Kannada,581358,1,0,0,0.99999999999998
06-09-2025,Karnataka,Uttara Kannada,581365,1,0,0,0.99999999999998
06-09-2025,Karnataka,Uttara Kannada,581402,2,1,0,2.999999999999976
06-09-2025,Karnataka,Uttara Kannada,581403,1,0,0,0.99999999999998
06-09-2025,Karnataka,Vijayanagara,583125,6,0,0,6.000000000000084
06-09-2025,Karnataka,Vijayanagara,583201,6,0,0,6.000000000000084
06-09-2025,Karnataka,Vijayapura,586113,7,1,0,8.00000000000008
06-09-2025,Karnataka,Vijayapura,586115,2,2,0,3.9999999999999507
06-09-2025,Karnataka,Vijayapura,586119,1,0,0,0.99999999999998
06-09-2025,Karnataka,Vijayapura,586121,1,0,0,0.99999999999998
06-09-2025,Karnataka,Vijayapura,586212,1,1,0,1.999999999999955
06-09-2025,Karnataka,Vijayapura,586216,1,1,0,1.999999999999955
06-09-2025,Karnataka,Yadgir,585304,3,0,0,3.0000000000000218
06-09-2025,Karnataka,Yadgir,585309,5,0,0,5.000000000000064
06-09-2025,Karnataka,Yadgir,585321,5,1,0,6.000000000000038
06-09-2025,Karnataka,yadgir,585287,1,0,0,0.99999999999998
04-09-2025,Karnataka,Bagalkot,587103,4,0,0,4.000000000000043
04-09-2025,Karnataka,Bagalkot,587112,1,0,1,1.9999999999999654
04-09-2025,Karnataka,Bagalkot,587115,2,0,0,2.000000000000001
04-09-2025,Karnataka,Bagalkot,587119,10,0,0,10.000000000000169
04-09-2025,Karnataka,Bagalkot,587155,7,2,0,9.000000000000055
04-09-2025,Karnataka,Bagalkot,587315,2,2,0,3.9999999999999507
04-09-2025,Karnataka,Ballari,583104,1,0,0,0.99999999999998
04-09-2025,Karnataka,Ballari,583114,2,0,0,2.000000000000001
04-09-2025,Karnataka,Ballari,583128,3,1,0,3.9999999999999964
04-09-2025,Karnataka,Ballari,583212,4,0,0,4.000000000000043
04-09-2025,Karnataka,Ballari,583222,2,0,0,2.000000000000001
04-09-2025,Karnataka,Bangalore,560001,3,0,0,3.0000000000000218
04-09-2025,Karnataka,Bangalore,560019,0,2,0,1.999999999999909
04-09-2025,Karnataka,Bangalore,560043,3,0,0,3.0000000000000218
04-09-2025,Karnataka,Bangalore,560054,1,1,0,1.999999999999955
04-09-2025,Karnataka,Bangalore,560056,2,1,0,2.999999999999976
04-09-2025,Karnataka,Bangalore,560057,3,0,0,3.0000000000000218
04-09-2025,Karnataka,Bangalore,560070,1,0,0,0.99999999999998
04-09-2025,Karnataka,Bangalore,560079,1,0,0,0.99999999999998
04-09-2025,Karnataka,Bangalore,560085,1,0,0,0.99999999999998
04-09-2025,Karnataka,Bangalore,560089,1,0,0,0.99999999999998
04-09-2025,Karnataka,Bangalore,560090,1,0,0,0.99999999999998
04-09-2025,Karnataka,Bangalore Rural,562110,3,0,0,3.0000000000000218
04-09-2025,Karnataka,Belagavi,591116,1,0,0,0.99999999999998
04-09-2025,Karnataka,Belagavi,591120,2,0,0,2.000000000000001
04-09-2025,Karnataka,Belagavi,591122,9,1,0,10.000000000000123
04-09-2025,Karnataka,Belagavi,591227,1,0,0,0.99999999999998
04-09-2025,Karnataka,Belagavi,591235,1,0,0,0.99999999999998
04-09-2025,Karnataka,Belagavi,591236,2,0,0,2.000000000000001
04-09-2025,Karnataka,Belagavi,591302,3,0,0,3.0000000000000218
04-09-2025,Karnataka,Belagavi,591304,6,0,0,6.000000000000084
04-09-2025,Karnataka,Belagavi,591309,1,0,0,0.99999999999998
04-09-2025,Karnataka,Belagavi,591310,2,0,0,2.000000000000001
04-09-2025,Karnataka,Belagavi,591313,3,0,0,3.0000000000000218
04-09-2025,Karnataka,Belagavi,591340,1,0,0,0.99999999999998
04-09-2025,Karnataka,Belagavi,591344,4,0,0,4.000000000000043
04-09-2025,Karnataka,Belgaum,590016,1,1,0,1.999999999999955
04-09-2025,Karnataka,Belgaum,591102,4,0,0,4.000000000000043
04-09-2025,Karnataka,Belgaum,591104,2,0,0,2.000000000000001
04-09-2025,Karnataka,Belgaum,591107,0,1,0,0.999999999999934
04-09-2025,Karnataka,Belgaum,591118,1,0,0,0.99999999999998
04-09-2025,Karnataka,Belgaum,591120,1,0,0,0.99999999999998
04-09-2025,Karnataka,Belgaum,591122,3,0,0,3.0000000000000218
04-09-2025,Karnataka,Belgaum,591129,1,0,0,0.99999999999998
04-09-2025,Karnataka,Belgaum,591130,2,1,0,2.999999999999976
04-09-2025,Karnataka,Belgaum,591222,1,1,0,1.999999999999955
04-09-2025,Karnataka,Belgaum,591230,2,0,0,2.000000000000001
04-09-2025,Karnataka,Belgaum,591248,1,0,0,0.99999999999998
04-09-2025,Karnataka,Belgaum,591302,3,0,0,3.0000000000000218
04-09-2025,Karnataka,Belgaum,591307,3,0,0,3.0000000000000218
04-09-2025,Karnataka,Bellary,583102,6,1,0,7.0000000000000595
04-09-2025,Karnataka,Bellary,583113,1,0,0,0.99999999999998
04-09-2025,Karnataka,Bellary,583116,2,0,0,2.000000000000001
04-09-2025,Karnataka,Bellary,583117,4,1,0,5.000000000000018
04-09-2025,Karnataka,Bellary,583121,3,0,0,3.0000000000000218
04-09-2025,Karnataka,Bellary,583126,1,0,0,0.99999999999998
04-09-2025,Karnataka,Bellary,583218,1,0,0,0.99999999999998
04-09-2025,Karnataka,Bellary,583219,3,0,0,3.0000000000000218
04-09-2025,Karnataka,Bellary,583220,1,0,0,0.99999999999998
04-09-2025,Karnataka,Bengaluru,560010,2,0,0,2.000000000000001
04-09-2025,Karnataka,Bengaluru,560017,2,0,0,2.000000000000001
04-09-2025,Karnataka,Bengaluru,560023,5,1,0,6.000000000000038
04-09-2025,Karnataka,Bengaluru,560036,3,2,1,5.999999999999957
04-09-2025,Karnataka,Bengaluru,560043,4,2,4,9.999999999999934
04-09-2025,Karnataka,Bengaluru,560048,3,2,0,4.999999999999972
04-09-2025,Karnataka,Bengaluru,560085,3,0,0,3.0000000000000218
04-09-2025,Karnataka,Bengaluru,560086,2,0,0,2.000000000000001
04-09-2025,Karnataka,Bengaluru,560089,1,0,0,0.99999999999998
04-09-2025,Karnataka,Bengaluru,560090,2,0,0,2.000000000000001
04-09-2025,Karnataka,Bengaluru,560098,0,1,0,0.999999999999934
04-09-2025,Karnataka,Bengaluru,562157,1,1,0,1.999999999999955
04-09-2025,Karnataka,Bidar,585227,5,8,0,12.999999999999863
04-09-2025,Karnataka,Bidar,585328,7,1,0,8.00000000000008
04-09-2025,Karnataka,Bidar,585331,1,0,0,0.99999999999998
04-09-2025,Karnataka,Bidar,585353,1,0,0,0.99999999999998
04-09-2025,Karnataka,Bidar,585403,5,0,0,5.000000000000064
04-09-2025,Karnataka,Bidar,585415,1,0,0,0.99999999999998
04-09-2025,Karnataka,Bijapur,586102,1,0,0,0.99999999999998
04-09-2025,Karnataka,Bijapur,586108,2,1,0,2.999999999999976
04-09-2025,Karnataka,Bijapur,586123,5,1,0,6.000000000000038
04-09-2025,Karnataka,Bijapur,586208,0,1,0,0.999999999999934
04-09-2025,Karnataka,Bijapur,586215,3,1,0,3.9999999999999964
04-09-2025,Karnataka,Bijapur,586216,1,0,0,0.99999999999998
04-09-2025,Karnataka,Bijapur,586217,5,0,0,5.000000000000064
04-09-2025,Karnataka,Chamarajanagar,571313,3,0,0,3.0000000000000218
04-09-2025,Karnataka,Chamrajanagar,571313,4,0,0,4.000000000000043
04-09-2025,Karnataka,Chamrajanagar,571439,9,2,0,11.000000000000098
04-09-2025,Karnataka,Chamrajnagar,571127,1,0,0,0.99999999999998
04-09-2025,Karnataka,Chickmagalur,577138,1,0,0,0.99999999999998
04-09-2025,Karnataka,Chickmagalur,577228,1,0,0,0.99999999999998
04-09-2025,Karnataka,Chikkaballapur,562104,5,0,0,5.000000000000064
04-09-2025,Karnataka,Chikkamagaluru,577168,1,0,0,0.99999999999998
04-09-2025,Karnataka,Chikkamagaluru,577175,1,0,0,0.99999999999998
04-09-2025,Karnataka,Chikmagalur,577228,1,0,0,0.99999999999998
04-09-2025,Karnataka,Chitradurga,577529,3,0,0,3.0000000000000218
04-09-2025,Karnataka,Dakshina Kannada,574199,2,0,0,2.000000000000001
04-09-2025,Karnataka,Dakshina Kannada,574231,1,0,0,0.99999999999998
04-09-2025,Karnataka,Dakshina Kannada,574241,1,0,0,0.99999999999998
04-09-2025,Karnataka,Dakshina Kannada,574243,3,0,0,3.0000000000000218
04-09-2025,Karnataka,Dakshina Kannada,575006,2,0,0,2.000000000000001
04-09-2025,Karnataka,Dakshina Kannada,575015,1,0,0,0.99999999999998
04-09-2025,Karnataka,Davanagere,577514,1,0,0,0.99999999999998
04-09-2025,Karnataka,Davangere,577002,2,0,0,2.000000000000001
04-09-2025,Karnataka,Davangere,577004,3,1,0,3.9999999999999964
04-09-2025,Karnataka,Davangere,577215,1,2,0,2.99999999999993
04-09-2025,Karnataka,Davangere,577221,1,0,0,0.99999999999998
04-09-2025,Karnataka,Davangere,577530,2,0,0,2.000000000000001
04-09-2025,Karnataka,Davangere,577553,3,0,0,3.0000000000000218
04-09-2025,Karnataka,Davangere,577566,1,0,0,0.99999999999998
04-09-2025,Karnataka,Davangere,583213,1,0,0,0.99999999999998
04-09-2025,Karnataka,Dharwad,580011,2,0,0,2.000000000000001
04-09-2025,Karnataka,Gadag,582112,6,0,0,6.000000000000084
04-09-2025,Karnataka,Gadag,582205,6,0,0,6.000000000000084
04-09-2025,Karnataka,Gadag,582206,0,1,0,0.999999999999934
04-09-2025,Karnataka,Gadag *,582102,3,2,0,4.999999999999972
04-09-2025,Karnataka,Gulbarga,585228,3,0,0,3.0000000000000218
04-09-2025,Karnataka,Gulbarga,585292,0,1,0,0.999999999999934
04-09-2025,Karnataka,Gulbarga,585302,1,0,0,0.99999999999998
04-09-2025,Karnataka,Gulbarga,585306,3,0,0,3.0000000000000218
04-09-2025,Karnataka,Gulbarga,585308,0,1,0,0.999999999999934
04-09-2025,Karnataka,Gulbarga,585317,3,0,0,3.0000000000000218
04-09-2025,Karnataka,Gulbarga,585325,1,0,0,0.99999999999998
04-09-2025,Karnataka,Hasan,573219,3,0,0,3.0000000000000218
04-09-2025,Karnataka,Hassan,573103,1,0,0,0.99999999999998
04-09-2025,Karnataka,Hassan,573135,1,0,0,0.99999999999998
04-09-2025,Karnataka,Hassan,573214,1,0,0,0.99999999999998
04-09-2025,Karnataka,Haveri,581101,1,0,0,0.99999999999998
04-09-2025,Karnataka,Haveri,581106,1,0,0,0.99999999999998
04-09-2025,Karnataka,Haveri,581128,1,0,0,0.99999999999998
04-09-2025,Karnataka,Haveri,581148,1,0,0,0.99999999999998
04-09-2025,Karnataka,Haveri *,581104,1,0,0,0.99999999999998
04-09-2025,Karnataka,Kalaburagi,585106,1,0,0,0.99999999999998
04-09-2025,Karnataka,Kalaburagi,585212,1,0,0,0.99999999999998
04-09-2025,Karnataka,Kalaburagi,585217,2,0,0,2.000000000000001
04-09-2025,Karnataka,Kalaburagi,585305,1,0,0,0.99999999999998
04-09-2025,Karnataka,Kalaburagi,585311,2,0,0,2.000000000000001
04-09-2025,Karnataka,Kalaburagi,585314,1,0,0,0.99999999999998
04-09-2025,Karnataka,Kodagu,571234,2,0,0,2.000000000000001
04-09-2025,Karnataka,Kodagu,571236,1,0,0,0.99999999999998
04-09-2025,Karnataka,Kolar,563118,1,0,0,0.99999999999998
04-09-2025,Karnataka,Kolar,563126,2,0,0,2.000000000000001
04-09-2025,Karnataka,Kolar,563127,0,1,0,0.999999999999934
04-09-2025,Karnataka,Kolar,563131,8,1,0,9.000000000000101
04-09-2025,Karnataka,Kolar,563134,2,0,0,2.000000000000001
04-09-2025,Karnataka,Kolar,563136,1,1,0,1.999999999999955
04-09-2025,Karnataka,Kolar,563137,1,0,0,0.99999999999998
04-09-2025,Karnataka,Kolar,563138,0,1,0,0.999999999999934
04-09-2025,Karnataka,Kolar,563161,2,0,0,2.000000000000001
04-09-2025,Karnataka,Kolar,563162,1,0,0,0.99999999999998
04-09-2025,Karnataka,Koppal,583228,6,2,0,8.000000000000034
04-09-2025,Karnataka,Koppal,583237,7,1,0,8.00000000000008
04-09-2025,Karnataka,Koppal,583277,7,7,0,13.999999999999929
04-09-2025,Karnataka,Koppal,583278,2,3,0,4.999999999999925
04-09-2025,Karnataka,Koppal,583279,3,0,1,4.000000000000007
04-09-2025,Karnataka,Mandya,571415,2,0,0,2.000000000000001
04-09-2025,Karnataka,Mysore,570003,1,0,0,0.99999999999998
04-09-2025,Karnataka,Mysore,570019,6,0,0,6.000000000000084
04-09-2025,Karnataka,Mysore,571301,1,0,0,0.99999999999998
04-09-2025,Karnataka,Mysore,571311,1,0,0,0.99999999999998
04-09-2025,Karnataka,Mysuru,570002,1,2,0,2.99999999999993
04-09-2025,Karnataka,Mysuru,570015,2,0,0,2.000000000000001
04-09-2025,Karnataka,Mysuru,571114,2,4,1,6.999999999999886
04-09-2025,Karnataka,Mysuru,571116,2,12,3,16.99999999999966
04-09-2025,Karnataka,Mysuru,571610,2,0,0,2.000000000000001
04-09-2025,Karnataka,Raichur,584102,10,1,0,11.000000000000142
04-09-2025,Karnataka,Raichur,584113,1,0,0,0.99999999999998
04-09-2025,Karnataka,Raichur,584125,1,2,0,2.99999999999993
04-09-2025,Karnataka,Raichur,584127,3,0,0,3.0000000000000218
04-09-2025,Karnataka,Raichur,584128,4,3,0,6.999999999999967
04-09-2025,Karnataka,Raichur,584132,4,2,0,5.999999999999993
04-09-2025,Karnataka,Raichur,584133,1,0,0,0.99999999999998
04-09-2025,Karnataka,Raichur,584167,0,1,0,0.999999999999934
04-09-2025,Karnataka,Ramanagar,561101,0,1,0,0.999999999999934
04-09-2025,Karnataka,Ramanagar,562117,1,0,0,0.99999999999998
04-09-2025,Karnataka,Ramanagar,562127,1,0,0,0.99999999999998
04-09-2025,Karnataka,Ramanagar,562128,0,2,0,1.999999999999909
04-09-2025,Karnataka,Ramanagar,562160,5,0,0,5.000000000000064
04-09-2025,Karnataka,Shimoga,577204,1,0,0,0.99999999999998
04-09-2025,Karnataka,Shimoga,577211,1,0,0,0.99999999999998
04-09-2025,Karnataka,Shimoga,577433,1,0,0,0.99999999999998
04-09-2025,Karnataka,Shivamogga,577301,1,0,0,0.99999999999998
04-09-2025,Karnataka,Shivamogga,577401,1,0,0,0.99999999999998
04-09-2025,Karnataka,Tumakuru,572102,1,0,0,0.99999999999998
04-09-2025,Karnataka,Tumakuru,572113,1,0,0,0.99999999999998
04-09-2025,Karnataka,Tumakuru,572132,3,0,0,3.0000000000000218
04-09-2025,Karnataka,Tumakuru,572175,1,0,0,0.99999999999998
04-09-2025,Karnataka,Tumkur,572111,1,0,0,0.99999999999998
04-09-2025,Karnataka,Tumkur,572112,2,0,0,2.000000000000001
04-09-2025,Karnataka,Tumkur,572212,1,0,0,0.99999999999998
04-09-2025,Karnataka,Tumkur,572216,1,0,0,0.99999999999998
04-09-2025,Karnataka,Tumkur,572217,1,0,0,0.99999999999998
04-09-2025,Karnataka,Udupi,574105,3,0,0,3.0000000000000218
04-09-2025,Karnataka,Udupi,574115,1,0,0,0.99999999999998
04-09-2025,Karnataka,Udupi,574117,2,0,0,2.000000000000001
04-09-2025,Karnataka,Udupi,576101,1,0,1,1.9999999999999654
04-09-2025,Karnataka,Udupi,576104,1,0,0,0.99999999999998
04-09-2025,Karnataka,Udupi,576106,2,0,0,2.000000000000001
04-09-2025,Karnataka,Udupi,576115,1,0,0,0.99999999999998
04-09-2025,Karnataka,Udupi,576210,1,0,0,0.99999999999998
04-09-2025,Karnataka,Udupi,576222,2,0,0,2.000000000000001
04-09-2025,Karnataka,Udupi,576223,1,0,0,0.99999999999998
04-09-2025,Karnataka,Udupi,576233,27,1,0,28.000000000000497
04-09-2025,Karnataka,Uttara Kannada,581301,1,0,0,0.99999999999998
04-09-2025,Karnataka,Uttara Kannada,581314,1,0,0,0.99999999999998
04-09-2025,Karnataka,Uttara Kannada,581319,1,0,0,0.99999999999998
04-09-2025,Karnataka,Uttara Kannada,581322,0,1,0,0.999999999999934
04-09-2025,Karnataka,Uttara Kannada,581329,2,0,0,2.000000000000001
04-09-2025,Karnataka,Uttara Kannada,581347,1,0,0,0.99999999999998
04-09-2025,Karnataka,Uttara Kannada,581350,2,0,0,2.000000000000001
04-09-2025,Karnataka,Uttara Kannada,581356,1,0,0,0.99999999999998
04-09-2025,Karnataka,Uttara Kannada,581403,1,0,0,0.99999999999998
04-09-2025,Karnataka,Vijayanagara,583131,2,1,0,2.999999999999976
04-09-2025,Karnataka,Vijayanagara,583216,2,1,0,2.999999999999976
04-09-2025,Karnataka,Vijayanagara,583218,1,0,0,0.99999999999998
04-09-2025,Karnataka,Vijayanagara,583224,1,0,0,0.99999999999998
04-09-2025,Karnataka,Vijayapura,586101,6,0,0,6.000000000000084
04-09-2025,Karnataka,Vijayapura,586117,3,1,0,3.9999999999999964
04-09-2025,Karnataka,Vijayapura,586121,5,0,0,5.000000000000064
04-09-2025,Karnataka,Vijayapura,586129,1,0,0,0.99999999999998
04-09-2025,Karnataka,Vijayapura,586130,1,2,0,2.99999999999993
04-09-2025,Karnataka,Vijayapura,586203,5,0,0,5.000000000000064
04-09-2025,Karnataka,Vijayapura,586204,5,3,0,7.999999999999988
04-09-2025,Karnataka,Vijayapura,586205,3,1,0,3.9999999999999964
04-09-2025,Karnataka,Vijayapura,586217,3,0,0,3.0000000000000218
04-09-2025,Karnataka,Yadgir,585218,4,0,0,4.000000000000043
04-09-2025,Karnataka,Yadgir,585304,1,0,0,0.99999999999998
04-09-2025,Karnataka,Yadgir,585323,1,1,0,1.999999999999955
04-09-2025,Karnataka,yadgir,585202,2,0,0,2.000000000000001
04-09-2025,Karnataka,yadgir,585309,1,0,0,0.99999999999998
07-09-2025,Karnataka,Bagalkot,587101,1,0,0,0.99999999999998
07-09-2025,Karnataka,Bangalore,560005,0,1,0,0.999999999999934
07-09-2025,Karnataka,Bangalore,560018,1,0,0,0.99999999999998
07-09-2025,Karnataka,Bangalore,560021,2,0,0,2.000000000000001
07-09-2025,Karnataka,Bangalore,560026,1,1,0,1.999999999999955
07-09-2025,Karnataka,Bangalore,560043,2,0,0,2.000000000000001
07-09-2025,Karnataka,Bangalore,560057,1,0,0,0.99999999999998
07-09-2025,Karnataka,Bangalore,560061,0,1,0,0.999999999999934
07-09-2025,Karnataka,Bangalore,560077,0,1,0,0.999999999999934
07-09-2025,Karnataka,Bangalore,560079,1,0,0,0.99999999999998
07-09-2025,Karnataka,Bangalore,560082,1,0,0,0.99999999999998
07-09-2025,Karnataka,Bangalore,560091,2,0,0,2.000000000000001
07-09-2025,Karnataka,Bangalore,560096,1,0,0,0.99999999999998
07-09-2025,Karnataka,Bangalore,562149,4,1,0,5.000000000000018
07-09-2025,Karnataka,Bangalore Rural,562122,1,0,0,0.99999999999998
07-09-2025,Karnataka,Belagavi,590006,0,1,0,0.999999999999934
07-09-2025,Karnataka,Belagavi,591240,2,0,0,2.000000000000001
07-09-2025,Karnataka,Belagavi,591263,1,0,0,0.99999999999998
07-09-2025,Karnataka,Belgaum,591224,2,0,0,2.000000000000001
07-09-2025,Karnataka,Belgaum,591233,1,0,0,0.99999999999998
07-09-2025,Karnataka,Bengaluru,560010,1,0,0,0.99999999999998
07-09-2025,Karnataka,Bengaluru,560020,0,1,0,0.999999999999934
07-09-2025,Karnataka,Bengaluru,560027,1,0,0,0.99999999999998
07-09-2025,Karnataka,Bengaluru,560037,4,0,0,4.000000000000043
07-09-2025,Karnataka,Bengaluru,560045,2,0,0,2.000000000000001
07-09-2025,Karnataka,Bengaluru,560060,3,0,0,3.0000000000000218
07-09-2025,Karnataka,Bengaluru,560061,2,0,0,2.000000000000001
07-09-2025,Karnataka,Bengaluru,560077,1,0,1,1.9999999999999654
07-09-2025,Karnataka,Bengaluru,560079,0,1,0,0.999999999999934
07-09-2025,Karnataka,Bengaluru,560096,1,0,0,0.99999999999998
07-09-2025,Karnataka,Bengaluru,560099,1,2,0,2.99999999999993
07-09-2025,Karnataka,Bengaluru,562125,5,2,0,7.000000000000013
07-09-2025,Karnataka,Bidar,585226,0,1,0,0.999999999999934
07-09-2025,Karnataka,Bijapur,586214,2,1,0,2.999999999999976
07-09-2025,Karnataka,Chikkaballapur,562102,1,0,0,0.99999999999998
07-09-2025,Karnataka,Chikkaballapur,563123,1,0,0,0.99999999999998
07-09-2025,Karnataka,Chikmagalur,577101,0,1,0,0.999999999999934
07-09-2025,Karnataka,Davanagere,577004,1,0,0,0.99999999999998
07-09-2025,Karnataka,Davanagere,577005,1,0,0,0.99999999999998
07-09-2025,Karnataka,Gulbarga,585265,0,1,0,0.999999999999934
07-09-2025,Karnataka,Gulbarga,585301,1,0,0,0.99999999999998
07-09-2025,Karnataka,Gulbarga,585310,15,1,0,16.00000000000025
07-09-2025,Karnataka,Gulbarga,585311,1,0,0,0.99999999999998
07-09-2025,Karnataka,Hasan,573141,1,0,0,0.99999999999998
07-09-2025,Karnataka,Hassan,573128,1,0,0,0.99999999999998
07-09-2025,Karnataka,Haveri,581104,2,0,0,2.000000000000001
07-09-2025,Karnataka,Haveri,581118,0,1,0,0.999999999999934
07-09-2025,Karnataka,Kalaburagi,585103,0,1,0,0.999999999999934
07-09-2025,Karnataka,Koppal,583238,1,1,0,1.999999999999955
07-09-2025,Karnataka,Mandya,571428,1,0,0,0.99999999999998
07-09-2025,Karnataka,Mandya,571430,1,0,0,0.99999999999998
07-09-2025,Karnataka,Mysore,570002,1,0,0,0.99999999999998
07-09-2025,Karnataka,Mysore,570007,1,0,0,0.99999999999998
07-09-2025,Karnataka,Mysore,571122,1,0,0,0.99999999999998
07-09-2025,Karnataka,Mysore,571617,1,1,0,1.999999999999955
07-09-2025,Karnataka,Mysuru,570016,1,0,0,0.99999999999998
07-09-2025,Karnataka,Raichur,584103,1,1,0,1.999999999999955
07-09-2025,Karnataka,Raichur,584132,7,0,0,7.000000000000105
07-09-2025,Karnataka,Ramanagar,562109,1,0,0,0.99999999999998
07-09-2025,Karnataka,Ramanagar,562117,1,0,0,0.99999999999998
07-09-2025,Karnataka,Shimoga,577233,1,0,0,0.99999999999998
07-09-2025,Karnataka,Shivamogga,577301,1,0,0,0.99999999999998
07-09-2025,Karnataka,Tumkur,572127,1,0,0,0.99999999999998
07-09-2025,Karnataka,Uttara Kannada,581329,1,0,0,0.99999999999998
07-09-2025,Karnataka,Vijayapura,586115,2,0,0,2.000000000000001
07-09-2025,Karnataka,Vijayapura,586118,1,0,0,0.99999999999998
07-09-2025,Karnataka,Yadgir,585214,0,1,0,0.999999999999934
07-09-2025,Karnataka,Yadgir,585219,2,0,0,2.000000000000001
07-09-2025,Karnataka,Yadgir,585221,1,0,0,0.99999999999998
07-09-2025,Karnataka,Yadgir,585304,1,0,0,0.99999999999998
08-09-2025,Karnataka,Bagalkot,586125,1,0,0,0.99999999999998
08-09-2025,Karnataka,Bagalkot,587103,3,0,0,3.0000000000000218
08-09-2025,Karnataka,Bagalkot,587115,1,0,0,0.99999999999998
08-09-2025,Karnataka,Bagalkot,587125,7,2,1,10.00000000000004
08-09-2025,Karnataka,Bagalkot,587154,1,2,0,2.99999999999993
08-09-2025,Karnataka,Bagalkot,587156,2,0,0,2.000000000000001
08-09-2025,Karnataka,Bagalkot,587202,7,2,0,9.000000000000055
08-09-2025,Karnataka,Bagalkot,587205,1,0,0,0.99999999999998
08-09-2025,Karnataka,Bagalkot,587207,2,0,0,2.000000000000001
08-09-2025,Karnataka,Bagalkot,587301,5,1,0,6.000000000000038
08-09-2025,Karnataka,Bagalkot,587313,10,4,0,14.000000000000068
08-09-2025,Karnataka,Bagalkot *,587203,2,0,0,2.000000000000001
08-09-2025,Karnataka,Bagalkot *,587206,1,0,0,0.99999999999998
08-09-2025,Karnataka,Ballari,583122,1,0,0,0.99999999999998
08-09-2025,Karnataka,Bangalore,560001,1,0,0,0.99999999999998
08-09-2025,Karnataka,Bangalore,560002,2,0,0,2.000000000000001
08-09-2025,Karnataka,Bangalore,560011,1,0,0,0.99999999999998
08-09-2025,Karnataka,Bangalore,560022,0,1,0,0.999999999999934
08-09-2025,Karnataka,Bangalore,560026,3,0,0,3.0000000000000218
08-09-2025,Karnataka,Bangalore,560036,1,0,0,0.99999999999998
08-09-2025,Karnataka,Bangalore,560039,2,0,0,2.000000000000001
08-09-2025,Karnataka,Bangalore,560054,1,2,0,2.99999999999993
08-09-2025,Karnataka,Bangalore,560056,1,1,0,1.999999999999955
08-09-2025,Karnataka,Bangalore,560076,1,1,0,1.999999999999955
08-09-2025,Karnataka,Bangalore,560079,0,1,0,0.999999999999934
08-09-2025,Karnataka,Bangalore,560084,2,0,0,2.000000000000001
08-09-2025,Karnataka,Bangalore,560085,4,0,0,4.000000000000043
08-09-2025,Karnataka,Bangalore,560097,3,0,0,3.0000000000000218
08-09-2025,Karnataka,Bangalore,562130,1,0,0,0.99999999999998
08-09-2025,Karnataka,Bangalore Rural,562122,2,0,0,2.000000000000001
08-09-2025,Karnataka,Bangalore Rural,562129,3,0,0,3.0000000000000218
08-09-2025,Karnataka,Belagavi,590008,3,0,0,3.0000000000000218
08-09-2025,Karnataka,Belagavi,591109,2,1,0,2.999999999999976
08-09-2025,Karnataka,Belagavi,591120,4,0,0,4.000000000000043
08-09-2025,Karnataka,Belagavi,591126,3,2,0,4.999999999999972
08-09-2025,Karnataka,Belagavi,591127,1,0,0,0.99999999999998
08-09-2025,Karnataka,Belagavi,591222,2,2,0,3.9999999999999507
08-09-2025,Karnataka,Belagavi,591224,2,1,0,2.999999999999976
08-09-2025,Karnataka,Belagavi,591228,1,0,0,0.99999999999998
08-09-2025,Karnataka,Belagavi,591238,1,0,0,0.99999999999998
08-09-2025,Karnataka,Belagavi,591244,1,0,0,0.99999999999998
08-09-2025,Karnataka,Belagavi,591246,1,0,0,0.99999999999998
08-09-2025,Karnataka,Belagavi,591247,1,2,0,2.99999999999993
08-09-2025,Karnataka,Belagavi,591307,4,3,0,6.999999999999967
08-09-2025,Karnataka,Belagavi,591310,0,1,0,0.999999999999934
08-09-2025,Karnataka,Belagavi,591311,1,0,0,0.99999999999998
08-09-2025,Karnataka,Belagavi,591315,1,0,0,0.99999999999998
08-09-2025,Karnataka,Belagavi,591317,5,1,0,6.000000000000038
08-09-2025,Karnataka,Belgaum,590001,2,0,0,2.000000000000001
08-09-2025,Karnataka,Belgaum,590006,1,0,0,0.99999999999998
08-09-2025,Karnataka,Belgaum,591108,2,0,0,2.000000000000001
08-09-2025,Karnataka,Belgaum,591120,4,0,0,4.000000000000043
08-09-2025,Karnataka,Belgaum,591213,1,0,0,0.99999999999998
08-09-2025,Karnataka,Belgaum,591222,1,0,0,0.99999999999998
08-09-2025,Karnataka,Belgaum,591224,2,1,0,2.999999999999976
08-09-2025,Karnataka,Belgaum,591225,1,0,0,0.99999999999998
08-09-2025,Karnataka,Belgaum,591228,0,1,0,0.999999999999934
08-09-2025,Karnataka,Belgaum,591243,3,0,0,3.0000000000000218
08-09-2025,Karnataka,Belgaum,591254,3,0,0,3.0000000000000218
08-09-2025,Karnataka,Belgaum,591302,3,1,0,3.9999999999999964
08-09-2025,Karnataka,Belgaum,591306,2,0,0,2.000000000000001
08-09-2025,Karnataka,Belgaum,591307,7,0,0,7.000000000000105
08-09-2025,Karnataka,Bellary,583112,2,1,0,2.999999999999976
08-09-2025,Karnataka,Bellary,583119,2,0,0,2.000000000000001
08-09-2025,Karnataka,Bellary,583120,7,1,0,8.00000000000008
08-09-2025,Karnataka,Bellary,583121,2,1,0,2.999999999999976
08-09-2025,Karnataka,Bellary,583124,2,0,0,2.000000000000001
08-09-2025,Karnataka,Bellary,583203,1,0,0,0.99999999999998
08-09-2025,Karnataka,Bengaluru,560001,1,0,0,0.99999999999998
08-09-2025,Karnataka,Bengaluru,560006,1,0,0,0.99999999999998
08-09-2025,Karnataka,Bengaluru,560010,1,1,0,1.999999999999955
08-09-2025,Karnataka,Bengaluru,560011,2,0,2,3.9999999999999716
08-09-2025,Karnataka,Bengaluru,560021,1,0,0,0.99999999999998
08-09-2025,Karnataka,Bengaluru,560022,2,0,1,2.9999999999999862
08-09-2025,Karnataka,Bengaluru,560024,2,0,0,2.000000000000001
08-09-2025,Karnataka,Bengaluru,560029,3,1,0,3.9999999999999964
08-09-2025,Karnataka,Bengaluru,560037,1,0,2,2.999999999999951
08-09-2025,Karnataka,Bengaluru,560067,1,1,4,5.999999999999897
08-09-2025,Karnataka,Bengaluru,560072,1,0,0,0.99999999999998
08-09-2025,Karnataka,Bengaluru,560077,3,0,0,3.0000000000000218
08-09-2025,Karnataka,Bengaluru,560078,2,2,1,4.999999999999936
08-09-2025,Karnataka,Bengaluru,560093,1,0,0,0.99999999999998
08-09-2025,Karnataka,Bengaluru,562130,2,0,0,2.000000000000001
08-09-2025,Karnataka,Bidar,585226,1,1,0,1.999999999999955
08-09-2025,Karnataka,Bidar,585401,4,1,0,5.000000000000018
08-09-2025,Karnataka,Bidar,585411,1,0,0,0.99999999999998
08-09-2025,Karnataka,Bidar,585436,1,1,0,1.999999999999955
08-09-2025,Karnataka,Bijapur,586101,4,1,0,5.000000000000018
08-09-2025,Karnataka,Bijapur,586111,0,1,0,0.999999999999934
08-09-2025,Karnataka,Bijapur,586120,3,0,0,3.0000000000000218
08-09-2025,Karnataka,Bijapur,586122,1,1,0,1.999999999999955
08-09-2025,Karnataka,Bijapur,586124,2,1,0,2.999999999999976
08-09-2025,Karnataka,Bijapur,586129,4,1,0,5.000000000000018
08-09-2025,Karnataka,Bijapur,586204,2,2,0,3.9999999999999507
08-09-2025,Karnataka,Bijapur,586211,1,1,0,1.999999999999955
08-09-2025,Karnataka,Bijapur,586215,1,1,0,1.999999999999955
08-09-2025,Karnataka,Bijapur,586216,0,1,0,0.999999999999934
08-09-2025,Karnataka,Chamarajanagar,571111,2,0,0,2.000000000000001
08-09-2025,Karnataka,Chamarajanagar,571440,3,0,0,3.0000000000000218
08-09-2025,Karnataka,Chamrajanagar,571123,1,1,0,1.999999999999955
08-09-2025,Karnataka,Chickmagalur,577549,1,0,0,0.99999999999998
08-09-2025,Karnataka,Chikkaballapur,561207,5,1,0,6.000000000000038
08-09-2025,Karnataka,Chikkaballapur,561210,1,0,0,0.99999999999998
08-09-2025,Karnataka,Chikkaballapur,562102,4,0,0,4.000000000000043
08-09-2025,Karnataka,Chikkaballapur,563124,1,1,0,1.999999999999955
08-09-2025,Karnataka,Chikkamagaluru,577101,2,0,0,2.000000000000001
08-09-2025,Karnataka,Chikkamagaluru,577116,1,0,0,0.99999999999998
08-09-2025,Karnataka,Chikkamagaluru,577548,5,0,0,5.000000000000064
08-09-2025,Karnataka,Chitradurga,577502,0,1,0,0.999999999999934
08-09-2025,Karnataka,Chitradurga,577522,7,0,0,7.000000000000105
08-09-2025,Karnataka,Chitradurga,577523,1,0,0,0.99999999999998
08-09-2025,Karnataka,Chitradurga,577529,3,0,0,3.0000000000000218
08-09-2025,Karnataka,Chitradurga,577540,3,0,0,3.0000000000000218
08-09-2025,Karnataka,Chitradurga,577557,4,0,0,4.000000000000043
08-09-2025,Karnataka,Dakshina Kannada,574202,3,0,0,3.0000000000000218
08-09-2025,Karnataka,Dakshina Kannada,574238,1,0,0,0.99999999999998
08-09-2025,Karnataka,Dakshina Kannada,574325,3,0,0,3.0000000000000218
08-09-2025,Karnataka,Dakshina Kannada,575015,1,0,0,0.99999999999998
08-09-2025,Karnataka,Dakshina Kannada,575019,2,0,0,2.000000000000001
08-09-2025,Karnataka,Dakshina Kannada,575022,2,0,0,2.000000000000001
08-09-2025,Karnataka,Dakshina Kannada,575023,3,0,0,3.0000000000000218
08-09-2025,Karnataka,Dakshina Kannada,575028,1,0,0,0.99999999999998
08-09-2025,Karnataka,Davangere,577004,1,0,0,0.99999999999998
08-09-2025,Karnataka,Davangere,577005,1,0,0,0.99999999999998
08-09-2025,Karnataka,Davangere,577215,3,0,0,3.0000000000000218
08-09-2025,Karnataka,Davangere,577231,1,0,0,0.99999999999998
08-09-2025,Karnataka,Davangere,577513,3,2,0,4.999999999999972
08-09-2025,Karnataka,Davangere,577530,1,0,0,0.99999999999998
08-09-2025,Karnataka,Davangere,577552,4,0,0,4.000000000000043
08-09-2025,Karnataka,Davangere,583137,2,0,0,2.000000000000001
08-09-2025,Karnataka,Dharwad,580008,1,0,1,1.9999999999999654
08-09-2025,Karnataka,Dharwad,580009,1,0,0,0.99999999999998
08-09-2025,Karnataka,Dharwad,580030,3,0,0,3.0000000000000218
08-09-2025,Karnataka,Dharwad,581105,2,0,0,2.000000000000001
08-09-2025,Karnataka,Dharwad,581204,7,0,0,7.000000000000105
08-09-2025,Karnataka,Dharwad,581209,1,0,0,0.99999999999998
08-09-2025,Karnataka,Dharwad,582201,1,0,0,0.99999999999998
08-09-2025,Karnataka,Gadag,582101,9,2,0,11.000000000000098
08-09-2025,Karnataka,Gadag,582116,16,0,0,16.00000000000029
08-09-2025,Karnataka,Gadag,582202,1,0,0,0.99999999999998
08-09-2025,Karnataka,Gadag,582204,3,0,0,3.0000000000000218
08-09-2025,Karnataka,Gadag,582210,1,0,0,0.99999999999998
08-09-2025,Karnataka,Gulbarga,585105,1,0,0,0.99999999999998
08-09-2025,Karnataka,Gulbarga,585210,0,2,0,1.999999999999909
08-09-2025,Karnataka,Gulbarga,585225,1,2,0,2.99999999999993
08-09-2025,Karnataka,Gulbarga,585303,0,1,0,0.999999999999934
08-09-2025,Karnataka,Gulbarga,585314,1,0,0,0.99999999999998
08-09-2025,Karnataka,Hasan,573111,1,0,0,0.99999999999998
08-09-2025,Karnataka,Hasan,573130,1,0,0,0.99999999999998
08-09-2025,Karnataka,Hasan,573144,1,0,0,0.99999999999998
08-09-2025,Karnataka,Hasan,573213,1,0,0,0.99999999999998
08-09-2025,Karnataka,Hassan,573128,1,0,0,0.99999999999998
08-09-2025,Karnataka,Hassan,573129,1,0,0,0.99999999999998
08-09-2025,Karnataka,Hassan,573130,2,0,0,2.000000000000001
08-09-2025,Karnataka,Hassan,573134,2,0,0,2.000000000000001
08-09-2025,Karnataka,Hassan,573215,1,0,0,0.99999999999998
08-09-2025,Karnataka,Haveri,581101,1,0,0,0.99999999999998
08-09-2025,Karnataka,Haveri,581104,9,0,0,9.000000000000147
08-09-2025,Karnataka,Haveri,581109,2,0,0,2.000000000000001
08-09-2025,Karnataka,Haveri,581119,2,0,0,2.000000000000001
08-09-2025,Karnataka,Haveri,581193,2,0,0,2.000000000000001
08-09-2025,Karnataka,Kalaburagi,585101,3,1,0,3.9999999999999964
08-09-2025,Karnataka,Kalaburagi,585102,4,4,0,7.999999999999942
08-09-2025,Karnataka,Kalaburagi,585105,1,1,0,1.999999999999955
08-09-2025,Karnataka,Kalaburagi,585228,3,0,0,3.0000000000000218
08-09-2025,Karnataka,Kalaburagi,585303,2,0,0,2.000000000000001
08-09-2025,Karnataka,Kalaburagi,585311,2,0,0,2.000000000000001
08-09-2025,Karnataka,Kalaburagi,585316,1,0,0,0.99999999999998
08-09-2025,Karnataka,Kalaburagi,585324,1,0,0,0.99999999999998
08-09-2025,Karnataka,Kodagu,571232,1,1,0,1.999999999999955
08-09-2025,Karnataka,Kodagu,571247,1,0,0,0.99999999999998
08-09-2025,Karnataka,Kolar,563131,3,0,0,3.0000000000000218
08-09-2025,Karnataka,Kolar,563132,3,0,0,3.0000000000000218
08-09-2025,Karnataka,Kolar,563133,1,0,0,0.99999999999998
08-09-2025,Karnataka,Kolar,563136,5,2,0,7.000000000000013
08-09-2025,Karnataka,Kolar,563162,3,0,0,3.0000000000000218
08-09-2025,Karnataka,Koppal,583229,2,0,0,2.000000000000001
08-09-2025,Karnataka,Koppal,583238,8,5,0,13.000000000000002
08-09-2025,Karnataka,Koppal,583282,5,0,0,5.000000000000064
08-09-2025,Karnataka,Koppal,583283,5,2,0,7.000000000000013
08-09-2025,Karnataka,Mandya,571418,1,0,0,0.99999999999998
08-09-2025,Karnataka,Mandya,571436,1,0,0,0.99999999999998
08-09-2025,Karnataka,Mandya,571438,1,0,0,0.99999999999998
08-09-2025,Karnataka,Mandya,571812,2,0,0,2.000000000000001
08-09-2025,Karnataka,Mysore,570001,1,0,0,0.99999999999998
08-09-2025,Karnataka,Mysore,570002,1,0,0,0.99999999999998
08-09-2025,Karnataka,Mysore,570016,1,0,0,0.99999999999998
08-09-2025,Karnataka,Mysore,571121,2,0,0,2.000000000000001
08-09-2025,Karnataka,Mysore,571311,1,1,0,1.999999999999955
08-09-2025,Karnataka,Mysore,571314,0,1,0,0.999999999999934
08-09-2025,Karnataka,Mysuru,570003,1,0,0,0.99999999999998
08-09-2025,Karnataka,Mysuru,570016,0,0,1,0.9999999999999446
08-09-2025,Karnataka,Mysuru,570023,1,0,0,0.99999999999998
08-09-2025,Karnataka,Mysuru,571101,2,0,0,2.000000000000001
08-09-2025,Karnataka,Mysuru,571102,0,1,0,0.999999999999934
08-09-2025,Karnataka,Mysuru,571104,1,0,1,1.9999999999999654
08-09-2025,Karnataka,Mysuru,571108,0,0,1,0.9999999999999446
08-09-2025,Karnataka,Mysuru,571121,2,9,3,13.99999999999973
08-09-2025,Karnataka,Mysuru,571125,0,1,0,0.999999999999934
08-09-2025,Karnataka,Mysuru,571315,0,1,0,0.999999999999934
08-09-2025,Karnataka,Raichur,584116,9,4,0,13.000000000000046
08-09-2025,Karnataka,Raichur,584125,7,0,0,7.000000000000105
08-09-2025,Karnataka,Raichur,584128,8,6,0,13.999999999999975
08-09-2025,Karnataka,Raichur,584139,1,1,0,1.999999999999955
08-09-2025,Karnataka,Raichur,584140,1,0,0,0.99999999999998
08-09-2025,Karnataka,Raichur,584167,0,1,0,0.999999999999934
08-09-2025,Karnataka,Raichur,584202,0,1,0,0.999999999999934
08-09-2025,Karnataka,Ramanagar,561201,2,0,0,2.000000000000001
08-09-2025,Karnataka,Ramanagar,562120,4,0,0,4.000000000000043
08-09-2025,Karnataka,Ramanagar,562128,1,0,0,0.99999999999998
08-09-2025,Karnataka,Ramanagar,562159,10,2,0,12.000000000000117
08-09-2025,Karnataka,Shimoga,577201,2,1,0,2.999999999999976
08-09-2025,Karnataka,Shimoga,577214,1,0,0,0.99999999999998
08-09-2025,Karnataka,Shimoga,577227,3,0,0,3.0000000000000218
08-09-2025,Karnataka,Shimoga,577413,3,0,0,3.0000000000000218
08-09-2025,Karnataka,Shimoga,577415,1,0,0,0.99999999999998
08-09-2025,Karnataka,Shimoga,577417,1,0,0,0.99999999999998
08-09-2025,Karnataka,Shimoga,577427,3,0,0,3.0000000000000218
08-09-2025,Karnataka,Shivamogga,577204,3,0,0,3.0000000000000218
08-09-2025,Karnataka,Shivamogga,577413,1,0,0,0.99999999999998
08-09-2025,Karnataka,Tumakuru,572101,1,0,0,0.99999999999998
08-09-2025,Karnataka,Tumakuru,572104,2,0,0,2.000000000000001
08-09-2025,Karnataka,Tumakuru,572105,0,1,0,0.999999999999934
08-09-2025,Karnataka,Tumakuru,572122,2,0,0,2.000000000000001
08-09-2025,Karnataka,Tumakuru,572128,1,0,0,0.99999999999998
08-09-2025,Karnataka,Tumakuru,572175,2,0,0,2.000000000000001
08-09-2025,Karnataka,Tumakuru,572218,3,0,0,3.0000000000000218
08-09-2025,Karnataka,Tumakuru,572219,1,0,0,0.99999999999998
08-09-2025,Karnataka,Tumkur,572107,1,0,0,0.99999999999998
08-09-2025,Karnataka,Tumkur,572120,2,0,0,2.000000000000001
08-09-2025,Karnataka,Tumkur,572121,2,0,0,2.000000000000001
08-09-2025,Karnataka,Tumkur,572130,1,0,0,0.99999999999998
08-09-2025,Karnataka,Tumkur,572132,2,0,0,2.000000000000001
08-09-2025,Karnataka,Udupi,574102,1,0,0,0.99999999999998
08-09-2025,Karnataka,Udupi,574111,2,0,0,2.000000000000001
08-09-2025,Karnataka,Udupi,576115,24,0,0,24.000000000000462
08-09-2025,Karnataka,Udupi,576124,0,1,0,0.999999999999934
08-09-2025,Karnataka,Udupi,576211,3,1,0,3.9999999999999964
08-09-2025,Karnataka,Udupi,576216,2,0,0,2.000000000000001
08-09-2025,Karnataka,Udupi,576227,1,0,0,0.99999999999998
08-09-2025,Karnataka,Udupi,576232,1,0,0,0.99999999999998
08-09-2025,Karnataka,Udupi,576234,1,0,0,0.99999999999998
08-09-2025,Karnataka,Udupi,576283,2,0,0,2.000000000000001
08-09-2025,Karnataka,Uttara Kannada,581187,1,0,0,0.99999999999998
08-09-2025,Karnataka,Uttara Kannada,581314,4,0,0,4.000000000000043
08-09-2025,Karnataka,Uttara Kannada,581318,2,0,0,2.000000000000001
08-09-2025,Karnataka,Uttara Kannada,581325,1,0,0,0.99999999999998
08-09-2025,Karnataka,Uttara Kannada,581336,1,0,0,0.99999999999998
08-09-2025,Karnataka,Uttara Kannada,581400,1,0,0,0.99999999999998
08-09-2025,Karnataka,Vijayanagara,583130,2,1,0,2.999999999999976
08-09-2025,Karnataka,Vijayanagara,583212,2,0,0,2.000000000000001
08-09-2025,Karnataka,Vijayanagara,583220,0,1,0,0.999999999999934
08-09-2025,Karnataka,Vijayanagara,583222,2,0,0,2.000000000000001
08-09-2025,Karnataka,Vijayapura,586101,3,1,0,3.9999999999999964
08-09-2025,Karnataka,Vijayapura,586119,1,1,0,1.999999999999955
08-09-2025,Karnataka,Vijayapura,586212,1,1,0,1.999999999999955
08-09-2025,Karnataka,Yadgir,585214,4,1,0,5.000000000000018
08-09-2025,Karnataka,Yadgir,585221,6,3,0,9.000000000000009
08-09-2025,Karnataka,yadgir,585214,2,0,0,2.000000000000001
08-09-2025,Karnataka,yadgir,585220,2,0,0,2.000000000000001
08-09-2025,Karnataka,yadgir,585223,1,0,0,0.99999999999998
08-09-2025,Karnataka,yadgir,585224,4,1,0,5.000000000000018
08-09-2025,Karnataka,yadgir,585321,1,0,0,0.99999999999998
09-09-2025,Karnataka,Bagalkot,586126,1,0,0,0.99999999999998
09-09-2025,Karnataka,Bagalkot,587117,3,0,0,3.0000000000000218
09-09-2025,Karnataka,Bagalkot,587121,4,2,0,5.999999999999993
09-09-2025,Karnataka,Bagalkot,587122,3,2,0,4.999999999999972
09-09-2025,Karnataka,Bagalkot,587125,6,5,1,11.999999999999945
09-09-2025,Karnataka,Bagalkot,587311,3,0,0,3.0000000000000218
09-09-2025,Karnataka,Ballari,583116,1,0,0,0.99999999999998
09-09-2025,Karnataka,Ballari,583122,2,1,0,2.999999999999976
09-09-2025,Karnataka,Ballari,583123,2,0,3,4.999999999999957
09-09-2025,Karnataka,Ballari,583201,2,1,0,2.999999999999976
09-09-2025,Karnataka,Ballari,583221,1,0,0,0.99999999999998
09-09-2025,Karnataka,Bangalore,560030,3,0,0,3.0000000000000218
09-09-2025,Karnataka,Bangalore,560034,1,0,0,0.99999999999998
09-09-2025,Karnataka,Bangalore,560078,4,1,0,5.000000000000018
09-09-2025,Karnataka,Bangalore,560079,2,0,0,2.000000000000001
09-09-2025,Karnataka,Bangalore,560087,0,1,0,0.999999999999934
09-09-2025,Karnataka,Bangalore,560093,1,0,0,0.99999999999998
09-09-2025,Karnataka,Bangalore,560096,1,0,0,0.99999999999998
09-09-2025,Karnataka,Bangalore,560097,0,1,0,0.999999999999934
09-09-2025,Karnataka,Bangalore,560099,1,0,0,0.99999999999998
09-09-2025,Karnataka,Bangalore Rural,560067,1,0,0,0.99999999999998
09-09-2025,Karnataka,Belagavi,590003,1,0,0,0.99999999999998
09-09-2025,Karnataka,Belagavi,590006,1,0,0,0.99999999999998
09-09-2025,Karnataka,Belagavi,591114,4,1,0,5.000000000000018
09-09-2025,Karnataka,Belagavi,591115,1,0,0,0.99999999999998
09-09-2025,Karnataka,Belagavi,591117,10,0,0,10.000000000000169
09-09-2025,Karnataka,Belagavi,591118,1,0,0,0.99999999999998
09-09-2025,Karnataka,Belagavi,591129,5,0,0,5.000000000000064
09-09-2025,Karnataka,Belagavi,591130,2,0,0,2.000000000000001
09-09-2025,Karnataka,Belagavi,591143,1,0,0,0.99999999999998
09-09-2025,Karnataka,Belagavi,591212,2,1,0,2.999999999999976
09-09-2025,Karnataka,Belagavi,591221,2,0,1,2.9999999999999862
09-09-2025,Karnataka,Belagavi,591239,1,0,0,0.99999999999998
09-09-2025,Karnataka,Belagavi,591241,2,0,0,2.000000000000001
09-09-2025,Karnataka,Belagavi,591242,0,1,0,0.999999999999934
09-09-2025,Karnataka,Belagavi,591246,3,0,0,3.0000000000000218
09-09-2025,Karnataka,Belagavi,591248,1,0,0,0.99999999999998
09-09-2025,Karnataka,Belagavi,591309,2,0,0,2.000000000000001
09-09-2025,Karnataka,Belagavi,591344,1,0,0,0.99999999999998
09-09-2025,Karnataka,Belgaum,591113,2,0,0,2.000000000000001
09-09-2025,Karnataka,Belgaum,591129,4,1,0,5.000000000000018
09-09-2025,Karnataka,Belgaum,591156,0,1,0,0.999999999999934
09-09-2025,Karnataka,Belgaum,591222,5,0,0,5.000000000000064
09-09-2025,Karnataka,Belgaum,591224,1,1,0,1.999999999999955
09-09-2025,Karnataka,Belgaum,591233,0,2,0,1.999999999999909
09-09-2025,Karnataka,Belgaum,591237,1,0,0,0.99999999999998
09-09-2025,Karnataka,Belgaum,591246,1,0,0,0.99999999999998
09-09-2025,Karnataka,Belgaum,591254,1,1,0,1.999999999999955
09-09-2025,Karnataka,Bellary,583112,1,0,0,0.99999999999998
09-09-2025,Karnataka,Bellary,583115,2,1,0,2.999999999999976
09-09-2025,Karnataka,Bellary,583117,3,0,0,3.0000000000000218
09-09-2025,Karnataka,Bellary,583124,1,1,0,1.999999999999955
09-09-2025,Karnataka,Bellary,583126,2,0,0,2.000000000000001
09-09-2025,Karnataka,Bellary,583128,5,6,0,10.999999999999913
09-09-2025,Karnataka,Bengaluru,560008,0,0,1,0.9999999999999446
09-09-2025,Karnataka,Bengaluru,560010,2,1,0,2.999999999999976
09-09-2025,Karnataka,Bengaluru,560019,1,0,0,0.99999999999998
09-09-2025,Karnataka,Bengaluru,560037,1,0,0,0.99999999999998
09-09-2025,Karnataka,Bengaluru,560038,1,0,1,1.9999999999999654
09-09-2025,Karnataka,Bengaluru,560043,4,0,1,5.000000000000028
09-09-2025,Karnataka,Bengaluru,560053,0,2,0,1.999999999999909
09-09-2025,Karnataka,Bengaluru,560061,6,0,1,7.00000000000007
09-09-2025,Karnataka,Bengaluru,560062,2,1,0,2.999999999999976
09-09-2025,Karnataka,Bengaluru,560083,6,1,0,7.0000000000000595
09-09-2025,Karnataka,Bengaluru,560087,3,1,1,4.999999999999982
09-09-2025,Karnataka,Bengaluru,560092,0,1,0,0.999999999999934
09-09-2025,Karnataka,Bengaluru,560099,3,0,0,3.0000000000000218
09-09-2025,Karnataka,Bengaluru,560100,2,0,0,2.000000000000001
09-09-2025,Karnataka,Bengaluru,562106,2,0,0,2.000000000000001
09-09-2025,Karnataka,Bengaluru,562149,6,0,2,8.000000000000055
09-09-2025,Karnataka,Bidar,585327,8,2,0,10.000000000000076
09-09-2025,Karnataka,Bidar,585330,3,2,0,4.999999999999972
09-09-2025,Karnataka,Bidar,585353,3,0,0,3.0000000000000218
09-09-2025,Karnataka,Bidar,585416,8,0,0,8.000000000000126
09-09-2025,Karnataka,Bidar,585418,1,0,0,0.99999999999998
09-09-2025,Karnataka,Bidar,585443,3,0,0,3.0000000000000218
09-09-2025,Karnataka,Bijapur,586104,3,1,0,3.9999999999999964
09-09-2025,Karnataka,Bijapur,586115,2,0,0,2.000000000000001
09-09-2025,Karnataka,Bijapur,586119,0,2,0,1.999999999999909
09-09-2025,Karnataka,Bijapur,586123,2,0,0,2.000000000000001
09-09-2025,Karnataka,Bijapur,586124,2,1,0,2.999999999999976
09-09-2025,Karnataka,Bijapur,586201,2,0,0,2.000000000000001
09-09-2025,Karnataka,Bijapur,586215,2,2,0,3.9999999999999507
09-09-2025,Karnataka,Chamarajanagar,571440,1,0,0,0.99999999999998
09-09-2025,Karnataka,Chamrajanagar,571115,1,0,0,0.99999999999998
09-09-2025,Karnataka,Chamrajanagar,571128,2,0,0,2.000000000000001
09-09-2025,Karnataka,Chamrajanagar,571439,2,0,0,2.000000000000001
09-09-2025,Karnataka,Chickmagalur,577113,1,0,0,0.99999999999998
09-09-2025,Karnataka,Chickmagalur,577129,1,0,0,0.99999999999998
09-09-2025,Karnataka,Chickmagalur,577132,1,0,0,0.99999999999998
09-09-2025,Karnataka,Chickmagalur,577168,1,0,0,0.99999999999998
09-09-2025,Karnataka,Chickmagalur,577175,1,0,0,0.99999999999998
09-09-2025,Karnataka,Chickmagalur,577182,1,0,0,0.99999999999998
09-09-2025,Karnataka,Chikkaballapur,561211,2,1,0,2.999999999999976
09-09-2025,Karnataka,Chikkaballapur,563124,3,1,0,3.9999999999999964
09-09-2025,Karnataka,Chikkamagaluru,577102,1,0,0,0.99999999999998
09-09-2025,Karnataka,Chikkamagaluru,577134,1,0,0,0.99999999999998
09-09-2025,Karnataka,Chitradurga,577502,1,0,0,0.99999999999998
09-09-2025,Karnataka,Chitradurga,577546,1,0,0,0.99999999999998
09-09-2025,Karnataka,Chitradurga,577554,1,0,0,0.99999999999998
09-09-2025,Karnataka,Dakshina Kannada,574198,4,0,0,4.000000000000043
09-09-2025,Karnataka,Dakshina Kannada,574214,2,0,0,2.000000000000001
09-09-2025,Karnataka,Dakshina Kannada,574220,2,0,0,2.000000000000001
09-09-2025,Karnataka,Dakshina Kannada,574230,2,0,0,2.000000000000001
09-09-2025,Karnataka,Dakshina Kannada,574231,5,0,0,5.000000000000064
09-09-2025,Karnataka,Dakshina Kannada,574234,2,0,0,2.000000000000001
09-09-2025,Karnataka,Dakshina Kannada,574235,1,1,0,1.999999999999955
09-09-2025,Karnataka,Dakshina Kannada,574328,1,0,0,0.99999999999998
09-09-2025,Karnataka,Dakshina Kannada,575003,1,0,0,0.99999999999998
09-09-2025,Karnataka,Dakshina Kannada,575010,1,0,0,0.99999999999998
09-09-2025,Karnataka,Dakshina Kannada,575014,2,0,0,2.000000000000001
09-09-2025,Karnataka,Dakshina Kannada,575029,1,0,0,0.99999999999998
09-09-2025,Karnataka,Davanagere,583137,1,0,0,0.99999999999998
09-09-2025,Karnataka,Davangere,577001,6,0,0,6.000000000000084
09-09-2025,Karnataka,Davangere,577213,9,0,0,9.000000000000147
09-09-2025,Karnataka,Davangere,577215,2,0,0,2.000000000000001
09-09-2025,Karnataka,Davangere,577223,4,0,0,4.000000000000043
09-09-2025,Karnataka,Davangere,577512,1,1,0,1.999999999999955
09-09-2025,Karnataka,Davangere,577514,1,0,0,0.99999999999998
09-09-2025,Karnataka,Davangere,577528,6,2,0,8.000000000000034
09-09-2025,Karnataka,Davangere,583131,1,0,0,0.99999999999998
09-09-2025,Karnataka,Dharwad,580009,2,0,0,2.000000000000001
09-09-2025,Karnataka,Dharwad,580025,1,0,0,0.99999999999998
09-09-2025,Karnataka,Dharwad,580031,1,0,0,0.99999999999998
09-09-2025,Karnataka,Dharwad,580032,1,0,0,0.99999999999998
09-09-2025,Karnataka,Dharwad,580114,3,0,0,3.0000000000000218
09-09-2025,Karnataka,Dharwad,582208,4,0,0,4.000000000000043
09-09-2025,Karnataka,Gadag,582101,6,0,0,6.000000000000084
09-09-2025,Karnataka,Gadag,582103,9,1,0,10.000000000000123
09-09-2025,Karnataka,Gadag,582115,6,0,0,6.000000000000084
09-09-2025,Karnataka,Gadag,582205,2,0,0,2.000000000000001
09-09-2025,Karnataka,Gulbarga,585101,2,0,0,2.000000000000001
09-09-2025,Karnataka,Gulbarga,585218,2,0,0,2.000000000000001
09-09-2025,Karnataka,Gulbarga,585222,4,1,0,5.000000000000018
09-09-2025,Karnataka,Gulbarga,585228,4,0,0,4.000000000000043
09-09-2025,Karnataka,Gulbarga,585302,1,1,0,1.999999999999955
09-09-2025,Karnataka,Gulbarga,585317,2,0,0,2.000000000000001
09-09-2025,Karnataka,Gulbarga,585320,2,0,0,2.000000000000001
09-09-2025,Karnataka,Gulbarga,585322,1,0,0,0.99999999999998
09-09-2025,Karnataka,Hasan,573123,1,0,0,0.99999999999998
09-09-2025,Karnataka,Hassan,573103,1,0,0,0.99999999999998
09-09-2025,Karnataka,Hassan,573111,2,0,0,2.000000000000001
09-09-2025,Karnataka,Hassan,573116,2,0,0,2.000000000000001
09-09-2025,Karnataka,Hassan,573120,2,0,0,2.000000000000001
09-09-2025,Karnataka,Hassan,573121,2,0,0,2.000000000000001
09-09-2025,Karnataka,Hassan,573164,2,0,0,2.000000000000001
09-09-2025,Karnataka,Hassan,573211,2,1,0,2.999999999999976
09-09-2025,Karnataka,Hassan,573213,2,0,0,2.000000000000001
09-09-2025,Karnataka,Hassan,573219,1,0,0,0.99999999999998
09-09-2025,Karnataka,Haveri,581205,6,0,0,6.000000000000084
09-09-2025,Karnataka,Haveri,581208,2,0,0,2.000000000000001
09-09-2025,Karnataka,Haveri,581210,1,0,0,0.99999999999998
09-09-2025,Karnataka,Haveri,581212,2,0,0,2.000000000000001
09-09-2025,Karnataka,Kalaburagi,585306,5,0,0,5.000000000000064
09-09-2025,Karnataka,Kalaburagi,585314,0,1,0,0.999999999999934
09-09-2025,Karnataka,Kalaburagi,585322,1,1,0,1.999999999999955
09-09-2025,Karnataka,Kodagu,571201,2,0,0,2.000000000000001
09-09-2025,Karnataka,Kodagu,571212,1,0,0,0.99999999999998
09-09-2025,Karnataka,Kodagu,571218,2,0,0,2.000000000000001
09-09-2025,Karnataka,Kodagu,571236,3,0,0,3.0000000000000218
09-09-2025,Karnataka,Kodagu,571252,1,0,0,0.99999999999998
09-09-2025,Karnataka,Kodagu,574234,6,1,0,7.0000000000000595
09-09-2025,Karnataka,Kolar,563129,4,0,0,4.000000000000043
09-09-2025,Karnataka,Kolar,563134,1,0,0,0.99999999999998
09-09-2025,Karnataka,Koppal,583229,3,0,0,3.0000000000000218
09-09-2025,Karnataka,Koppal,583268,4,0,0,4.000000000000043
09-09-2025,Karnataka,Koppal,583278,0,2,1,2.9999999999998943
09-09-2025,Karnataka,Koppal,583280,1,1,0,1.999999999999955
09-09-2025,Karnataka,Mandya,571430,2,0,0,2.000000000000001
09-09-2025,Karnataka,Mandya,571450,0,1,0,0.999999999999934
09-09-2025,Karnataka,Mandya,571605,1,0,0,0.99999999999998
09-09-2025,Karnataka,Mysore,570026,1,0,0,0.99999999999998
09-09-2025,Karnataka,Mysore,571315,1,0,0,0.99999999999998
09-09-2025,Karnataka,Mysore,571617,1,0,0,0.99999999999998
09-09-2025,Karnataka,Mysuru,570011,1,0,0,0.99999999999998
09-09-2025,Karnataka,Mysuru,570016,1,0,0,0.99999999999998
09-09-2025,Karnataka,Mysuru,571105,1,2,0,2.99999999999993
09-09-2025,Karnataka,Mysuru,571114,3,0,0,3.0000000000000218
09-09-2025,Karnataka,Mysuru,571610,1,0,0,0.99999999999998
09-09-2025,Karnataka,Mysuru,571617,1,0,0,0.99999999999998
09-09-2025,Karnataka,Raichur,584118,1,0,0,0.99999999999998
09-09-2025,Karnataka,Raichur,584124,3,0,0,3.0000000000000218
09-09-2025,Karnataka,Raichur,584167,3,0,0,3.0000000000000218
09-09-2025,Karnataka,Ramanagar,562109,1,1,0,1.999999999999955
09-09-2025,Karnataka,Ramanagar,562128,3,0,1,4.000000000000007
09-09-2025,Karnataka,Ramanagar,562159,7,0,0,7.000000000000105
09-09-2025,Karnataka,Shimoga,577401,3,0,0,3.0000000000000218
09-09-2025,Karnataka,Shimoga,577416,1,0,0,0.99999999999998
09-09-2025,Karnataka,Shivamogga,577301,2,0,0,2.000000000000001
09-09-2025,Karnataka,Shivamogga,577427,2,0,0,2.000000000000001
09-09-2025,Karnataka,Tumakuru,572104,1,1,0,1.999999999999955
09-09-2025,Karnataka,Tumakuru,572105,1,0,0,0.99999999999998
09-09-2025,Karnataka,Tumakuru,572112,1,0,0,0.99999999999998
09-09-2025,Karnataka,Tumakuru,572117,1,0,0,0.99999999999998
09-09-2025,Karnataka,Tumakuru,572120,2,0,0,2.000000000000001
09-09-2025,Karnataka,Tumakuru,572136,1,0,0,0.99999999999998
09-09-2025,Karnataka,Tumakuru,572137,1,1,0,1.999999999999955
09-09-2025,Karnataka,Tumakuru,572175,3,1,0,3.9999999999999964
09-09-2025,Karnataka,Tumakuru,572218,2,0,1,2.9999999999999862
09-09-2025,Karnataka,Tumkur,572112,2,0,0,2.000000000000001
09-09-2025,Karnataka,Tumkur,572122,1,0,0,0.99999999999998
09-09-2025,Karnataka,Tumkur,572125,1,0,0,0.99999999999998
09-09-2025,Karnataka,Tumkur,572137,4,0,0,4.000000000000043
09-09-2025,Karnataka,Tumkur,572216,1,0,0,0.99999999999998
09-09-2025,Karnataka,Tumkur,572218,1,1,0,1.999999999999955
09-09-2025,Karnataka,Tumkur,572224,1,0,0,0.99999999999998
09-09-2025,Karnataka,Udupi,574112,1,0,0,0.99999999999998
09-09-2025,Karnataka,Udupi,576102,6,0,0,6.000000000000084
09-09-2025,Karnataka,Udupi,576104,0,1,0,0.999999999999934
09-09-2025,Karnataka,Udupi,576212,2,0,0,2.000000000000001
09-09-2025,Karnataka,Uttara Kannada,581314,1,0,0,0.99999999999998
09-09-2025,Karnataka,Uttara Kannada,581358,2,0,0,2.000000000000001
09-09-2025,Karnataka,Uttara Kannada,581363,1,0,0,0.99999999999998
09-09-2025,Karnataka,Uttara Kannada,581396,1,1,0,1.999999999999955
09-09-2025,Karnataka,Uttara Kannada,581423,1,0,0,0.99999999999998
09-09-2025,Karnataka,Vijayanagara,583134,3,0,0,3.0000000000000218
09-09-2025,Karnataka,Vijayanagara,583217,1,0,0,0.99999999999998
09-09-2025,Karnataka,Vijayanagara,583221,1,0,0,0.99999999999998
09-09-2025,Karnataka,Vijayanagara,583222,2,0,0,2.000000000000001
09-09-2025,Karnataka,Vijayanagara,583225,1,1,0,1.999999999999955
09-09-2025,Karnataka,Vijayapura,586102,1,0,0,0.99999999999998
09-09-2025,Karnataka,Vijayapura,586111,0,2,0,1.999999999999909
09-09-2025,Karnataka,Vijayapura,586114,1,0,0,0.99999999999998
09-09-2025,Karnataka,Vijayapura,586117,6,1,0,7.0000000000000595
09-09-2025,Karnataka,Vijayapura,586119,3,0,0,3.0000000000000218
09-09-2025,Karnataka,Vijayapura,586121,2,2,0,3.9999999999999507
09-09-2025,Karnataka,Vijayapura,586122,1,0,0,0.99999999999998
09-09-2025,Karnataka,Vijayapura,586125,1,0,0,0.99999999999998
09-09-2025,Karnataka,Vijayapura,586213,3,1,0,3.9999999999999964
09-09-2025,Karnataka,Vijayapura,586215,2,0,0,2.000000000000001
09-09-2025,Karnataka,Vijayapura,586245,3,0,0,3.0000000000000218
09-09-2025,Karnataka,Yadgir,585216,5,1,0,6.000000000000038
09-09-2025,Karnataka,Yadgir,585219,6,0,0,6.000000000000084
09-09-2025,Karnataka,Yadgir,585237,2,0,0,2.000000000000001
09-09-2025,Karnataka,Yadgir,585355,1,0,0,0.99999999999998
09-09-2025,Karnataka,yadgir,585309,1,0,0,0.99999999999998
10-09-2025,Karnataka,Bagalkot,587101,0,1,0,0.999999999999934
10-09-2025,Karnataka,Bagalkot,587111,2,0,0,2.000000000000001
10-09-2025,Karnataka,Bagalkot,587113,5,0,0,5.000000000000064
10-09-2025,Karnataka,Bagalkot,587117,2,0,0,2.000000000000001
10-09-2025,Karnataka,Bagalkot,587124,4,0,0,4.000000000000043
10-09-2025,Karnataka,Bagalkot,587125,6,2,0,8.000000000000034
10-09-2025,Karnataka,Bagalkot,587154,8,0,0,8.000000000000126
10-09-2025,Karnataka,Bagalkot,587204,6,0,1,7.00000000000007
10-09-2025,Karnataka,Bagalkot,587205,0,1,0,0.999999999999934
10-09-2025,Karnataka,Bagalkot,587312,11,6,0,17.000000000000036
10-09-2025,Karnataka,Ballari,583111,1,0,0,0.99999999999998
10-09-2025,Karnataka,Ballari,583113,2,0,0,2.000000000000001
10-09-2025,Karnataka,Ballari,583116,2,0,0,2.000000000000001
10-09-2025,Karnataka,Ballari,583120,2,0,0,2.000000000000001
10-09-2025,Karnataka,Ballari,583123,2,0,0,2.000000000000001
10-09-2025,Karnataka,Ballari,583132,5,0,0,5.000000000000064
10-09-2025,Karnataka,Ballari,583223,1,0,0,0.99999999999998
10-09-2025,Karnataka,Bangalore,560022,1,0,0,0.99999999999998
10-09-2025,Karnataka,Bangalore,560029,2,0,0,2.000000000000001
10-09-2025,Karnataka,Bangalore,560047,1,1,0,1.999999999999955
10-09-2025,Karnataka,Bangalore,560053,2,0,0,2.000000000000001
10-09-2025,Karnataka,Bangalore,560057,1,0,0,0.99999999999998
10-09-2025,Karnataka,Bangalore,560068,2,0,0,2.000000000000001
10-09-2025,Karnataka,Bangalore,560079,3,0,0,3.0000000000000218
10-09-2025,Karnataka,Bangalore,560091,0,1,0,0.999999999999934
10-09-2025,Karnataka,Bangalore,560098,1,0,0,0.99999999999998
10-09-2025,Karnataka,Bangalore,560100,1,1,0,1.999999999999955
10-09-2025,Karnataka,Bangalore,560103,0,1,0,0.999999999999934
10-09-2025,Karnataka,Bangalore,562157,3,0,0,3.0000000000000218
10-09-2025,Karnataka,Bangalore Rural,561203,10,1,0,11.000000000000142
10-09-2025,Karnataka,Bangalore Rural,562111,2,0,0,2.000000000000001
10-09-2025,Karnataka,Bangalore Rural,562123,4,2,0,5.999999999999993
10-09-2025,Karnataka,Bangalore Rural,562129,1,0,0,0.99999999999998
10-09-2025,Karnataka,Bangalore Rural,562149,1,0,0,0.99999999999998
10-09-2025,Karnataka,Belagavi,590016,9,0,0,9.000000000000147
10-09-2025,Karnataka,Belagavi,590018,1,0,0,0.99999999999998
10-09-2025,Karnataka,Belagavi,591102,3,1,0,3.9999999999999964
10-09-2025,Karnataka,Belagavi,591106,2,1,0,2.999999999999976
10-09-2025,Karnataka,Belagavi,591111,2,0,0,2.000000000000001
10-09-2025,Karnataka,Belagavi,591125,1,0,0,0.99999999999998
10-09-2025,Karnataka,Belagavi,591127,1,0,0,0.99999999999998
10-09-2025,Karnataka,Belagavi,591213,1,0,0,0.99999999999998
10-09-2025,Karnataka,Belagavi,591214,1,0,0,0.99999999999998
10-09-2025,Karnataka,Belagavi,591215,1,0,0,0.99999999999998
10-09-2025,Karnataka,Belagavi,591228,0,0,1,0.9999999999999446
10-09-2025,Karnataka,Belagavi,591230,4,0,0,4.000000000000043
10-09-2025,Karnataka,Belagavi,591232,1,1,0,1.999999999999955
10-09-2025,Karnataka,Belagavi,591241,2,0,0,2.000000000000001
10-09-2025,Karnataka,Belagavi,591287,1,0,0,0.99999999999998
10-09-2025,Karnataka,Belagavi,591305,1,0,0,0.99999999999998
10-09-2025,Karnataka,Belagavi,591307,8,0,0,8.000000000000126
10-09-2025,Karnataka,Belagavi,591310,2,0,0,2.000000000000001
10-09-2025,Karnataka,Belagavi,591317,9,1,0,10.000000000000123
10-09-2025,Karnataka,Belagavi,591340,1,0,0,0.99999999999998
10-09-2025,Karnataka,Belgaum,590003,2,0,0,2.000000000000001
10-09-2025,Karnataka,Belgaum,590005,1,0,0,0.99999999999998
10-09-2025,Karnataka,Belgaum,591102,0,2,0,1.999999999999909
10-09-2025,Karnataka,Belgaum,591111,1,0,0,0.99999999999998
10-09-2025,Karnataka,Belgaum,591117,3,2,0,4.999999999999972
10-09-2025,Karnataka,Belgaum,591211,1,0,0,0.99999999999998
10-09-2025,Karnataka,Belgaum,591215,1,0,0,0.99999999999998
10-09-2025,Karnataka,Belgaum,591220,0,1,0,0.999999999999934
10-09-2025,Karnataka,Belgaum,591265,2,0,0,2.000000000000001
10-09-2025,Karnataka,Belgaum,591304,7,3,0,10.00000000000003
10-09-2025,Karnataka,Bellary,583101,8,1,0,9.000000000000101
10-09-2025,Karnataka,Bellary,583124,1,0,0,0.99999999999998
10-09-2025,Karnataka,Bellary,583217,2,0,0,2.000000000000001
10-09-2025,Karnataka,Bellary,583225,1,0,0,0.99999999999998
10-09-2025,Karnataka,Bengaluru,560006,1,0,0,0.99999999999998
10-09-2025,Karnataka,Bengaluru,560008,1,1,1,2.9999999999999405
10-09-2025,Karnataka,Bengaluru,560043,5,2,1,7.999999999999998
10-09-2025,Karnataka,Bengaluru,560045,8,2,0,10.000000000000076
10-09-2025,Karnataka,Bengaluru,560046,1,0,0,0.99999999999998
10-09-2025,Karnataka,Bengaluru,560051,0,1,0,0.999999999999934
10-09-2025,Karnataka,Bengaluru,560057,2,0,0,2.000000000000001
10-09-2025,Karnataka,Bengaluru,560066,1,1,1,2.9999999999999405
10-09-2025,Karnataka,Bengaluru,560070,1,1,0,1.999999999999955
10-09-2025,Karnataka,Bengaluru,560075,1,0,0,0.99999999999998
10-09-2025,Karnataka,Bengaluru,560076,2,1,2,4.999999999999947
10-09-2025,Karnataka,Bengaluru,560078,3,3,1,6.9999999999999325
10-09-2025,Karnataka,Bengaluru,560090,0,1,0,0.999999999999934
10-09-2025,Karnataka,Bengaluru,562123,4,0,0,4.000000000000043
10-09-2025,Karnataka,Bengaluru,562157,1,0,0,0.99999999999998
10-09-2025,Karnataka,Bidar,585226,2,2,0,3.9999999999999507
10-09-2025,Karnataka,Bidar,585227,0,1,0,0.999999999999934
10-09-2025,Karnataka,Bidar,585330,6,2,0,8.000000000000034
10-09-2025,Karnataka,Bidar,585411,1,1,0,1.999999999999955
10-09-2025,Karnataka,Bidar,585414,1,3,0,3.9999999999999045
10-09-2025,Karnataka,Bidar,585415,2,1,0,2.999999999999976
10-09-2025,Karnataka,Bidar,585417,1,2,0,2.99999999999993
10-09-2025,Karnataka,Bijapur,586116,1,1,0,1.999999999999955
10-09-2025,Karnataka,Bijapur,586118,2,1,0,2.999999999999976
10-09-2025,Karnataka,Bijapur,586125,1,1,0,1.999999999999955
10-09-2025,Karnataka,Bijapur,586204,1,1,0,1.999999999999955
10-09-2025,Karnataka,Bijapur,586207,4,1,0,5.000000000000018
10-09-2025,Karnataka,Bijapur,586217,1,3,0,3.9999999999999045
10-09-2025,Karnataka,Bijapur,586245,2,1,0,2.999999999999976
10-09-2025,Karnataka,Chamrajanagar,571115,1,0,0,0.99999999999998
10-09-2025,Karnataka,Chamrajanagar,571117,1,0,0,0.99999999999998
10-09-2025,Karnataka,Chamrajanagar,571127,1,1,0,1.999999999999955
10-09-2025,Karnataka,Chamrajanagar,571128,1,0,0,0.99999999999998
10-09-2025,Karnataka,Chamrajanagar,571313,4,1,0,5.000000000000018
10-09-2025,Karnataka,Chamrajanagar,571439,3,1,0,3.9999999999999964
10-09-2025,Karnataka,Chamrajanagar,571443,1,0,0,0.99999999999998
10-09-2025,Karnataka,Chamrajnagar,571111,1,1,0,1.999999999999955
10-09-2025,Karnataka,Chamrajnagar,571442,2,0,0,2.000000000000001
10-09-2025,Karnataka,Chickmagalur,577101,2,0,0,2.000000000000001
10-09-2025,Karnataka,Chickmagalur,577140,1,0,0,0.99999999999998
10-09-2025,Karnataka,Chikkaballapur,561211,1,0,0,0.99999999999998
10-09-2025,Karnataka,Chikkaballapur,561213,2,0,0,2.000000000000001
10-09-2025,Karnataka,Chikkaballapur,563124,2,0,0,2.000000000000001
10-09-2025,Karnataka,Chikkamagaluru,577122,1,0,0,0.99999999999998
10-09-2025,Karnataka,Chikkamagaluru,577144,2,0,0,2.000000000000001
10-09-2025,Karnataka,Chikkamagaluru,577548,4,1,2,6.9999999999999885
10-09-2025,Karnataka,Chitradurga,577524,1,0,0,0.99999999999998
10-09-2025,Karnataka,Chitradurga,577526,2,0,0,2.000000000000001
10-09-2025,Karnataka,Chitradurga,577529,1,0,0,0.99999999999998
10-09-2025,Karnataka,Chitradurga,577532,1,0,0,0.99999999999998
10-09-2025,Karnataka,Chitradurga,577533,4,0,0,4.000000000000043
10-09-2025,Karnataka,Chitradurga,577554,1,0,0,0.99999999999998
10-09-2025,Karnataka,Dakshina Kannada,574146,1,0,0,0.99999999999998
10-09-2025,Karnataka,Dakshina Kannada,574219,1,0,0,0.99999999999998
10-09-2025,Karnataka,Dakshina Kannada,574231,2,0,0,2.000000000000001
10-09-2025,Karnataka,Dakshina Kannada,574325,2,0,0,2.000000000000001
10-09-2025,Karnataka,Dakshina Kannada,575001,1,0,0,0.99999999999998
10-09-2025,Karnataka,Dakshina Kannada,575005,1,0,0,0.99999999999998
10-09-2025,Karnataka,Davanagere,577566,1,0,0,0.99999999999998
10-09-2025,Karnataka,Davanagere,577601,2,0,0,2.000000000000001
10-09-2025,Karnataka,Davangere,577003,1,0,0,0.99999999999998
10-09-2025,Karnataka,Davangere,577218,5,0,0,5.000000000000064
10-09-2025,Karnataka,Davangere,583127,1,0,0,0.99999999999998
10-09-2025,Karnataka,Dharwad,580114,2,0,0,2.000000000000001
10-09-2025,Karnataka,Dharwad,581204,9,0,0,9.000000000000147
10-09-2025,Karnataka,Dharwad,581207,2,1,0,2.999999999999976
10-09-2025,Karnataka,Dharwad,582201,3,0,0,3.0000000000000218
10-09-2025,Karnataka,Gadag,582102,11,0,0,11.000000000000188
10-09-2025,Karnataka,Gadag,582112,7,1,0,8.00000000000008
10-09-2025,Karnataka,Gadag,582202,1,1,0,1.999999999999955
10-09-2025,Karnataka,Gadag,582205,3,0,0,3.0000000000000218
10-09-2025,Karnataka,Gadag,582209,14,0,0,14.00000000000025
10-09-2025,Karnataka,Gadag,582210,0,0,1,0.9999999999999446
10-09-2025,Karnataka,Gadag *,582101,1,0,0,0.99999999999998
10-09-2025,Karnataka,Gulbarga,585221,2,1,0,2.999999999999976
10-09-2025,Karnataka,Gulbarga,585228,1,0,0,0.99999999999998
10-09-2025,Karnataka,Gulbarga,585305,2,0,0,2.000000000000001
10-09-2025,Karnataka,Gulbarga,585308,4,1,0,5.000000000000018
10-09-2025,Karnataka,Gulbarga,585312,1,0,0,0.99999999999998
10-09-2025,Karnataka,Hasan,573215,1,0,0,0.99999999999998
10-09-2025,Karnataka,Hasan,573219,2,0,0,2.000000000000001
10-09-2025,Karnataka,Hassan,573124,1,0,0,0.99999999999998
10-09-2025,Karnataka,Hassan,573130,1,0,0,0.99999999999998
10-09-2025,Karnataka,Hassan,573211,4,0,0,4.000000000000043
10-09-2025,Karnataka,Hassan,573218,1,0,0,0.99999999999998
10-09-2025,Karnataka,Hassan,573220,1,0,0,0.99999999999998
10-09-2025,Karnataka,Hassan,573225,1,0,0,0.99999999999998
10-09-2025,Karnataka,Haveri,581109,3,1,0,3.9999999999999964
10-09-2025,Karnataka,Haveri,581123,1,0,0,0.99999999999998
10-09-2025,Karnataka,Kalaburagi,585102,4,1,0,5.000000000000018
10-09-2025,Karnataka,Kalaburagi,585103,1,4,0,4.999999999999879
10-09-2025,Karnataka,Kalaburagi,585305,2,0,0,2.000000000000001
10-09-2025,Karnataka,Kalaburagi,585306,2,1,0,2.999999999999976
10-09-2025,Karnataka,Kodagu,571219,0,0,1,0.9999999999999446
10-09-2025,Karnataka,Kodagu,571231,1,0,0,0.99999999999998
10-09-2025,Karnataka,Kodagu,571234,1,1,0,1.999999999999955
10-09-2025,Karnataka,Kodagu,571251,1,0,0,0.99999999999998
10-09-2025,Karnataka,Kolar,563114,5,1,0,6.000000000000038
10-09-2025,Karnataka,Kolar,563115,1,0,0,0.99999999999998
10-09-2025,Karnataka,Kolar,563121,2,0,0,2.000000000000001
10-09-2025,Karnataka,Kolar,563126,2,0,0,2.000000000000001
10-09-2025,Karnataka,Kolar,563129,2,1,0,2.999999999999976
10-09-2025,Karnataka,Koppal,583233,1,0,0,0.99999999999998
10-09-2025,Karnataka,Koppal,583281,2,1,0,2.999999999999976
10-09-2025,Karnataka,Koppal,583283,1,4,0,4.999999999999879
10-09-2025,Karnataka,Koppal,584130,1,0,0,0.99999999999998
10-09-2025,Karnataka,Mandya,571426,2,0,0,2.000000000000001
10-09-2025,Karnataka,Mandya,571432,4,0,0,4.000000000000043
10-09-2025,Karnataka,Mysore,570012,1,0,0,0.99999999999998
10-09-2025,Karnataka,Mysore,571134,1,0,0,0.99999999999998
10-09-2025,Karnataka,Mysore,571312,1,0,0,0.99999999999998
10-09-2025,Karnataka,Mysore,571601,1,0,0,0.99999999999998
10-09-2025,Karnataka,Mysuru,570007,1,0,0,0.99999999999998
10-09-2025,Karnataka,Mysuru,570009,1,0,0,0.99999999999998
10-09-2025,Karnataka,Mysuru,571105,2,0,0,2.000000000000001
10-09-2025,Karnataka,Mysuru,571121,3,13,2,17.999999999999666
10-09-2025,Karnataka,Mysuru,571124,1,0,0,0.99999999999998
10-09-2025,Karnataka,Raichur,584113,2,1,0,2.999999999999976
10-09-2025,Karnataka,Raichur,584132,2,0,0,2.000000000000001
10-09-2025,Karnataka,Raichur,584138,2,1,0,2.999999999999976
10-09-2025,Karnataka,Ramanagar,561201,1,0,0,0.99999999999998
10-09-2025,Karnataka,Ramanagar,562108,2,0,0,2.000000000000001
10-09-2025,Karnataka,Ramanagar,562138,3,1,0,3.9999999999999964
10-09-2025,Karnataka,Shimoga,577203,3,0,0,3.0000000000000218
10-09-2025,Karnataka,Shimoga,577229,1,0,0,0.99999999999998
10-09-2025,Karnataka,Shimoga,577243,1,0,0,0.99999999999998
10-09-2025,Karnataka,Shimoga,577301,3,0,0,3.0000000000000218
10-09-2025,Karnataka,Shimoga,577413,2,0,0,2.000000000000001
10-09-2025,Karnataka,Shimoga,577422,2,0,0,2.000000000000001
10-09-2025,Karnataka,Shimoga,577450,1,0,0,0.99999999999998
10-09-2025,Karnataka,Shivamogga,577229,2,0,0,2.000000000000001
10-09-2025,Karnataka,Shivamogga,577301,7,1,0,8.00000000000008
10-09-2025,Karnataka,Shivamogga,577424,1,0,0,0.99999999999998
10-09-2025,Karnataka,Tumakuru,572102,2,0,0,2.000000000000001
10-09-2025,Karnataka,Tumakuru,572106,1,0,0,0.99999999999998
10-09-2025,Karnataka,Tumakuru,572112,1,1,0,1.999999999999955
10-09-2025,Karnataka,Tumakuru,572130,2,0,0,2.000000000000001
10-09-2025,Karnataka,Tumakuru,572133,3,0,0,3.0000000000000218
10-09-2025,Karnataka,Tumakuru,572223,1,0,0,0.99999999999998
10-09-2025,Karnataka,Tumkur,572113,2,1,0,2.999999999999976
10-09-2025,Karnataka,Tumkur,572114,1,0,0,0.99999999999998
10-09-2025,Karnataka,Tumkur,572139,3,0,0,3.0000000000000218
10-09-2025,Karnataka,Tumkur,572140,1,0,0,0.99999999999998
10-09-2025,Karnataka,Udupi,574106,1,0,0,0.99999999999998
10-09-2025,Karnataka,Udupi,574108,1,0,0,0.99999999999998
10-09-2025,Karnataka,Udupi,574118,1,0,0,0.99999999999998
10-09-2025,Karnataka,Udupi,576111,1,0,0,0.99999999999998
10-09-2025,Karnataka,Udupi,576234,16,0,0,16.00000000000029
10-09-2025,Karnataka,Uttara Kannada,581320,2,0,0,2.000000000000001
10-09-2025,Karnataka,Uttara Kannada,581329,7,0,0,7.000000000000105
10-09-2025,Karnataka,Uttara Kannada,581340,1,0,0,0.99999999999998
10-09-2025,Karnataka,Uttara Kannada,581342,1,0,0,0.99999999999998
10-09-2025,Karnataka,Uttara Kannada,581349,3,0,0,3.0000000000000218
10-09-2025,Karnataka,Uttara Kannada,581402,4,0,0,4.000000000000043
10-09-2025,Karnataka,Vijayanagara,583101,2,0,0,2.000000000000001
10-09-2025,Karnataka,Vijayanagara,583127,2,0,0,2.000000000000001
10-09-2025,Karnataka,Vijayanagara,583134,1,0,0,0.99999999999998
10-09-2025,Karnataka,Vijayanagara,583137,3,0,0,3.0000000000000218
10-09-2025,Karnataka,Vijayapura,586104,5,1,0,6.000000000000038
10-09-2025,Karnataka,Vijayapura,586108,5,1,0,6.000000000000038
10-09-2025,Karnataka,Vijayapura,586109,1,0,0,0.99999999999998
10-09-2025,Karnataka,Vijayapura,586124,2,0,0,2.000000000000001
10-09-2025,Karnataka,Vijayapura,586209,2,2,0,3.9999999999999507
10-09-2025,Karnataka,Vijayapura,586215,2,0,0,2.000000000000001
10-09-2025,Karnataka,Yadgir,585202,7,4,0,11.000000000000005
10-09-2025,Karnataka,Yadgir,585319,5,0,0,5.000000000000064
10-09-2025,Karnataka,Yadgir,585321,4,2,0,5.999999999999993
10-09-2025,Karnataka,yadgir,585237,1,0,0,0.99999999999998
11-09-2025,Karnataka,Bagalkot,587101,1,0,0,0.99999999999998
11-09-2025,Karnataka,Bagalkot,587114,0,1,0,0.999999999999934
11-09-2025,Karnataka,Bagalkot,587119,6,1,0,7.0000000000000595
11-09-2025,Karnataka,Bagalkot,587122,10,0,0,10.000000000000169
11-09-2025,Karnataka,Bagalkot,587156,3,0,0,3.0000000000000218
11-09-2025,Karnataka,Bagalkot,587312,3,3,0,5.999999999999947
11-09-2025,Karnataka,Bagalkot,587313,10,1,0,11.000000000000142
11-09-2025,Karnataka,Ballari,583101,4,2,1,6.999999999999979
11-09-2025,Karnataka,Ballari,583128,1,0,0,0.99999999999998
11-09-2025,Karnataka,Bangalore,560013,1,0,0,0.99999999999998
11-09-2025,Karnataka,Bangalore,560030,1,0,0,0.99999999999998
11-09-2025,Karnataka,Bangalore,560035,0,1,0,0.999999999999934
11-09-2025,Karnataka,Bangalore,560039,1,0,0,0.99999999999998
11-09-2025,Karnataka,Bangalore,560040,2,0,0,2.000000000000001
11-09-2025,Karnataka,Bangalore,560043,1,1,0,1.999999999999955
11-09-2025,Karnataka,Bangalore,560054,0,1,0,0.999999999999934
11-09-2025,Karnataka,Bangalore,560056,1,1,0,1.999999999999955
11-09-2025,Karnataka,Bangalore,560078,3,1,0,3.9999999999999964
11-09-2025,Karnataka,Bangalore,560087,1,0,0,0.99999999999998
11-09-2025,Karnataka,Bangalore Rural,562121,1,0,0,0.99999999999998
11-09-2025,Karnataka,Bangalore Rural,562129,9,0,0,9.000000000000147
11-09-2025,Karnataka,Belagavi,590016,3,2,0,4.999999999999972
11-09-2025,Karnataka,Belagavi,591101,3,0,0,3.0000000000000218
11-09-2025,Karnataka,Belagavi,591129,2,1,0,2.999999999999976
11-09-2025,Karnataka,Belagavi,591309,2,0,0,2.000000000000001
11-09-2025,Karnataka,Belagavi,591317,7,1,0,8.00000000000008
11-09-2025,Karnataka,Belagavi,591344,1,0,0,0.99999999999998
11-09-2025,Karnataka,Belgaum,591115,2,0,0,2.000000000000001
11-09-2025,Karnataka,Belgaum,591116,1,0,0,0.99999999999998
11-09-2025,Karnataka,Belgaum,591117,5,0,0,5.000000000000064
11-09-2025,Karnataka,Belgaum,591235,4,2,0,5.999999999999993
11-09-2025,Karnataka,Belgaum,591236,1,0,0,0.99999999999998
11-09-2025,Karnataka,Belgaum,591301,1,0,0,0.99999999999998
11-09-2025,Karnataka,Belgaum,591344,1,0,0,0.99999999999998
11-09-2025,Karnataka,Bellary,583116,0,1,0,0.999999999999934
11-09-2025,Karnataka,Bellary,583121,0,2,0,1.999999999999909
11-09-2025,Karnataka,Bellary,583124,2,0,0,2.000000000000001
11-09-2025,Karnataka,Bellary,583129,2,0,0,2.000000000000001
11-09-2025,Karnataka,Bellary,583134,3,1,0,3.9999999999999964
11-09-2025,Karnataka,Bellary,583218,1,0,0,0.99999999999998
11-09-2025,Karnataka,Bellary,583239,0,1,0,0.999999999999934
11-09-2025,Karnataka,Bengaluru,560006,1,0,0,0.99999999999998
11-09-2025,Karnataka,Bengaluru,560017,1,0,0,0.99999999999998
11-09-2025,Karnataka,Bengaluru,560018,2,0,0,2.000000000000001
11-09-2025,Karnataka,Bengaluru,560027,1,0,0,0.99999999999998
11-09-2025,Karnataka,Bengaluru,560034,3,0,0,3.0000000000000218
11-09-2025,Karnataka,Bengaluru,560048,4,3,1,7.999999999999953
11-09-2025,Karnataka,Bengaluru,560049,1,1,1,2.9999999999999405
11-09-2025,Karnataka,Bengaluru,560051,2,0,0,2.000000000000001
11-09-2025,Karnataka,Bengaluru,560060,1,0,0,0.99999999999998
11-09-2025,Karnataka,Bengaluru,560066,1,1,1,2.9999999999999405
11-09-2025,Karnataka,Bengaluru,560077,4,0,2,6.000000000000013
11-09-2025,Karnataka,Bengaluru,560092,0,2,0,1.999999999999909
11-09-2025,Karnataka,Bengaluru,560096,3,0,0,3.0000000000000218
11-09-2025,Karnataka,Bengaluru,560102,1,0,1,1.9999999999999654
11-09-2025,Karnataka,Bengaluru,560105,3,2,0,4.999999999999972
11-09-2025,Karnataka,Bengaluru,562107,2,1,0,2.999999999999976
11-09-2025,Karnataka,Bengaluru,562130,5,0,0,5.000000000000064
11-09-2025,Karnataka,Bengaluru,562149,2,0,0,2.000000000000001
11-09-2025,Karnataka,Bidar,585227,3,1,0,3.9999999999999964
11-09-2025,Karnataka,Bidar,585412,2,3,0,4.999999999999925
11-09-2025,Karnataka,Bidar,585419,5,4,0,8.999999999999963
11-09-2025,Karnataka,Bidar,585421,1,0,0,0.99999999999998
11-09-2025,Karnataka,Bidar,585436,1,2,0,2.99999999999993
11-09-2025,Karnataka,Bidar,585437,7,0,0,7.000000000000105
11-09-2025,Karnataka,Bijapur,586102,4,1,0,5.000000000000018
11-09-2025,Karnataka,Bijapur,586104,2,4,0,5.9999999999999005
11-09-2025,Karnataka,Bijapur,586112,3,1,0,3.9999999999999964
11-09-2025,Karnataka,Bijapur,586115,1,0,0,0.99999999999998
11-09-2025,Karnataka,Bijapur,586122,1,0,0,0.99999999999998
11-09-2025,Karnataka,Bijapur,586123,3,0,0,3.0000000000000218
11-09-2025,Karnataka,Bijapur,586209,1,0,0,0.99999999999998
11-09-2025,Karnataka,Bijapur,586211,1,0,0,0.99999999999998
11-09-2025,Karnataka,Bijapur,586212,2,0,0,2.000000000000001
11-09-2025,Karnataka,Chamarajanagar,571111,1,0,0,0.99999999999998
11-09-2025,Karnataka,Chamarajanagar,571115,0,1,0,0.999999999999934
11-09-2025,Karnataka,Chamrajnagar,571109,1,0,0,0.99999999999998
11-09-2025,Karnataka,Chamrajnagar,571342,1,0,0,0.99999999999998
11-09-2025,Karnataka,Chickmagalur,577111,1,0,0,0.99999999999998
11-09-2025,Karnataka,Chickmagalur,577136,1,0,0,0.99999999999998
11-09-2025,Karnataka,Chickmagalur,577140,1,0,0,0.99999999999998
11-09-2025,Karnataka,Chickmagalur,577550,1,0,0,0.99999999999998
11-09-2025,Karnataka,Chikkaballapur,562102,3,1,0,3.9999999999999964
11-09-2025,Karnataka,Chikkaballapur,562104,1,0,0,0.99999999999998
11-09-2025,Karnataka,Chikkamagaluru,577228,2,0,0,2.000000000000001
11-09-2025,Karnataka,Chikkamagaluru,577548,2,0,0,2.000000000000001
11-09-2025,Karnataka,Chikkamagaluru,577549,1,0,0,0.99999999999998
11-09-2025,Karnataka,Chitradurga,577501,3,0,0,3.0000000000000218
11-09-2025,Karnataka,Chitradurga,577539,1,0,0,0.99999999999998
11-09-2025,Karnataka,Chitradurga,577543,2,0,0,2.000000000000001
11-09-2025,Karnataka,Chitradurga,577546,3,0,0,3.0000000000000218
11-09-2025,Karnataka,Chitradurga,577557,1,0,0,0.99999999999998
11-09-2025,Karnataka,Dakshina Kannada,574144,1,0,0,0.99999999999998
11-09-2025,Karnataka,Dakshina Kannada,574145,1,0,0,0.99999999999998
11-09-2025,Karnataka,Dakshina Kannada,574153,1,0,0,0.99999999999998
11-09-2025,Karnataka,Dakshina Kannada,574154,1,0,0,0.99999999999998
11-09-2025,Karnataka,Dakshina Kannada,574210,5,0,0,5.000000000000064
11-09-2025,Karnataka,Dakshina Kannada,574219,2,0,0,2.000000000000001
11-09-2025,Karnataka,Dakshina Kannada,574227,2,0,0,2.000000000000001
11-09-2025,Karnataka,Dakshina Kannada,574231,2,0,0,2.000000000000001
11-09-2025,Karnataka,Dakshina Kannada,574243,1,1,0,1.999999999999955
11-09-2025,Karnataka,Dakshina Kannada,575014,1,0,0,0.99999999999998
11-09-2025,Karnataka,Davanagere,577001,2,0,0,2.000000000000001
11-09-2025,Karnataka,Davanagere,577551,1,0,0,0.99999999999998
11-09-2025,Karnataka,Davangere,577002,3,0,0,3.0000000000000218
11-09-2025,Karnataka,Davangere,577230,2,0,0,2.000000000000001
11-09-2025,Karnataka,Davangere,577512,1,0,0,0.99999999999998
11-09-2025,Karnataka,Davangere,577514,1,0,0,0.99999999999998
11-09-2025,Karnataka,Davangere,577521,1,0,0,0.99999999999998
11-09-2025,Karnataka,Davangere,583131,5,0,0,5.000000000000064
11-09-2025,Karnataka,Dharwad,580001,2,0,0,2.000000000000001
11-09-2025,Karnataka,Dharwad,580007,6,0,0,6.000000000000084
11-09-2025,Karnataka,Dharwad,580008,2,0,0,2.000000000000001
11-09-2025,Karnataka,Dharwad,580029,2,0,0,2.000000000000001
11-09-2025,Karnataka,Dharwad,580030,2,0,0,2.000000000000001
11-09-2025,Karnataka,Dharwad,582208,5,0,0,5.000000000000064
11-09-2025,Karnataka,Gadag,582112,11,0,0,11.000000000000188
11-09-2025,Karnataka,Gadag,582117,3,0,1,4.000000000000007
11-09-2025,Karnataka,Gadag,582118,31,3,0,34.000000000000526
11-09-2025,Karnataka,Gadag,582204,1,0,0,0.99999999999998
11-09-2025,Karnataka,Gadag *,582101,2,0,0,2.000000000000001
11-09-2025,Karnataka,Gadag *,582116,2,0,0,2.000000000000001
11-09-2025,Karnataka,Gulbarga,585306,1,0,0,0.99999999999998
11-09-2025,Karnataka,Gulbarga,585309,1,0,0,0.99999999999998
11-09-2025,Karnataka,Hasan,573111,2,0,0,2.000000000000001
11-09-2025,Karnataka,Hasan,573120,1,0,0,0.99999999999998
11-09-2025,Karnataka,Hasan,573201,1,0,0,0.99999999999998
11-09-2025,Karnataka,Hassan,573103,3,0,0,3.0000000000000218
11-09-2025,Karnataka,Hassan,573111,2,0,0,2.000000000000001
11-09-2025,Karnataka,Hassan,573116,5,0,0,5.000000000000064
11-09-2025,Karnataka,Hassan,573120,1,0,0,0.99999999999998
11-09-2025,Karnataka,Hassan,573133,1,0,0,0.99999999999998
11-09-2025,Karnataka,Hassan,573134,1,0,0,0.99999999999998
11-09-2025,Karnataka,Hassan,573162,1,0,0,0.99999999999998
11-09-2025,Karnataka,Hassan,573201,2,0,0,2.000000000000001
11-09-2025,Karnataka,Hassan,573215,1,0,0,0.99999999999998
11-09-2025,Karnataka,Haveri,581115,2,1,0,2.999999999999976
11-09-2025,Karnataka,Haveri,581148,5,0,0,5.000000000000064
11-09-2025,Karnataka,Haveri,581193,3,1,0,3.9999999999999964
11-09-2025,Karnataka,Haveri *,581110,1,0,0,0.99999999999998
11-09-2025,Karnataka,Kalaburagi,585103,2,0,0,2.000000000000001
11-09-2025,Karnataka,Kalaburagi,585106,0,1,0,0.999999999999934
11-09-2025,Karnataka,Kalaburagi,585211,3,0,0,3.0000000000000218
11-09-2025,Karnataka,Kalaburagi,585213,3,0,0,3.0000000000000218
11-09-2025,Karnataka,Kalaburagi,585225,1,0,0,0.99999999999998
11-09-2025,Karnataka,Kodagu,571201,3,0,0,3.0000000000000218
11-09-2025,Karnataka,Kodagu,571235,1,0,0,0.99999999999998
11-09-2025,Karnataka,Kodagu,571252,2,0,0,2.000000000000001
11-09-2025,Karnataka,Kodagu,571254,1,0,1,1.9999999999999654
11-09-2025,Karnataka,Kolar,563101,9,0,0,9.000000000000147
11-09-2025,Karnataka,Kolar,563161,0,1,0,0.999999999999934
11-09-2025,Karnataka,Koppal,583236,3,0,0,3.0000000000000218
11-09-2025,Karnataka,Koppal,583279,2,0,0,2.000000000000001
11-09-2025,Karnataka,Koppal,584130,1,0,0,0.99999999999998
11-09-2025,Karnataka,Koppal,584131,0,1,0,0.999999999999934
11-09-2025,Karnataka,Mandya,571401,1,1,0,1.999999999999955
11-09-2025,Karnataka,Mandya,571422,4,0,0,4.000000000000043
11-09-2025,Karnataka,Mandya,571436,1,0,0,0.99999999999998
11-09-2025,Karnataka,Mysore,570021,1,0,0,0.99999999999998
11-09-2025,Karnataka,Mysore,571103,1,0,0,0.99999999999998
11-09-2025,Karnataka,Mysore,571122,1,0,0,0.99999999999998
11-09-2025,Karnataka,Mysuru,570019,3,1,1,4.999999999999982
11-09-2025,Karnataka,Mysuru,571116,1,0,0,0.99999999999998
11-09-2025,Karnataka,Mysuru,571301,1,0,0,0.99999999999998
11-09-2025,Karnataka,Mysuru,571302,1,0,0,0.99999999999998
11-09-2025,Karnataka,Mysuru,571602,0,1,0,0.999999999999934
11-09-2025,Karnataka,Raichur,584101,4,1,0,5.000000000000018
11-09-2025,Karnataka,Raichur,584127,0,2,0,1.999999999999909
11-09-2025,Karnataka,Raichur,584140,2,2,0,3.9999999999999507
11-09-2025,Karnataka,Ramanagar,562119,2,0,0,2.000000000000001
11-09-2025,Karnataka,Shimoga,577205,2,0,0,2.000000000000001
11-09-2025,Karnataka,Shimoga,577243,1,0,0,0.99999999999998
11-09-2025,Karnataka,Shimoga,577301,2,2,0,3.9999999999999507
11-09-2025,Karnataka,Shimoga,577413,1,0,0,0.99999999999998
11-09-2025,Karnataka,Shimoga,577414,1,0,0,0.99999999999998
11-09-2025,Karnataka,Shivamogga,577428,2,0,0,2.000000000000001
11-09-2025,Karnataka,Shivamogga,577430,1,0,0,0.99999999999998
11-09-2025,Karnataka,Tumakuru,572101,0,1,0,0.999999999999934
11-09-2025,Karnataka,Tumakuru,572102,3,0,0,3.0000000000000218
11-09-2025,Karnataka,Tumakuru,572103,1,1,0,1.999999999999955
11-09-2025,Karnataka,Tumakuru,572111,1,0,0,0.99999999999998
11-09-2025,Karnataka,Tumakuru,572128,1,0,0,0.99999999999998
11-09-2025,Karnataka,Tumakuru,572137,2,0,0,2.000000000000001
11-09-2025,Karnataka,Tumakuru,572138,1,0,0,0.99999999999998
11-09-2025,Karnataka,Tumakuru,572140,4,0,0,4.000000000000043
11-09-2025,Karnataka,Tumakuru,572214,2,0,0,2.000000000000001
11-09-2025,Karnataka,Tumakuru,572218,1,0,0,0.99999999999998
11-09-2025,Karnataka,Tumkur,572111,1,0,0,0.99999999999998
11-09-2025,Karnataka,Tumkur,572125,1,0,0,0.99999999999998
11-09-2025,Karnataka,Tumkur,572127,0,1,0,0.999999999999934
11-09-2025,Karnataka,Tumkur,572129,2,0,0,2.000000000000001
11-09-2025,Karnataka,Udupi,574101,2,0,0,2.000000000000001
11-09-2025,Karnataka,Udupi,574107,1,0,0,0.99999999999998
11-09-2025,Karnataka,Udupi,574109,1,0,0,0.99999999999998
11-09-2025,Karnataka,Udupi,574111,1,0,0,0.99999999999998
11-09-2025,Karnataka,Udupi,576103,1,0,0,0.99999999999998
11-09-2025,Karnataka,Udupi,576104,1,0,0,0.99999999999998
11-09-2025,Karnataka,Udupi,576117,1,0,0,0.99999999999998
11-09-2025,Karnataka,Udupi,576210,3,0,0,3.0000000000000218
11-09-2025,Karnataka,Udupi,576211,1,0,0,0.99999999999998
11-09-2025,Karnataka,Udupi,576217,4,0,0,4.000000000000043
11-09-2025,Karnataka,Udupi,576222,4,0,0,4.000000000000043
11-09-2025,Karnataka,Udupi,576228,2,0,0,2.000000000000001
11-09-2025,Karnataka,Udupi,576233,4,0,0,4.000000000000043
11-09-2025,Karnataka,Udupi,576234,2,0,0,2.000000000000001
11-09-2025,Karnataka,Uttara Kannada,581316,1,0,0,0.99999999999998
11-09-2025,Karnataka,Uttara Kannada,581324,1,0,0,0.99999999999998
11-09-2025,Karnataka,Uttara Kannada,581339,1,0,0,0.99999999999998
11-09-2025,Karnataka,Uttara Kannada,581401,1,0,0,0.99999999999998
11-09-2025,Karnataka,Uttara Kannada,581412,1,0,0,0.99999999999998
11-09-2025,Karnataka,Vijayanagara,583134,2,0,0,2.000000000000001
11-09-2025,Karnataka,Vijayanagara,583136,2,0,0,2.000000000000001
11-09-2025,Karnataka,Vijayanagara,583213,1,0,0,0.99999999999998
11-09-2025,Karnataka,Vijayanagara,583222,2,1,0,2.999999999999976
11-09-2025,Karnataka,Vijayapura,586108,4,1,0,5.000000000000018
11-09-2025,Karnataka,Vijayapura,586114,2,0,0,2.000000000000001
11-09-2025,Karnataka,Vijayapura,586120,1,0,0,0.99999999999998
11-09-2025,Karnataka,Vijayapura,586121,2,0,0,2.000000000000001
11-09-2025,Karnataka,Vijayapura,586125,1,1,0,1.999999999999955
11-09-2025,Karnataka,Vijayapura,586207,1,0,0,0.99999999999998
11-09-2025,Karnataka,Vijayapura,586208,2,0,0,2.000000000000001
11-09-2025,Karnataka,Vijayapura,586209,2,0,0,2.000000000000001
11-09-2025,Karnataka,Vijayapura,586211,5,0,0,5.000000000000064
11-09-2025,Karnataka,Vijayapura,586212,3,1,0,3.9999999999999964
11-09-2025,Karnataka,Vijayapura,586214,5,1,0,6.000000000000038
11-09-2025,Karnataka,Yadgir,585219,1,1,0,1.999999999999955
11-09-2025,Karnataka,Yadgir,585309,8,2,0,10.000000000000076
11-09-2025,Karnataka,Yadgir,585319,2,0,0,2.000000000000001
11-09-2025,Karnataka,yadgir,585214,3,0,0,3.0000000000000218
11-09-2025,Karnataka,yadgir,585223,3,1,0,3.9999999999999964
14-09-2025,Karnataka,Bagalkot,587103,1,0,0,0.99999999999998
14-09-2025,Karnataka,Bagalkot,587311,7,0,0,7.000000000000105
14-09-2025,Karnataka,Ballari,583101,3,0,0,3.0000000000000218
14-09-2025,Karnataka,Ballari,583223,1,0,0,0.99999999999998
14-09-2025,Karnataka,Bangalore,560037,0,1,0,0.999999999999934
14-09-2025,Karnataka,Bangalore,560045,2,1,0,2.999999999999976
14-09-2025,Karnataka,Bangalore,560064,2,0,0,2.000000000000001
14-09-2025,Karnataka,Bangalore,560094,1,0,0,0.99999999999998
14-09-2025,Karnataka,Bangalore,560095,1,0,0,0.99999999999998
14-09-2025,Karnataka,Belagavi,591214,0,2,0,1.999999999999909
14-09-2025,Karnataka,Belagavi,591233,2,0,0,2.000000000000001
14-09-2025,Karnataka,Belgaum,591229,1,0,0,0.99999999999998
14-09-2025,Karnataka,Bengaluru,560016,2,3,0,4.999999999999925
14-09-2025,Karnataka,Bengaluru,560032,1,0,0,0.99999999999998
14-09-2025,Karnataka,Bengaluru,560042,0,1,0,0.999999999999934
14-09-2025,Karnataka,Bengaluru,560043,1,0,0,0.99999999999998
14-09-2025,Karnataka,Bengaluru,560048,0,4,0,3.999999999999859
14-09-2025,Karnataka,Bengaluru,560050,2,0,0,2.000000000000001
14-09-2025,Karnataka,Bengaluru,560056,2,2,0,3.9999999999999507
14-09-2025,Karnataka,Bengaluru,560062,6,0,0,6.000000000000084
14-09-2025,Karnataka,Bengaluru,560078,0,0,2,1.99999999999993
14-09-2025,Karnataka,Bengaluru,560096,1,0,0,0.99999999999998
14-09-2025,Karnataka,Bengaluru,560098,1,5,0,5.999999999999854
14-09-2025,Karnataka,Chikkaballapur,561206,1,0,0,0.99999999999998
14-09-2025,Karnataka,Chikkaballapur,561210,1,0,0,0.99999999999998
14-09-2025,Karnataka,Chitradurga,577501,1,0,0,0.99999999999998
14-09-2025,Karnataka,Chitradurga,577527,2,0,0,2.000000000000001
14-09-2025,Karnataka,Dakshina Kannada,574229,1,0,0,0.99999999999998
14-09-2025,Karnataka,Davangere,577512,1,0,0,0.99999999999998
14-09-2025,Karnataka,Davangere,577513,1,0,0,0.99999999999998
14-09-2025,Karnataka,Dharwad,580026,1,0,0,0.99999999999998
14-09-2025,Karnataka,Dharwad,580032,1,0,0,0.99999999999998
14-09-2025,Karnataka,Dharwad,581117,0,1,0,0.999999999999934
14-09-2025,Karnataka,Gulbarga,585103,3,1,0,3.9999999999999964
14-09-2025,Karnataka,Gulbarga,585310,3,3,0,5.999999999999947
14-09-2025,Karnataka,Hassan,573126,1,0,0,0.99999999999998
14-09-2025,Karnataka,Haveri,581109,0,1,0,0.999999999999934
14-09-2025,Karnataka,Koppal,583227,1,0,0,0.99999999999998
14-09-2025,Karnataka,Mandya,571421,1,0,0,0.99999999999998
14-09-2025,Karnataka,Mysore,570008,2,0,0,2.000000000000001
14-09-2025,Karnataka,Mysore,570019,1,0,0,0.99999999999998
14-09-2025,Karnataka,Mysuru,571124,1,0,0,0.99999999999998
14-09-2025,Karnataka,Raichur,584134,1,0,0,0.99999999999998
14-09-2025,Karnataka,Raichur,584143,2,4,0,5.9999999999999005
14-09-2025,Karnataka,Raichur,584170,1,0,0,0.99999999999998
14-09-2025,Karnataka,Ramanagar,561101,1,0,0,0.99999999999998
14-09-2025,Karnataka,Shimoga,577216,1,0,0,0.99999999999998
14-09-2025,Karnataka,Shimoga,577427,1,0,0,0.99999999999998
14-09-2025,Karnataka,Tumakuru,572111,1,0,0,0.99999999999998
14-09-2025,Karnataka,Tumakuru,572121,0,1,0,0.999999999999934
14-09-2025,Karnataka,Tumkur,572106,1,0,0,0.99999999999998
14-09-2025,Karnataka,Tumkur,572132,1,0,0,0.99999999999998
14-09-2025,Karnataka,Tumkur,572139,0,1,0,0.999999999999934
14-09-2025,Karnataka,Vijayapura,586205,1,0,0,0.99999999999998
14-09-2025,Karnataka,Yadgir,585223,5,1,0,6.000000000000038
14-09-2025,Karnataka,yadgir,585290,1,0,0,0.99999999999998
12-09-2025,Karnataka,Bagalkot,587111,1,0,0,0.99999999999998
12-09-2025,Karnataka,Bagalkot,587113,9,1,0,10.000000000000123
12-09-2025,Karnataka,Bagalkot,587114,0,1,0,0.999999999999934
12-09-2025,Karnataka,Bagalkot,587118,4,0,0,4.000000000000043
12-09-2025,Karnataka,Bagalkot,587125,6,0,0,6.000000000000084
12-09-2025,Karnataka,Bagalkot,587155,1,0,0,0.99999999999998
12-09-2025,Karnataka,Bagalkot,587203,4,0,0,4.000000000000043
12-09-2025,Karnataka,Bagalkot,587315,9,2,0,11.000000000000098
12-09-2025,Karnataka,Bagalkot *,587201,1,0,0,0.99999999999998
12-09-2025,Karnataka,Bagalkot *,587206,2,0,0,2.000000000000001
12-09-2025,Karnataka,Ballari,583103,2,1,0,2.999999999999976
12-09-2025,Karnataka,Ballari,583113,1,0,0,0.99999999999998
12-09-2025,Karnataka,Ballari,583201,1,0,0,0.99999999999998
12-09-2025,Karnataka,Ballari,583220,2,0,0,2.000000000000001
12-09-2025,Karnataka,Bangalore,560021,1,0,0,0.99999999999998
12-09-2025,Karnataka,Bangalore,560033,2,0,0,2.000000000000001
12-09-2025,Karnataka,Bangalore,560045,1,0,0,0.99999999999998
12-09-2025,Karnataka,Bangalore,560047,1,0,0,0.99999999999998
12-09-2025,Karnataka,Bangalore,560051,1,1,0,1.999999999999955
12-09-2025,Karnataka,Bangalore,560058,1,0,0,0.99999999999998
12-09-2025,Karnataka,Bangalore,560060,1,0,0,0.99999999999998
12-09-2025,Karnataka,Bangalore,560097,2,0,0,2.000000000000001
12-09-2025,Karnataka,Belagavi,590001,2,0,0,2.000000000000001
12-09-2025,Karnataka,Belagavi,590003,1,0,0,0.99999999999998
12-09-2025,Karnataka,Belagavi,590016,11,1,0,12.000000000000163
12-09-2025,Karnataka,Belagavi,591119,2,0,0,2.000000000000001
12-09-2025,Karnataka,Belagavi,591123,2,0,0,2.000000000000001
12-09-2025,Karnataka,Belagavi,591213,4,0,0,4.000000000000043
12-09-2025,Karnataka,Belagavi,591244,1,0,0,0.99999999999998
12-09-2025,Karnataka,Belagavi,591308,2,0,0,2.000000000000001
12-09-2025,Karnataka,Belgaum,590014,2,0,0,2.000000000000001
12-09-2025,Karnataka,Belgaum,590016,4,0,0,4.000000000000043
12-09-2025,Karnataka,Belgaum,591111,1,0,0,0.99999999999998
12-09-2025,Karnataka,Belgaum,591117,7,1,0,8.00000000000008
12-09-2025,Karnataka,Belgaum,591119,1,0,0,0.99999999999998
12-09-2025,Karnataka,Belgaum,591123,7,0,0,7.000000000000105
12-09-2025,Karnataka,Belgaum,591215,1,0,0,0.99999999999998
12-09-2025,Karnataka,Belgaum,591220,3,1,0,3.9999999999999964
12-09-2025,Karnataka,Belgaum,591233,1,0,0,0.99999999999998
12-09-2025,Karnataka,Belgaum,591242,1,1,0,1.999999999999955
12-09-2025,Karnataka,Belgaum,591244,1,0,0,0.99999999999998
12-09-2025,Karnataka,Belgaum,591305,2,0,0,2.000000000000001
12-09-2025,Karnataka,Belgaum,591309,2,0,0,2.000000000000001
12-09-2025,Karnataka,Belgaum,591316,1,0,0,0.99999999999998
12-09-2025,Karnataka,Belgaum,591317,13,2,0,15.00000000000018
12-09-2025,Karnataka,Bellary,583111,3,0,0,3.0000000000000218
12-09-2025,Karnataka,Bellary,583222,5,0,0,5.000000000000064
12-09-2025,Karnataka,Bellary,583223,1,1,0,1.999999999999955
12-09-2025,Karnataka,Bengaluru,560034,2,0,0,2.000000000000001
12-09-2025,Karnataka,Bengaluru,560038,1,0,1,1.9999999999999654
12-09-2025,Karnataka,Bengaluru,560043,7,0,5,12.000000000000032
12-09-2025,Karnataka,Bengaluru,560047,4,1,0,5.000000000000018
12-09-2025,Karnataka,Bengaluru,560072,1,0,0,0.99999999999998
12-09-2025,Karnataka,Bengaluru,560073,0,2,0,1.999999999999909
12-09-2025,Karnataka,Bengaluru,560079,2,0,0,2.000000000000001
12-09-2025,Karnataka,Bengaluru,560081,1,0,0,0.99999999999998
12-09-2025,Karnataka,Bengaluru,560084,0,0,1,0.9999999999999446
12-09-2025,Karnataka,Bengaluru,560085,2,1,0,2.999999999999976
12-09-2025,Karnataka,Bengaluru,560093,2,0,0,2.000000000000001
12-09-2025,Karnataka,Bengaluru,560098,4,1,0,5.000000000000018
12-09-2025,Karnataka,Bengaluru,560103,0,1,2,2.999999999999905
12-09-2025,Karnataka,Bengaluru,560104,1,0,0,0.99999999999998
12-09-2025,Karnataka,Bengaluru,562106,1,0,0,0.99999999999998
12-09-2025,Karnataka,Bengaluru,562130,1,0,0,0.99999999999998
12-09-2025,Karnataka,Bidar,585326,9,0,0,9.000000000000147
12-09-2025,Karnataka,Bidar,585401,4,0,0,4.000000000000043
12-09-2025,Karnataka,Bidar,585412,3,0,0,3.0000000000000218
12-09-2025,Karnataka,Bidar,585417,0,1,0,0.999999999999934
12-09-2025,Karnataka,Bidar,585421,3,0,0,3.0000000000000218
12-09-2025,Karnataka,Bidar,585443,1,0,0,0.99999999999998
12-09-2025,Karnataka,Bijapur,586115,1,0,0,0.99999999999998
12-09-2025,Karnataka,Bijapur,586125,2,0,0,2.000000000000001
12-09-2025,Karnataka,Bijapur,586130,1,0,0,0.99999999999998
12-09-2025,Karnataka,Bijapur,586206,1,1,0,1.999999999999955
12-09-2025,Karnataka,Chamarajanagar *,571313,1,0,0,0.99999999999998
12-09-2025,Karnataka,Chamrajanagar,571123,1,1,0,1.999999999999955
12-09-2025,Karnataka,Chamrajanagar,571126,1,0,0,0.99999999999998
12-09-2025,Karnataka,Chickmagalur,577134,0,1,0,0.999999999999934
12-09-2025,Karnataka,Chickmagalur,577139,4,0,0,4.000000000000043
12-09-2025,Karnataka,Chikkamagaluru,577133,1,0,0,0.99999999999998
12-09-2025,Karnataka,Chikkamagaluru,577136,1,0,0,0.99999999999998
12-09-2025,Karnataka,Chikkamagaluru,577145,1,0,0,0.99999999999998
12-09-2025,Karnataka,Chikkamagaluru,577548,2,0,0,2.000000000000001
12-09-2025,Karnataka,Chitradurga,577529,1,0,0,0.99999999999998
12-09-2025,Karnataka,Dakshina Kannada,574141,1,0,0,0.99999999999998
12-09-2025,Karnataka,Dakshina Kannada,574198,0,1,0,0.999999999999934
12-09-2025,Karnataka,Dakshina Kannada,574199,1,0,0,0.99999999999998
12-09-2025,Karnataka,Dakshina Kannada,574210,3,0,0,3.0000000000000218
12-09-2025,Karnataka,Dakshina Kannada,574285,4,0,0,4.000000000000043
12-09-2025,Karnataka,Dakshina Kannada,575014,4,0,0,4.000000000000043
12-09-2025,Karnataka,Dakshina Kannada,575018,2,0,0,2.000000000000001
12-09-2025,Karnataka,Dakshina Kannada,575019,1,0,0,0.99999999999998
12-09-2025,Karnataka,Dakshina Kannada,575028,2,0,0,2.000000000000001
12-09-2025,Karnataka,Davanagere,577004,1,0,0,0.99999999999998
12-09-2025,Karnataka,Davanagere,583127,1,0,0,0.99999999999998
12-09-2025,Karnataka,Davangere,577516,3,0,0,3.0000000000000218
12-09-2025,Karnataka,Davangere,577521,1,1,0,1.999999999999955
12-09-2025,Karnataka,Davangere,577528,4,0,0,4.000000000000043
12-09-2025,Karnataka,Davangere,577552,6,0,0,6.000000000000084
12-09-2025,Karnataka,Davangere,577556,1,0,0,0.99999999999998
12-09-2025,Karnataka,Davangere,577566,2,0,0,2.000000000000001
12-09-2025,Karnataka,Davangere,583213,2,0,0,2.000000000000001
12-09-2025,Karnataka,Dharwad,580024,13,0,0,13.000000000000231
12-09-2025,Karnataka,Dharwad,580025,2,0,0,2.000000000000001
12-09-2025,Karnataka,Dharwad,580031,0,1,0,0.999999999999934
12-09-2025,Karnataka,Dharwad,580114,2,0,0,2.000000000000001
12-09-2025,Karnataka,Dharwad,581107,2,0,0,2.000000000000001
12-09-2025,Karnataka,Dharwad,581209,3,0,0,3.0000000000000218
12-09-2025,Karnataka,Gadag,582113,7,1,0,8.00000000000008
12-09-2025,Karnataka,Gadag,582116,11,1,0,12.000000000000163
12-09-2025,Karnataka,Gadag,582211,7,5,0,11.99999999999998
12-09-2025,Karnataka,Gadag *,582103,1,0,0,0.99999999999998
12-09-2025,Karnataka,Gadag *,582118,2,0,0,2.000000000000001
12-09-2025,Karnataka,Gulbarga,585101,1,0,0,0.99999999999998
12-09-2025,Karnataka,Gulbarga,585265,5,0,0,5.000000000000064
12-09-2025,Karnataka,Gulbarga,585301,5,0,0,5.000000000000064
12-09-2025,Karnataka,Gulbarga,585305,6,0,0,6.000000000000084
12-09-2025,Karnataka,Gulbarga,585312,1,0,0,0.99999999999998
12-09-2025,Karnataka,Gulbarga,585320,1,0,0,0.99999999999998
12-09-2025,Karnataka,Gulbarga,585322,1,1,0,1.999999999999955
12-09-2025,Karnataka,Hasan,573118,2,0,0,2.000000000000001
12-09-2025,Karnataka,Hasan,573129,1,0,0,0.99999999999998
12-09-2025,Karnataka,Hasan,573162,2,0,0,2.000000000000001
12-09-2025,Karnataka,Hassan,573121,1,0,0,0.99999999999998
12-09-2025,Karnataka,Hassan,573123,2,0,0,2.000000000000001
12-09-2025,Karnataka,Hassan,573125,2,0,0,2.000000000000001
12-09-2025,Karnataka,Hassan,573130,2,0,0,2.000000000000001
12-09-2025,Karnataka,Hassan,573137,2,0,0,2.000000000000001
12-09-2025,Karnataka,Hassan,573216,2,0,0,2.000000000000001
12-09-2025,Karnataka,Haveri,581112,1,0,0,0.99999999999998
12-09-2025,Karnataka,Haveri,581120,3,2,0,4.999999999999972
12-09-2025,Karnataka,Haveri,581128,2,0,0,2.000000000000001
12-09-2025,Karnataka,Haveri,581203,2,0,0,2.000000000000001
12-09-2025,Karnataka,Haveri,581208,1,1,0,1.999999999999955
12-09-2025,Karnataka,Haveri,581211,2,0,0,2.000000000000001
12-09-2025,Karnataka,Kalaburagi,585104,4,1,0,5.000000000000018
12-09-2025,Karnataka,Kalaburagi,585217,1,1,0,1.999999999999955
12-09-2025,Karnataka,Kalaburagi,585225,3,0,0,3.0000000000000218
12-09-2025,Karnataka,Kalaburagi,585236,1,0,0,0.99999999999998
12-09-2025,Karnataka,Kalaburagi,585265,1,0,0,0.99999999999998
12-09-2025,Karnataka,Kalaburagi,585317,1,0,0,0.99999999999998
12-09-2025,Karnataka,Kodagu,571252,1,0,0,0.99999999999998
12-09-2025,Karnataka,Kolar,563114,3,0,0,3.0000000000000218
12-09-2025,Karnataka,Kolar,563115,1,0,0,0.99999999999998
12-09-2025,Karnataka,Kolar,563116,1,0,0,0.99999999999998
12-09-2025,Karnataka,Kolar,563127,1,0,0,0.99999999999998
12-09-2025,Karnataka,Kolar,563134,1,0,0,0.99999999999998
12-09-2025,Karnataka,Kolar,563160,1,0,0,0.99999999999998
12-09-2025,Karnataka,Koppal,583227,2,1,0,2.999999999999976
12-09-2025,Karnataka,Koppal,583228,2,0,0,2.000000000000001
12-09-2025,Karnataka,Koppal,583229,3,0,0,3.0000000000000218
12-09-2025,Karnataka,Koppal,583235,1,0,0,0.99999999999998
12-09-2025,Karnataka,Koppal,583279,0,2,0,1.999999999999909
12-09-2025,Karnataka,Koppal,583280,3,0,0,3.0000000000000218
12-09-2025,Karnataka,Koppal,583281,1,0,0,0.99999999999998
12-09-2025,Karnataka,Mandya,571426,3,0,0,3.0000000000000218
12-09-2025,Karnataka,Mandya,571430,2,0,0,2.000000000000001
12-09-2025,Karnataka,Mysore,571104,1,0,0,0.99999999999998
12-09-2025,Karnataka,Mysore,571114,1,0,0,0.99999999999998
12-09-2025,Karnataka,Mysore,571187,0,1,0,0.999999999999934
12-09-2025,Karnataka,Mysuru,570021,1,0,0,0.99999999999998
12-09-2025,Karnataka,Mysuru,571121,8,8,5,20.99999999999985
12-09-2025,Karnataka,Mysuru,571130,1,0,0,0.99999999999998
12-09-2025,Karnataka,Mysuru,571601,1,0,0,0.99999999999998
12-09-2025,Karnataka,Mysuru,571604,2,0,0,2.000000000000001
12-09-2025,Karnataka,Raichur,584102,7,0,0,7.000000000000105
12-09-2025,Karnataka,Raichur,584103,1,0,1,1.9999999999999654
12-09-2025,Karnataka,Raichur,584111,8,2,0,10.000000000000076
12-09-2025,Karnataka,Raichur,584115,0,3,0,2.9999999999998836
12-09-2025,Karnataka,Raichur,584124,0,3,0,2.9999999999998836
12-09-2025,Karnataka,Raichur,584125,6,3,1,9.999999999999995
12-09-2025,Karnataka,Raichur,584133,2,0,0,2.000000000000001
12-09-2025,Karnataka,Raichur,584202,0,2,0,1.999999999999909
12-09-2025,Karnataka,Ramanagar,562119,3,0,0,3.0000000000000218
12-09-2025,Karnataka,Ramanagar,562121,2,0,0,2.000000000000001
12-09-2025,Karnataka,Shimoga,577211,1,0,0,0.99999999999998
12-09-2025,Karnataka,Shimoga,577222,1,0,0,0.99999999999998
12-09-2025,Karnataka,Shimoga,577227,1,0,0,0.99999999999998
12-09-2025,Karnataka,Shimoga,577417,2,0,0,2.000000000000001
12-09-2025,Karnataka,Shivamogga,577229,0,1,0,0.999999999999934
12-09-2025,Karnataka,Shivamogga,577233,1,0,0,0.99999999999998
12-09-2025,Karnataka,Shivamogga,577416,2,0,0,2.000000000000001
12-09-2025,Karnataka,Shivamogga,577427,4,0,0,4.000000000000043
12-09-2025,Karnataka,Shivamogga,577428,0,1,0,0.999999999999934
12-09-2025,Karnataka,Shivamogga,577429,3,0,0,3.0000000000000218
12-09-2025,Karnataka,Tumakuru,572125,1,0,0,0.99999999999998
12-09-2025,Karnataka,Tumakuru,572129,2,0,1,2.9999999999999862
12-09-2025,Karnataka,Tumakuru,572135,0,0,1,0.9999999999999446
12-09-2025,Karnataka,Tumakuru,572212,0,0,1,0.9999999999999446
12-09-2025,Karnataka,Tumakuru,572221,1,0,0,0.99999999999998
12-09-2025,Karnataka,Tumakuru,572227,1,0,0,0.99999999999998
12-09-2025,Karnataka,Tumkur,572101,1,0,0,0.99999999999998
12-09-2025,Karnataka,Tumkur,572122,1,0,0,0.99999999999998
12-09-2025,Karnataka,Tumkur,572129,3,0,0,3.0000000000000218
12-09-2025,Karnataka,Tumkur,572175,2,0,0,2.000000000000001
12-09-2025,Karnataka,Tumkur,572216,1,0,0,0.99999999999998
15-09-2025,Karnataka,Bagalkot,587112,2,0,0,2.000000000000001
15-09-2025,Karnataka,Bagalkot,587125,5,0,0,5.000000000000064
15-09-2025,Karnataka,Bagalkot,587203,3,0,0,3.0000000000000218
15-09-2025,Karnataka,Bagalkot,587207,0,1,0,0.999999999999934
15-09-2025,Karnataka,Bagalkot *,587118,1,0,0,0.99999999999998
15-09-2025,Karnataka,Ballari,583121,2,0,0,2.000000000000001
15-09-2025,Karnataka,Ballari,583212,3,0,0,3.0000000000000218
15-09-2025,Karnataka,Bangalore,560001,1,0,0,0.99999999999998
15-09-2025,Karnataka,Bangalore,560017,1,0,0,0.99999999999998
15-09-2025,Karnataka,Bangalore,560045,4,0,0,4.000000000000043
15-09-2025,Karnataka,Bangalore,560046,1,0,0,0.99999999999998
15-09-2025,Karnataka,Bangalore,560070,1,0,0,0.99999999999998
15-09-2025,Karnataka,Bangalore,560075,1,0,0,0.99999999999998
15-09-2025,Karnataka,Bangalore,560078,1,0,0,0.99999999999998
15-09-2025,Karnataka,Bangalore,560079,1,0,0,0.99999999999998
15-09-2025,Karnataka,Bangalore,560087,1,0,0,0.99999999999998
15-09-2025,Karnataka,Bangalore,560100,1,0,0,0.99999999999998
15-09-2025,Karnataka,Bangalore,562123,2,0,0,2.000000000000001
15-09-2025,Karnataka,Bangalore Rural,560067,1,0,2,2.999999999999951
15-09-2025,Karnataka,Bangalore Rural,562122,1,0,0,0.99999999999998
15-09-2025,Karnataka,Belagavi,590003,2,0,0,2.000000000000001
15-09-2025,Karnataka,Belagavi,590010,2,0,0,2.000000000000001
15-09-2025,Karnataka,Belagavi,591101,2,0,0,2.000000000000001
15-09-2025,Karnataka,Belagavi,591114,2,0,0,2.000000000000001
15-09-2025,Karnataka,Belagavi,591115,1,0,0,0.99999999999998
15-09-2025,Karnataka,Belagavi,591123,2,0,0,2.000000000000001
15-09-2025,Karnataka,Belagavi,591222,4,0,0,4.000000000000043
15-09-2025,Karnataka,Belagavi,591235,1,0,0,0.99999999999998
15-09-2025,Karnataka,Belagavi,591237,3,0,0,3.0000000000000218
15-09-2025,Karnataka,Belagavi,591238,1,0,0,0.99999999999998
15-09-2025,Karnataka,Belagavi,591301,1,0,0,0.99999999999998
15-09-2025,Karnataka,Belagavi,591317,4,0,0,4.000000000000043
15-09-2025,Karnataka,Belgaum,590016,1,1,0,1.999999999999955
15-09-2025,Karnataka,Belgaum,591107,1,0,0,0.99999999999998
15-09-2025,Karnataka,Belgaum,591114,1,0,0,0.99999999999998
15-09-2025,Karnataka,Belgaum,591119,1,0,0,0.99999999999998
15-09-2025,Karnataka,Belgaum,591215,1,1,0,1.999999999999955
15-09-2025,Karnataka,Belgaum,591222,1,0,0,0.99999999999998
15-09-2025,Karnataka,Belgaum,591226,2,0,0,2.000000000000001
15-09-2025,Karnataka,Belgaum,591235,3,0,0,3.0000000000000218
15-09-2025,Karnataka,Belgaum,591254,2,1,0,2.999999999999976
15-09-2025,Karnataka,Belgaum,591305,2,0,0,2.000000000000001
15-09-2025,Karnataka,Bellary,583115,4,0,0,4.000000000000043
15-09-2025,Karnataka,Bellary,583132,0,1,0,0.999999999999934
15-09-2025,Karnataka,Bellary,583217,1,2,0,2.99999999999993
15-09-2025,Karnataka,Bellary,583224,1,0,0,0.99999999999998
15-09-2025,Karnataka,Bengaluru,560005,0,0,1,0.9999999999999446
15-09-2025,Karnataka,Bengaluru,560008,1,0,0,0.99999999999998
15-09-2025,Karnataka,Bengaluru,560011,1,0,0,0.99999999999998
15-09-2025,Karnataka,Bengaluru,560034,1,0,0,0.99999999999998
15-09-2025,Karnataka,Bengaluru,560036,5,0,0,5.000000000000064
15-09-2025,Karnataka,Bengaluru,560064,1,0,0,0.99999999999998
15-09-2025,Karnataka,Bengaluru,560067,2,1,4,6.999999999999918
15-09-2025,Karnataka,Bengaluru,560079,1,0,0,0.99999999999998
15-09-2025,Karnataka,Bengaluru,560083,1,1,0,1.999999999999955
15-09-2025,Karnataka,Bengaluru,560085,0,1,0,0.999999999999934
15-09-2025,Karnataka,Bengaluru,560091,2,0,0,2.000000000000001
15-09-2025,Karnataka,Bengaluru,560100,1,0,1,1.9999999999999654
15-09-2025,Karnataka,Bengaluru,562130,1,2,0,2.99999999999993
15-09-2025,Karnataka,Bengaluru,562162,1,0,0,0.99999999999998
15-09-2025,Karnataka,Bidar,585328,8,4,0,12.000000000000027
15-09-2025,Karnataka,Bidar,585419,1,0,0,0.99999999999998
15-09-2025,Karnataka,Bijapur,586102,1,0,0,0.99999999999998
15-09-2025,Karnataka,Bijapur,586124,2,1,0,2.999999999999976
15-09-2025,Karnataka,Bijapur,586129,2,0,0,2.000000000000001
15-09-2025,Karnataka,Bijapur,586202,1,1,0,1.999999999999955
15-09-2025,Karnataka,Bijapur,586203,1,3,0,3.9999999999999045
15-09-2025,Karnataka,Bijapur,586212,2,0,0,2.000000000000001
15-09-2025,Karnataka,Bijapur,586213,3,0,0,3.0000000000000218
15-09-2025,Karnataka,Chamarajanagar,571313,1,0,0,0.99999999999998
15-09-2025,Karnataka,Chamrajnagar,571123,1,0,0,0.99999999999998
15-09-2025,Karnataka,Chickmagalur,577548,1,0,0,0.99999999999998
15-09-2025,Karnataka,Chikkaballapur,561209,1,0,0,0.99999999999998
15-09-2025,Karnataka,Chikkaballapur,561213,2,1,0,2.999999999999976
15-09-2025,Karnataka,Chikkaballapur,562102,2,0,0,2.000000000000001
15-09-2025,Karnataka,Chikkaballapur,562105,4,0,0,4.000000000000043
15-09-2025,Karnataka,Chikkamagaluru,577140,1,0,0,0.99999999999998
15-09-2025,Karnataka,Chikkamagaluru,577548,3,0,0,3.0000000000000218
15-09-2025,Karnataka,Chitradurga,577532,1,0,0,0.99999999999998
15-09-2025,Karnataka,Chitradurga,577542,1,0,0,0.99999999999998
15-09-2025,Karnataka,Chitradurga,577555,1,0,0,0.99999999999998
15-09-2025,Karnataka,Dakshina Kannada,574154,2,0,0,2.000000000000001
15-09-2025,Karnataka,Dakshina Kannada,574202,3,1,0,3.9999999999999964
15-09-2025,Karnataka,Dakshina Kannada,574220,1,0,0,0.99999999999998
15-09-2025,Karnataka,Dakshina Kannada,574223,1,0,0,0.99999999999998
15-09-2025,Karnataka,Dakshina Kannada,574326,1,0,0,0.99999999999998
15-09-2025,Karnataka,Dakshina Kannada,575020,2,0,0,2.000000000000001
15-09-2025,Karnataka,Dakshina Kannada,575029,1,0,0,0.99999999999998
15-09-2025,Karnataka,Dakshina Kannada,575030,1,0,0,0.99999999999998
15-09-2025,Karnataka,Davanagere,577512,2,0,0,2.000000000000001
15-09-2025,Karnataka,Davanagere,577601,1,0,0,0.99999999999998
15-09-2025,Karnataka,Davangere,577001,7,1,0,8.00000000000008
15-09-2025,Karnataka,Davangere,577217,1,0,0,0.99999999999998
15-09-2025,Karnataka,Davangere,577513,2,0,0,2.000000000000001
15-09-2025,Karnataka,Davangere,577530,3,0,0,3.0000000000000218
15-09-2025,Karnataka,Davangere,577553,1,0,0,0.99999999999998
15-09-2025,Karnataka,Dharwad,580009,1,0,0,0.99999999999998
15-09-2025,Karnataka,Dharwad,580011,2,0,0,2.000000000000001
15-09-2025,Karnataka,Dharwad,580024,10,0,0,10.000000000000169
15-09-2025,Karnataka,Dharwad,581204,1,0,0,0.99999999999998
15-09-2025,Karnataka,Gadag,582101,4,0,1,5.000000000000028
15-09-2025,Karnataka,Gadag,582103,4,1,0,5.000000000000018
15-09-2025,Karnataka,Gadag,582117,1,0,0,0.99999999999998
15-09-2025,Karnataka,Gadag,582203,2,0,0,2.000000000000001
15-09-2025,Karnataka,Gadag,582205,1,0,0,0.99999999999998
15-09-2025,Karnataka,Gadag,582210,1,0,0,0.99999999999998
15-09-2025,Karnataka,Gulbarga,585316,3,0,0,3.0000000000000218
15-09-2025,Karnataka,Gulbarga,585324,1,0,0,0.99999999999998
15-09-2025,Karnataka,Hasan,573126,1,0,0,0.99999999999998
15-09-2025,Karnataka,Hasan,573133,1,0,0,0.99999999999998
15-09-2025,Karnataka,Hassan,573128,1,0,0,0.99999999999998
15-09-2025,Karnataka,Hassan,573130,1,0,0,0.99999999999998
13-09-2025,Karnataka,Bagalkot,587201,1,0,0,0.99999999999998
13-09-2025,Karnataka,Bagalkot,587207,1,0,0,0.99999999999998
13-09-2025,Karnataka,Bagalkot,587311,2,0,0,2.000000000000001
13-09-2025,Karnataka,Bagalkot,587330,5,1,0,6.000000000000038
13-09-2025,Karnataka,Bagalkot *,587125,1,0,0,0.99999999999998
13-09-2025,Karnataka,Ballari,583101,3,0,0,3.0000000000000218
13-09-2025,Karnataka,Ballari,583217,1,0,0,0.99999999999998
13-09-2025,Karnataka,Bangalore,560021,2,0,0,2.000000000000001
13-09-2025,Karnataka,Bangalore,560023,1,0,0,0.99999999999998
13-09-2025,Karnataka,Bangalore,560027,2,0,0,2.000000000000001
13-09-2025,Karnataka,Bangalore,560029,1,0,0,0.99999999999998
13-09-2025,Karnataka,Bangalore,560033,2,0,0,2.000000000000001
13-09-2025,Karnataka,Bangalore,560045,5,0,0,5.000000000000064
13-09-2025,Karnataka,Bangalore,560063,0,1,0,0.999999999999934
13-09-2025,Karnataka,Bangalore,560064,1,1,0,1.999999999999955
13-09-2025,Karnataka,Bangalore,560085,2,1,0,2.999999999999976
13-09-2025,Karnataka,Bangalore,560097,1,0,0,0.99999999999998
13-09-2025,Karnataka,Bangalore,562106,3,0,0,3.0000000000000218
13-09-2025,Karnataka,Bangalore Rural,560087,1,0,0,0.99999999999998
13-09-2025,Karnataka,Bangalore Rural,562111,2,0,0,2.000000000000001
13-09-2025,Karnataka,Bangalore Rural,562132,1,0,0,0.99999999999998
13-09-2025,Karnataka,Belagavi,591120,1,0,0,0.99999999999998
13-09-2025,Karnataka,Belagavi,591223,1,0,0,0.99999999999998
13-09-2025,Karnataka,Belagavi,591304,1,0,0,0.99999999999998
13-09-2025,Karnataka,Belagavi,591344,1,0,0,0.99999999999998
13-09-2025,Karnataka,Belgaum,590014,1,0,0,0.99999999999998
13-09-2025,Karnataka,Belgaum,591127,1,0,0,0.99999999999998
13-09-2025,Karnataka,Belgaum,591213,1,0,0,0.99999999999998
13-09-2025,Karnataka,Belgaum,591235,0,2,0,1.999999999999909
13-09-2025,Karnataka,Belgaum,591265,2,0,0,2.000000000000001
13-09-2025,Karnataka,Belgaum,591307,6,0,0,6.000000000000084
13-09-2025,Karnataka,Bellary,583132,3,0,0,3.0000000000000218
13-09-2025,Karnataka,Bellary,583212,1,4,0,4.999999999999879
13-09-2025,Karnataka,Bellary,583219,2,0,0,2.000000000000001
13-09-2025,Karnataka,Bengaluru,560002,1,0,0,0.99999999999998
13-09-2025,Karnataka,Bengaluru,560021,3,1,0,3.9999999999999964
13-09-2025,Karnataka,Bengaluru,560026,3,1,0,3.9999999999999964
13-09-2025,Karnataka,Bengaluru,560030,1,1,0,1.999999999999955
13-09-2025,Karnataka,Bengaluru,560033,2,0,0,2.000000000000001
13-09-2025,Karnataka,Bengaluru,560035,10,5,0,15.000000000000043
13-09-2025,Karnataka,Bengaluru,560041,1,0,0,0.99999999999998
13-09-2025,Karnataka,Bengaluru,560043,10,2,0,12.000000000000117
13-09-2025,Karnataka,Bengaluru,560045,5,2,0,7.000000000000013
13-09-2025,Karnataka,Bengaluru,560062,4,1,0,5.000000000000018
13-09-2025,Karnataka,Bengaluru,560064,7,1,2,10.000000000000052
13-09-2025,Karnataka,Bengaluru,560068,16,4,2,22.000000000000163
13-09-2025,Karnataka,Bengaluru,560072,3,0,0,3.0000000000000218
13-09-2025,Karnataka,Bengaluru,560085,2,2,0,3.9999999999999507
13-09-2025,Karnataka,Bengaluru,560087,2,2,0,3.9999999999999507
13-09-2025,Karnataka,Bengaluru,560091,4,1,0,5.000000000000018
13-09-2025,Karnataka,Bengaluru,560092,2,0,0,2.000000000000001
13-09-2025,Karnataka,Bengaluru,560096,3,0,0,3.0000000000000218
13-09-2025,Karnataka,Bengaluru,562157,1,1,0,1.999999999999955
13-09-2025,Karnataka,Bidar,585327,3,1,0,3.9999999999999964
13-09-2025,Karnataka,Bidar,585419,5,4,0,8.999999999999963
13-09-2025,Karnataka,Bidar,585437,1,1,0,1.999999999999955
13-09-2025,Karnataka,Bijapur,586122,1,0,0,0.99999999999998
13-09-2025,Karnataka,Bijapur,586125,2,0,0,2.000000000000001
13-09-2025,Karnataka,Bijapur,586129,0,1,0,0.999999999999934
13-09-2025,Karnataka,Bijapur,586201,0,1,0,0.999999999999934
13-09-2025,Karnataka,Bijapur,586204,1,0,0,0.99999999999998
13-09-2025,Karnataka,Bijapur,586205,1,2,0,2.99999999999993
13-09-2025,Karnataka,Bijapur,586216,1,0,0,0.99999999999998
13-09-2025,Karnataka,Chickmagalur,577114,1,0,0,0.99999999999998
13-09-2025,Karnataka,Chickmagalur,577130,1,0,0,0.99999999999998
13-09-2025,Karnataka,Chikkaballapur,561209,1,0,0,0.99999999999998
13-09-2025,Karnataka,Chikkaballapur,562104,2,0,0,2.000000000000001
13-09-2025,Karnataka,Chikkaballapur,563159,1,0,0,0.99999999999998
13-09-2025,Karnataka,Chitradurga,577527,2,0,0,2.000000000000001
13-09-2025,Karnataka,Dakshina Kannada,574145,1,0,0,0.99999999999998
13-09-2025,Karnataka,Dakshina Kannada,574199,1,1,0,1.999999999999955
13-09-2025,Karnataka,Dakshina Kannada,574214,1,0,0,0.99999999999998
13-09-2025,Karnataka,Dakshina Kannada,574226,1,0,0,0.99999999999998
13-09-2025,Karnataka,Dakshina Kannada,575006,1,0,0,0.99999999999998
13-09-2025,Karnataka,Dakshina Kannada,575020,1,0,0,0.99999999999998
13-09-2025,Karnataka,Davanagere,577528,1,0,0,0.99999999999998
13-09-2025,Karnataka,Davangere,577006,1,0,0,0.99999999999998
13-09-2025,Karnataka,Davangere,577530,1,1,0,1.999999999999955
13-09-2025,Karnataka,Davangere,577556,1,0,0,0.99999999999998
13-09-2025,Karnataka,Davangere,583131,0,1,0,0.999999999999934
13-09-2025,Karnataka,Dharwad,580004,1,0,0,0.99999999999998
13-09-2025,Karnataka,Dharwad,580005,1,0,0,0.99999999999998
13-09-2025,Karnataka,Dharwad,580028,2,0,0,2.000000000000001
13-09-2025,Karnataka,Dharwad,581204,1,1,0,1.999999999999955
13-09-2025,Karnataka,Dharwad,582208,3,0,0,3.0000000000000218
13-09-2025,Karnataka,Gadag,582209,1,0,0,0.99999999999998
13-09-2025,Karnataka,Hassan,573214,1,0,0,0.99999999999998
13-09-2025,Karnataka,Hassan,573217,2,0,0,2.000000000000001
13-09-2025,Karnataka,Hassan,573225,3,0,0,3.0000000000000218
13-09-2025,Karnataka,Haveri,581102,1,0,0,0.99999999999998
13-09-2025,Karnataka,Haveri,581109,1,1,0,1.999999999999955
13-09-2025,Karnataka,Kalaburagi,585106,1,0,0,0.99999999999998
13-09-2025,Karnataka,Koppal,583229,3,0,0,3.0000000000000218
13-09-2025,Karnataka,Koppal,583278,1,0,0,0.99999999999998
13-09-2025,Karnataka,Mandya,571424,2,0,0,2.000000000000001
13-09-2025,Karnataka,Mandya,571434,1,0,0,0.99999999999998
13-09-2025,Karnataka,Mandya,571437,3,0,0,3.0000000000000218
13-09-2025,Karnataka,Mysore,570011,2,0,0,2.000000000000001
13-09-2025,Karnataka,Mysore,570018,2,0,0,2.000000000000001
13-09-2025,Karnataka,Mysore,571301,1,0,0,0.99999999999998
13-09-2025,Karnataka,Mysuru,570015,1,0,0,0.99999999999998
13-09-2025,Karnataka,Mysuru,570019,3,0,0,3.0000000000000218
13-09-2025,Karnataka,Mysuru,570020,1,0,0,0.99999999999998
13-09-2025,Karnataka,Mysuru,570023,2,0,0,2.000000000000001
13-09-2025,Karnataka,Mysuru,571120,2,0,0,2.000000000000001
13-09-2025,Karnataka,Raichur,584101,7,1,0,8.00000000000008
13-09-2025,Karnataka,Raichur,584115,5,0,0,5.000000000000064
13-09-2025,Karnataka,Raichur,584132,4,1,0,5.000000000000018
13-09-2025,Karnataka,Ramanagar,562112,1,0,0,0.99999999999998
13-09-2025,Karnataka,Shimoga,577419,8,0,0,8.000000000000126
13-09-2025,Karnataka,Shivamogga,577201,1,0,0,0.99999999999998
13-09-2025,Karnataka,Shivamogga,577202,2,0,0,2.000000000000001
13-09-2025,Karnataka,Tumakuru,561202,2,0,0,2.000000000000001
13-09-2025,Karnataka,Tumakuru,572107,1,0,0,0.99999999999998
13-09-2025,Karnataka,Tumakuru,572118,1,0,0,0.99999999999998
13-09-2025,Karnataka,Tumakuru,572227,0,1,0,0.999999999999934
13-09-2025,Karnataka,Tumkur,572139,2,0,0,2.000000000000001
13-09-2025,Karnataka,Tumkur,572228,1,0,0,0.99999999999998
13-09-2025,Karnataka,Udupi,576210,1,0,0,0.99999999999998
13-09-2025,Karnataka,Udupi,576213,1,0,0,0.99999999999998
13-09-2025,Karnataka,Udupi,576217,1,0,0,0.99999999999998
13-09-2025,Karnataka,Udupi,576221,1,0,0,0.99999999999998
13-09-2025,Karnataka,Udupi,576222,3,0,0,3.0000000000000218
13-09-2025,Karnataka,Udupi,576234,1,1,0,1.999999999999955
13-09-2025,Karnataka,Uttara Kannada,581304,1,0,0,0.99999999999998
13-09-2025,Karnataka,Uttara Kannada,581314,1,0,0,0.99999999999998
13-09-2025,Karnataka,Uttara Kannada,581329,1,0,0,0.99999999999998
13-09-2025,Karnataka,Uttara Kannada,581333,1,0,0,0.99999999999998
13-09-2025,Karnataka,Uttara Kannada,581363,1,0,0,0.99999999999998
13-09-2025,Karnataka,Uttara Kannada,581400,1,0,0,0.99999999999998
13-09-2025,Karnataka,Vijayanagara,583239,1,0,0,0.99999999999998
13-09-2025,Karnataka,Vijayapura,586104,1,1,0,1.999999999999955
13-09-2025,Karnataka,Vijayapura,586115,1,0,0,0.99999999999998
13-09-2025,Karnataka,Vijayapura,586209,3,0,0,3.0000000000000218
13-09-2025,Karnataka,Vijayapura,586210,2,1,0,2.999999999999976
13-09-2025,Karnataka,Vijayapura,586212,2,0,0,2.000000000000001
13-09-2025,Karnataka,Vijayapura,586215,2,1,0,2.999999999999976
13-09-2025,Karnataka,Yadgir,585290,4,0,0,4.000000000000043
13-09-2025,Karnataka,yadgir,585214,1,0,0,0.99999999999998
13-09-2025,Karnataka,yadgir,585216,0,1,0,0.999999999999934
13-09-2025,Karnataka,yadgir,585223,1,0,0,0.99999999999998
12-09-2025,Karnataka,Tumkur,572222,1,0,0,0.99999999999998
12-09-2025,Karnataka,Tumkur,572227,1,1,0,1.999999999999955
12-09-2025,Karnataka,Udupi,574119,1,0,0,0.99999999999998
12-09-2025,Karnataka,Udupi,574122,0,1,0,0.999999999999934
12-09-2025,Karnataka,Udupi,576107,3,0,0,3.0000000000000218
12-09-2025,Karnataka,Udupi,576222,4,0,0,4.000000000000043
12-09-2025,Karnataka,Udupi,576234,1,0,0,0.99999999999998
12-09-2025,Karnataka,Udupi,576283,2,0,0,2.000000000000001
12-09-2025,Karnataka,Uttara Kannada,581346,3,0,0,3.0000000000000218
12-09-2025,Karnataka,Uttara Kannada,581349,1,0,0,0.99999999999998
12-09-2025,Karnataka,Uttara Kannada,581353,1,0,0,0.99999999999998
12-09-2025,Karnataka,Uttara Kannada,581411,1,0,0,0.99999999999998
12-09-2025,Karnataka,Vijayanagara,583126,2,1,0,2.999999999999976
12-09-2025,Karnataka,Vijayanagara,583127,1,0,0,0.99999999999998
12-09-2025,Karnataka,Vijayanagara,583201,6,0,0,6.000000000000084
12-09-2025,Karnataka,Vijayanagara,583224,2,0,0,2.000000000000001
12-09-2025,Karnataka,Vijayapura,586108,1,0,0,0.99999999999998
12-09-2025,Karnataka,Vijayapura,586113,5,0,0,5.000000000000064
12-09-2025,Karnataka,Vijayapura,586116,3,1,0,3.9999999999999964
12-09-2025,Karnataka,Vijayapura,586128,16,2,0,18.00000000000024
12-09-2025,Karnataka,Vijayapura,586129,3,0,0,3.0000000000000218
12-09-2025,Karnataka,Vijayapura,586208,7,0,0,7.000000000000105
12-09-2025,Karnataka,Vijayapura,586209,2,0,0,2.000000000000001
12-09-2025,Karnataka,Vijayapura,586210,2,0,0,2.000000000000001
12-09-2025,Karnataka,Vijayapura,586211,2,0,0,2.000000000000001
12-09-2025,Karnataka,Yadgir,585216,9,3,0,12.000000000000071
12-09-2025,Karnataka,Yadgir,585221,7,0,0,7.000000000000105
12-09-2025,Karnataka,Yadgir,585223,10,2,0,12.000000000000117
12-09-2025,Karnataka,Yadgir,585237,4,0,0,4.000000000000043
12-09-2025,Karnataka,Yadgir,585309,11,1,0,12.000000000000163
12-09-2025,Karnataka,Yadgir,585323,4,2,0,5.999999999999993
12-09-2025,Karnataka,Yadgir,585355,3,1,0,3.9999999999999964
12-09-2025,Karnataka,yadgir,585202,0,1,0,0.999999999999934
15-09-2025,Karnataka,Hassan,573201,10,0,0,10.000000000000169
15-09-2025,Karnataka,Hassan,573211,4,0,0,4.000000000000043
15-09-2025,Karnataka,Haveri,581101,0,1,0,0.999999999999934
15-09-2025,Karnataka,Haveri,581109,3,0,0,3.0000000000000218
15-09-2025,Karnataka,Haveri,581126,1,0,0,0.99999999999998
15-09-2025,Karnataka,Haveri,581193,2,0,0,2.000000000000001
15-09-2025,Karnataka,Haveri,581203,1,0,0,0.99999999999998
15-09-2025,Karnataka,Kalaburagi,585101,1,0,0,0.99999999999998
15-09-2025,Karnataka,Kalaburagi,585225,3,0,0,3.0000000000000218
15-09-2025,Karnataka,Kalaburagi,585303,3,0,0,3.0000000000000218
15-09-2025,Karnataka,Kalaburagi,585308,1,0,0,0.99999999999998
15-09-2025,Karnataka,Kalaburagi,585317,1,0,0,0.99999999999998
15-09-2025,Karnataka,Kodagu,571215,2,0,0,2.000000000000001
15-09-2025,Karnataka,Kolar,563101,7,0,0,7.000000000000105
15-09-2025,Karnataka,Koppal,583229,10,1,0,11.000000000000142
15-09-2025,Karnataka,Koppal,583234,3,0,0,3.0000000000000218
15-09-2025,Karnataka,Koppal,583235,2,0,0,2.000000000000001
15-09-2025,Karnataka,Koppal,583236,1,1,0,1.999999999999955
15-09-2025,Karnataka,Koppal,583283,3,1,0,3.9999999999999964
15-09-2025,Karnataka,Mandya,571405,1,0,0,0.99999999999998
15-09-2025,Karnataka,Mandya,571421,1,0,0,0.99999999999998
15-09-2025,Karnataka,Mysore,571107,2,0,0,2.000000000000001
15-09-2025,Karnataka,Mysore,571114,3,0,0,3.0000000000000218
15-09-2025,Karnataka,Mysore,571118,2,0,0,2.000000000000001
15-09-2025,Karnataka,Mysuru,570001,1,0,0,0.99999999999998
15-09-2025,Karnataka,Mysuru,570019,2,0,0,2.000000000000001
15-09-2025,Karnataka,Mysuru,571101,0,0,1,0.9999999999999446
15-09-2025,Karnataka,Mysuru,571107,2,0,1,2.9999999999999862
15-09-2025,Karnataka,Mysuru,571125,3,0,0,3.0000000000000218
15-09-2025,Karnataka,Mysuru,571311,1,0,0,0.99999999999998
15-09-2025,Karnataka,Raichur,584115,0,1,0,0.999999999999934
15-09-2025,Karnataka,Raichur,584120,3,1,1,4.999999999999982
15-09-2025,Karnataka,Raichur,584167,2,2,0,3.9999999999999507
15-09-2025,Karnataka,Ramanagar,562117,4,0,0,4.000000000000043
15-09-2025,Karnataka,Shimoga,577430,2,0,0,2.000000000000001
15-09-2025,Karnataka,Shivamogga,577115,1,0,0,0.99999999999998
15-09-2025,Karnataka,Shivamogga,577222,4,0,0,4.000000000000043
15-09-2025,Karnataka,Shivamogga,577448,1,0,0,0.99999999999998
15-09-2025,Karnataka,Tumakuru,572102,1,0,0,0.99999999999998
15-09-2025,Karnataka,Tumakuru,572118,1,0,0,0.99999999999998
15-09-2025,Karnataka,Tumakuru,572124,2,0,0,2.000000000000001
15-09-2025,Karnataka,Tumakuru,572132,1,0,0,0.99999999999998
15-09-2025,Karnataka,Tumakuru,572137,2,0,0,2.000000000000001
15-09-2025,Karnataka,Tumakuru,572221,1,0,0,0.99999999999998
15-09-2025,Karnataka,Tumakuru,572223,1,0,0,0.99999999999998
15-09-2025,Karnataka,Tumakuru,572225,1,0,0,0.99999999999998
15-09-2025,Karnataka,Tumkur,572112,2,0,0,2.000000000000001
15-09-2025,Karnataka,Tumkur,572118,1,0,0,0.99999999999998
15-09-2025,Karnataka,Tumkur,572128,3,0,0,3.0000000000000218
15-09-2025,Karnataka,Tumkur,572132,2,0,0,2.000000000000001
15-09-2025,Karnataka,Udupi,576212,1,0,0,0.99999999999998
15-09-2025,Karnataka,Uttara Kannada,581186,1,0,0,0.99999999999998
15-09-2025,Karnataka,Uttara Kannada,581325,2,0,0,2.000000000000001
15-09-2025,Karnataka,Uttara Kannada,581334,1,0,0,0.99999999999998
15-09-2025,Karnataka,Uttara Kannada,581343,1,0,0,0.99999999999998
15-09-2025,Karnataka,Uttara Kannada,581358,1,0,0,0.99999999999998
15-09-2025,Karnataka,Uttara Kannada,581359,4,0,0,4.000000000000043
15-09-2025,Karnataka,Uttara Kannada,581412,3,0,0,3.0000000000000218
15-09-2025,Karnataka,Vijayanagara,583201,1,0,0,0.99999999999998
15-09-2025,Karnataka,Vijayanagara,583213,1,0,0,0.99999999999998
15-09-2025,Karnataka,Vijayanagara,583216,1,0,0,0.99999999999998
15-09-2025,Karnataka,Vijayapura,586101,2,0,0,2.000000000000001
15-09-2025,Karnataka,Vijayapura,586103,1,0,0,0.99999999999998
15-09-2025,Karnataka,Vijayapura,586121,4,0,0,4.000000000000043
15-09-2025,Karnataka,Vijayapura,586204,2,0,0,2.000000000000001
15-09-2025,Karnataka,Vijayapura,586213,1,0,0,0.99999999999998
15-09-2025,Karnataka,Vijayapura,586214,4,2,0,5.999999999999993
15-09-2025,Karnataka,Yadgir,585220,1,0,0,0.99999999999998
15-09-2025,Karnataka,Yadgir,585287,2,0,0,2.000000000000001
15-09-2025,Karnataka,Yadgir,585355,1,0,0,0.99999999999998
15-09-2025,Karnataka,yadgir,585221,2,0,0,2.000000000000001
16-09-2025,Karnataka,Bagalkot,587101,1,0,0,0.99999999999998
16-09-2025,Karnataka,Bagalkot,587119,6,0,0,6.000000000000084
16-09-2025,Karnataka,Bagalkot,587314,1,0,0,0.99999999999998
16-09-2025,Karnataka,Ballari,583101,10,0,2,12.00000000000014
16-09-2025,Karnataka,Ballari,583122,4,0,0,4.000000000000043
16-09-2025,Karnataka,Bangalore,560004,1,0,0,0.99999999999998
16-09-2025,Karnataka,Bangalore,560007,1,0,0,0.99999999999998
16-09-2025,Karnataka,Bangalore,560015,1,1,0,1.999999999999955
16-09-2025,Karnataka,Bangalore,560051,1,0,0,0.99999999999998
16-09-2025,Karnataka,Bangalore,560058,1,0,0,0.99999999999998
16-09-2025,Karnataka,Bangalore,560064,0,1,0,0.999999999999934
16-09-2025,Karnataka,Bangalore Rural,562114,1,0,0,0.99999999999998
16-09-2025,Karnataka,Bangalore Rural,562157,0,0,1,0.9999999999999446
16-09-2025,Karnataka,Belagavi,590014,4,0,0,4.000000000000043
16-09-2025,Karnataka,Belagavi,591108,1,0,0,0.99999999999998
16-09-2025,Karnataka,Belagavi,591128,1,0,0,0.99999999999998
16-09-2025,Karnataka,Belagavi,591129,1,0,0,0.99999999999998
16-09-2025,Karnataka,Belagavi,591211,1,0,0,0.99999999999998
16-09-2025,Karnataka,Belagavi,591212,1,0,0,0.99999999999998
16-09-2025,Karnataka,Belagavi,591216,2,0,0,2.000000000000001
16-09-2025,Karnataka,Belagavi,591222,1,0,0,0.99999999999998
16-09-2025,Karnataka,Belagavi,591231,1,0,0,0.99999999999998
16-09-2025,Karnataka,Belagavi,591232,2,0,0,2.000000000000001
16-09-2025,Karnataka,Belagavi,591238,1,0,0,0.99999999999998
16-09-2025,Karnataka,Belagavi,591313,2,0,0,2.000000000000001
16-09-2025,Karnataka,Belgaum,591112,1,0,0,0.99999999999998
16-09-2025,Karnataka,Belgaum,591121,1,0,0,0.99999999999998
16-09-2025,Karnataka,Belgaum,591220,1,0,0,0.99999999999998
16-09-2025,Karnataka,Belgaum,591240,2,1,0,2.999999999999976
16-09-2025,Karnataka,Belgaum,591254,1,0,0,0.99999999999998
16-09-2025,Karnataka,Belgaum,591311,2,0,0,2.000000000000001
16-09-2025,Karnataka,Bellary,583102,2,0,0,2.000000000000001
16-09-2025,Karnataka,Bellary,583115,5,1,0,6.000000000000038
16-09-2025,Karnataka,Bellary,583116,2,0,0,2.000000000000001
16-09-2025,Karnataka,Bellary,583129,2,2,0,3.9999999999999507
16-09-2025,Karnataka,Bellary,583212,6,2,0,8.000000000000034
16-09-2025,Karnataka,Bellary,583221,2,0,0,2.000000000000001
16-09-2025,Karnataka,Bellary,583224,3,0,0,3.0000000000000218
16-09-2025,Karnataka,Bengaluru,560017,0,0,1,0.9999999999999446
16-09-2025,Karnataka,Bengaluru,560021,2,0,0,2.000000000000001
16-09-2025,Karnataka,Bengaluru,560045,4,1,0,5.000000000000018
16-09-2025,Karnataka,Bengaluru,560057,1,0,0,0.99999999999998
16-09-2025,Karnataka,Bengaluru,560070,2,1,0,2.999999999999976
16-09-2025,Karnataka,Bengaluru,560072,0,1,0,0.999999999999934
16-09-2025,Karnataka,Bengaluru,560073,3,0,0,3.0000000000000218
16-09-2025,Karnataka,Bengaluru,560087,2,1,0,2.999999999999976
16-09-2025,Karnataka,Bengaluru,560099,1,2,0,2.99999999999993
16-09-2025,Karnataka,Bengaluru,560107,1,0,0,0.99999999999998
16-09-2025,Karnataka,Bidar,585226,4,0,0,4.000000000000043
16-09-2025,Karnataka,Bidar,585326,5,3,0,7.999999999999988
16-09-2025,Karnataka,Bidar,585417,1,0,0,0.99999999999998
16-09-2025,Karnataka,Bijapur,586113,1,0,0,0.99999999999998
16-09-2025,Karnataka,Bijapur,586119,2,0,0,2.000000000000001
16-09-2025,Karnataka,Bijapur,586123,1,0,0,0.99999999999998
16-09-2025,Karnataka,Bijapur,586202,0,1,0,0.999999999999934
16-09-2025,Karnataka,Bijapur,586245,4,1,0,5.000000000000018
16-09-2025,Karnataka,Chamarajanagar,571127,1,0,0,0.99999999999998
16-09-2025,Karnataka,Chamarajanagar,571441,1,0,0,0.99999999999998
16-09-2025,Karnataka,Chamrajanagar,571439,11,0,0,11.000000000000188
16-09-2025,Karnataka,Chamrajnagar,571111,3,0,0,3.0000000000000218
16-09-2025,Karnataka,Chickmagalur,577112,2,0,0,2.000000000000001
16-09-2025,Karnataka,Chickmagalur,577138,1,0,0,0.99999999999998
16-09-2025,Karnataka,Chickmagalur,577139,1,0,0,0.99999999999998
16-09-2025,Karnataka,Chikkaballapur,561207,1,1,0,1.999999999999955
16-09-2025,Karnataka,Chikkaballapur,561212,2,0,0,2.000000000000001
16-09-2025,Karnataka,Chikkaballapur,562101,5,1,0,6.000000000000038
16-09-2025,Karnataka,Chikkaballapur,562102,2,0,0,2.000000000000001
16-09-2025,Karnataka,Chikkaballapur,563159,1,0,0,0.99999999999998
16-09-2025,Karnataka,Chikkamagaluru,577101,1,0,0,0.99999999999998
16-09-2025,Karnataka,Chitradurga,577501,5,0,0,5.000000000000064
16-09-2025,Karnataka,Chitradurga,577517,1,1,0,1.999999999999955
16-09-2025,Karnataka,Chitradurga,577519,3,0,0,3.0000000000000218
16-09-2025,Karnataka,Chitradurga,577540,3,0,0,3.0000000000000218
16-09-2025,Karnataka,Chitradurga,577555,1,0,0,0.99999999999998
16-09-2025,Karnataka,Chitradurga,577597,1,0,0,0.99999999999998
16-09-2025,Karnataka,Dakshina Kannada,574210,2,1,0,2.999999999999976
16-09-2025,Karnataka,Dakshina Kannada,574230,1,0,0,0.99999999999998
16-09-2025,Karnataka,Dakshina Kannada,574240,1,0,0,0.99999999999998
16-09-2025,Karnataka,Dakshina Kannada,575020,2,0,0,2.000000000000001
16-09-2025,Karnataka,Davanagere,577514,0,1,0,0.999999999999934
16-09-2025,Karnataka,Davangere,577006,2,0,0,2.000000000000001
16-09-2025,Karnataka,Davangere,577513,1,0,0,0.99999999999998
16-09-2025,Karnataka,Davangere,577516,1,0,0,0.99999999999998
16-09-2025,Karnataka,Davangere,577534,1,1,0,1.999999999999955
16-09-2025,Karnataka,Davangere,577553,2,0,0,2.000000000000001
16-09-2025,Karnataka,Dharwad,580024,5,0,0,5.000000000000064
16-09-2025,Karnataka,Dharwad,581107,1,0,0,0.99999999999998
16-09-2025,Karnataka,Dharwad,581201,2,0,0,2.000000000000001
16-09-2025,Karnataka,Dharwad,582201,1,0,0,0.99999999999998
16-09-2025,Karnataka,Gadag,582203,4,0,1,5.000000000000028
16-09-2025,Karnataka,Gadag,582204,2,0,0,2.000000000000001
16-09-2025,Karnataka,Gulbarga,585101,1,0,0,0.99999999999998
16-09-2025,Karnataka,Gulbarga,585102,5,0,0,5.000000000000064
16-09-2025,Karnataka,Gulbarga,585217,1,0,0,0.99999999999998
16-09-2025,Karnataka,Gulbarga,585310,1,0,0,0.99999999999998
16-09-2025,Karnataka,Gulbarga,585313,1,1,0,1.999999999999955
16-09-2025,Karnataka,Hasan,573130,1,0,0,0.99999999999998
16-09-2025,Karnataka,Hasan,573219,1,0,0,0.99999999999998
16-09-2025,Karnataka,Hassan,573112,1,0,0,0.99999999999998
16-09-2025,Karnataka,Hassan,573123,2,0,0,2.000000000000001
16-09-2025,Karnataka,Hassan,573134,1,0,0,0.99999999999998
16-09-2025,Karnataka,Hassan,573211,3,0,0,3.0000000000000218
16-09-2025,Karnataka,Haveri,581110,3,0,0,3.0000000000000218
16-09-2025,Karnataka,Haveri,581112,2,0,0,2.000000000000001
16-09-2025,Karnataka,Haveri,581208,1,0,0,0.99999999999998
16-09-2025,Karnataka,Kalaburagi,585314,1,0,0,0.99999999999998
16-09-2025,Karnataka,Kodagu,571219,1,0,0,0.99999999999998
16-09-2025,Karnataka,Kolar,563135,5,0,0,5.000000000000064
16-09-2025,Karnataka,Kolar,563162,10,0,0,10.000000000000169
16-09-2025,Karnataka,Koppal,583234,11,0,0,11.000000000000188
16-09-2025,Karnataka,Koppal,583236,3,1,0,3.9999999999999964
16-09-2025,Karnataka,Koppal,583278,0,1,0,0.999999999999934
16-09-2025,Karnataka,Mandya,571401,1,0,0,0.99999999999998
16-09-2025,Karnataka,Mandya,571403,0,1,0,0.999999999999934
16-09-2025,Karnataka,Mandya,571404,1,0,0,0.99999999999998
16-09-2025,Karnataka,Mandya,571421,1,0,0,0.99999999999998
16-09-2025,Karnataka,Mandya,571424,2,0,0,2.000000000000001
16-09-2025,Karnataka,Mandya,571427,1,0,0,0.99999999999998
16-09-2025,Karnataka,Mysore,570008,2,0,0,2.000000000000001
16-09-2025,Karnataka,Mysore,570011,2,0,0,2.000000000000001
16-09-2025,Karnataka,Mysore,571617,1,0,0,0.99999999999998
16-09-2025,Karnataka,Mysuru,571124,3,0,0,3.0000000000000218
16-09-2025,Karnataka,Mysuru,571187,3,0,0,3.0000000000000218
16-09-2025,Karnataka,Mysuru,571604,1,0,0,0.99999999999998
16-09-2025,Karnataka,Raichur,584101,3,1,0,3.9999999999999964
16-09-2025,Karnataka,Raichur,584125,3,5,0,7.999999999999897
16-09-2025,Karnataka,Raichur,584127,3,2,0,4.999999999999972
16-09-2025,Karnataka,Raichur,584132,10,0,0,10.000000000000169
16-09-2025,Karnataka,Raichur,584138,4,2,0,5.999999999999993
16-09-2025,Karnataka,Ramanagar,562117,5,0,0,5.000000000000064
16-09-2025,Karnataka,Ramanagar,562138,1,0,0,0.99999999999998
16-09-2025,Karnataka,Shimoga,577229,2,0,0,2.000000000000001
16-09-2025,Karnataka,Shimoga,577423,1,0,0,0.99999999999998
16-09-2025,Karnataka,Shivamogga,577227,2,0,0,2.000000000000001
16-09-2025,Karnataka,Shivamogga,577229,2,0,0,2.000000000000001
16-09-2025,Karnataka,Shivamogga,577401,1,0,0,0.99999999999998
16-09-2025,Karnataka,Shivamogga,577450,1,0,0,0.99999999999998
16-09-2025,Karnataka,Tumakuru,572105,1,0,0,0.99999999999998
16-09-2025,Karnataka,Tumakuru,572106,2,0,1,2.9999999999999862
16-09-2025,Karnataka,Tumakuru,572118,1,0,0,0.99999999999998
16-09-2025,Karnataka,Tumakuru,572125,2,0,0,2.000000000000001
16-09-2025,Karnataka,Tumakuru,572129,1,0,0,0.99999999999998
16-09-2025,Karnataka,Tumakuru,572218,1,0,0,0.99999999999998
16-09-2025,Karnataka,Tumakuru,572221,1,0,0,0.99999999999998
16-09-2025,Karnataka,Tumkur,572106,1,0,0,0.99999999999998
16-09-2025,Karnataka,Tumkur,572112,1,0,0,0.99999999999998
16-09-2025,Karnataka,Tumkur,572114,2,0,0,2.000000000000001
16-09-2025,Karnataka,Tumkur,572201,3,0,0,3.0000000000000218
16-09-2025,Karnataka,Udupi,574122,1,0,0,0.99999999999998
16-09-2025,Karnataka,Udupi,576102,12,0,0,12.00000000000021
16-09-2025,Karnataka,Udupi,576223,1,0,0,0.99999999999998
16-09-2025,Karnataka,Uttara Kannada,581318,2,0,0,2.000000000000001
16-09-2025,Karnataka,Uttara Kannada,581351,1,0,0,0.99999999999998
16-09-2025,Karnataka,Vijayanagara,583212,1,0,0,0.99999999999998
16-09-2025,Karnataka,Vijayanagara,583217,1,0,0,0.99999999999998
16-09-2025,Karnataka,Vijayanagara,583220,1,0,0,0.99999999999998
16-09-2025,Karnataka,Vijayanagara,583221,1,0,0,0.99999999999998
16-09-2025,Karnataka,Vijayapura,586108,1,0,0,0.99999999999998
16-09-2025,Karnataka,Vijayapura,586112,4,0,0,4.000000000000043
16-09-2025,Karnataka,Vijayapura,586117,2,0,0,2.000000000000001
16-09-2025,Karnataka,Vijayapura,586121,3,0,0,3.0000000000000218
16-09-2025,Karnataka,Vijayapura,586202,0,1,1,1.9999999999999196
16-09-2025,Karnataka,Vijayapura,586203,4,0,0,4.000000000000043
16-09-2025,Karnataka,Vijayapura,586215,1,1,0,1.999999999999955
16-09-2025,Karnataka,Vijayapura,586245,4,0,0,4.000000000000043
16-09-2025,Karnataka,Yadgir,585220,1,2,0,2.99999999999993
16-09-2025,Karnataka,Yadgir,585221,4,1,0,5.000000000000018
16-09-2025,Karnataka,Yadgir,585223,3,1,0,3.9999999999999964
16-09-2025,Karnataka,Yadgir,585290,6,1,0,7.0000000000000595
16-09-2025,Karnataka,Yadgir,585309,1,0,0,0.99999999999998
16-09-2025,Karnataka,Yadgir,585321,6,1,0,7.0000000000000595
16-09-2025,Karnataka,Yadgir,585323,4,0,0,4.000000000000043
16-09-2025,Karnataka,yadgir,585220,1,0,0,0.99999999999998
16-09-2025,Karnataka,yadgir,585319,1,0,0,0.99999999999998
17-09-2025,Karnataka,Davangere,583127,1,0,0,0.99999999999998
17-09-2025,Karnataka,Dharwad,580007,2,0,0,2.000000000000001
17-09-2025,Karnataka,Dharwad,580028,4,0,0,4.000000000000043
17-09-2025,Karnataka,Dharwad,580030,1,0,0,0.99999999999998
17-09-2025,Karnataka,Dharwad,581117,1,0,0,0.99999999999998
17-09-2025,Karnataka,Dharwad,581206,2,0,0,2.000000000000001
17-09-2025,Karnataka,Dharwad,581212,1,0,0,0.99999999999998
17-09-2025,Karnataka,Gadag,582114,8,0,0,8.000000000000126
17-09-2025,Karnataka,Gadag,582206,1,0,0,0.99999999999998
17-09-2025,Karnataka,Gadag,582209,23,1,0,24.000000000000412
17-09-2025,Karnataka,Gadag *,582102,1,0,0,0.99999999999998
17-09-2025,Karnataka,Gulbarga,585104,5,1,0,6.000000000000038
17-09-2025,Karnataka,Gulbarga,585211,1,0,0,0.99999999999998
17-09-2025,Karnataka,Gulbarga,585301,3,3,0,5.999999999999947
17-09-2025,Karnataka,Gulbarga,585303,2,0,0,2.000000000000001
17-09-2025,Karnataka,Gulbarga,585308,2,0,0,2.000000000000001
17-09-2025,Karnataka,Hasan,573135,1,0,0,0.99999999999998
17-09-2025,Karnataka,Hassan,573121,1,0,0,0.99999999999998
17-09-2025,Karnataka,Hassan,573201,4,0,0,4.000000000000043
17-09-2025,Karnataka,Haveri,581115,2,0,0,2.000000000000001
17-09-2025,Karnataka,Haveri,581148,1,0,0,0.99999999999998
17-09-2025,Karnataka,Kalaburagi,585103,4,1,0,5.000000000000018
17-09-2025,Karnataka,Kalaburagi,585228,3,0,0,3.0000000000000218
17-09-2025,Karnataka,Kalaburagi,585322,2,1,0,2.999999999999976
17-09-2025,Karnataka,Kalaburagi,585325,3,0,0,3.0000000000000218
17-09-2025,Karnataka,Kodagu,571215,2,0,0,2.000000000000001
17-09-2025,Karnataka,Kodagu,571232,2,1,0,2.999999999999976
17-09-2025,Karnataka,Kodagu,571235,1,0,0,0.99999999999998
17-09-2025,Karnataka,Kolar,563101,7,1,0,8.00000000000008
17-09-2025,Karnataka,Kolar,563116,2,0,0,2.000000000000001
17-09-2025,Karnataka,Kolar,563120,1,0,0,0.99999999999998
17-09-2025,Karnataka,Kolar,563126,4,0,0,4.000000000000043
17-09-2025,Karnataka,Kolar,563133,3,0,0,3.0000000000000218
17-09-2025,Karnataka,Kolar,563136,1,0,0,0.99999999999998
17-09-2025,Karnataka,Kolar,563162,1,0,0,0.99999999999998
17-09-2025,Karnataka,Koppal,583227,3,0,0,3.0000000000000218
17-09-2025,Karnataka,Koppal,583231,2,0,0,2.000000000000001
17-09-2025,Karnataka,Koppal,583235,4,0,0,4.000000000000043
17-09-2025,Karnataka,Koppal,583237,5,0,0,5.000000000000064
17-09-2025,Karnataka,Koppal,583283,3,1,0,3.9999999999999964
17-09-2025,Karnataka,Koppal,584130,0,1,0,0.999999999999934
17-09-2025,Karnataka,Mandya,571422,1,1,0,1.999999999999955
17-09-2025,Karnataka,Mandya,571432,3,0,0,3.0000000000000218
17-09-2025,Karnataka,Mandya,571435,1,0,0,0.99999999999998
17-09-2025,Karnataka,Mysuru,570002,0,1,0,0.999999999999934
17-09-2025,Karnataka,Mysuru,570007,1,0,0,0.99999999999998
17-09-2025,Karnataka,Mysuru,571105,1,0,0,0.99999999999998
17-09-2025,Karnataka,Mysuru,571121,1,0,0,0.99999999999998
17-09-2025,Karnataka,Raichur,584101,11,0,0,11.000000000000188
17-09-2025,Karnataka,Raichur,584113,2,0,0,2.000000000000001
17-09-2025,Karnataka,Raichur,584122,5,0,1,6.00000000000005
17-09-2025,Karnataka,Raichur,584125,3,2,0,4.999999999999972
17-09-2025,Karnataka,Raichur,584167,0,1,0,0.999999999999934
17-09-2025,Karnataka,Raichur,584202,2,0,0,2.000000000000001
17-09-2025,Karnataka,Ramanagar,562127,1,0,0,0.99999999999998
17-09-2025,Karnataka,Ramanagar,562138,4,0,0,4.000000000000043
17-09-2025,Karnataka,Ramanagar,562160,2,1,0,2.999999999999976
17-09-2025,Karnataka,Shimoga,577227,1,0,0,0.99999999999998
17-09-2025,Karnataka,Shimoga,577427,4,0,0,4.000000000000043
17-09-2025,Karnataka,Shimoga,577450,1,0,0,0.99999999999998
17-09-2025,Karnataka,Shivamogga,577203,1,0,0,0.99999999999998
17-09-2025,Karnataka,Shivamogga,577245,2,0,0,2.000000000000001
17-09-2025,Karnataka,Tumakuru,572117,1,0,0,0.99999999999998
17-09-2025,Karnataka,Tumakuru,572201,1,0,0,0.99999999999998
17-09-2025,Karnataka,Tumkur,572102,0,1,0,0.999999999999934
17-09-2025,Karnataka,Tumkur,572119,1,0,0,0.99999999999998
17-09-2025,Karnataka,Tumkur,572129,3,0,0,3.0000000000000218
17-09-2025,Karnataka,Tumkur,572133,0,1,0,0.999999999999934
17-09-2025,Karnataka,Tumkur,572137,1,0,0,0.99999999999998
17-09-2025,Karnataka,Tumkur,572216,2,0,0,2.000000000000001
17-09-2025,Karnataka,Tumkur,572224,3,0,0,3.0000000000000218
17-09-2025,Karnataka,Udupi,574110,2,0,0,2.000000000000001
17-09-2025,Karnataka,Udupi,574122,0,1,0,0.999999999999934
17-09-2025,Karnataka,Udupi,576102,15,0,0,15.000000000000272
17-09-2025,Karnataka,Udupi,576111,1,0,0,0.99999999999998
17-09-2025,Karnataka,Udupi,576216,1,0,0,0.99999999999998
17-09-2025,Karnataka,Udupi,576234,1,0,0,0.99999999999998
17-09-2025,Karnataka,Uttara Kannada,581321,1,0,0,0.99999999999998
17-09-2025,Karnataka,Uttara Kannada,581326,1,0,0,0.99999999999998
17-09-2025,Karnataka,Uttara Kannada,581329,1,0,0,0.99999999999998
17-09-2025,Karnataka,Uttara Kannada,581332,1,0,0,0.99999999999998
17-09-2025,Karnataka,Uttara Kannada,581351,1,0,0,0.99999999999998
17-09-2025,Karnataka,Uttara Kannada,581402,1,0,0,0.99999999999998
17-09-2025,Karnataka,Vijayanagara,583125,0,0,1,0.9999999999999446
17-09-2025,Karnataka,Vijayanagara,583130,1,1,0,1.999999999999955
17-09-2025,Karnataka,Vijayanagara,583134,1,0,0,0.99999999999998
17-09-2025,Karnataka,Vijayanagara,583136,1,0,0,0.99999999999998
17-09-2025,Karnataka,Vijayanagara,583212,0,0,1,0.9999999999999446
17-09-2025,Karnataka,Vijayanagara,583216,1,0,0,0.99999999999998
17-09-2025,Karnataka,Vijayanagara,583218,0,1,0,0.999999999999934
17-09-2025,Karnataka,Vijayapura,586101,1,0,0,0.99999999999998
17-09-2025,Karnataka,Vijayapura,586103,1,0,0,0.99999999999998
17-09-2025,Karnataka,Vijayapura,586205,0,1,0,0.999999999999934
17-09-2025,Karnataka,Vijayapura,586216,3,1,0,3.9999999999999964
17-09-2025,Karnataka,Yadgir,585214,2,0,0,2.000000000000001
17-09-2025,Karnataka,Yadgir,585215,3,2,0,4.999999999999972
17-09-2025,Karnataka,Yadgir,585216,8,1,0,9.000000000000101
17-09-2025,Karnataka,Yadgir,585223,8,1,0,9.000000000000101
17-09-2025,Karnataka,Yadgir,585224,1,1,0,1.999999999999955
17-09-2025,Karnataka,Yadgir,585290,8,0,0,8.000000000000126
17-09-2025,Karnataka,Yadgir,585323,2,1,0,2.999999999999976
17-09-2025,Karnataka,yadgir,585214,2,0,0,2.000000000000001
17-09-2025,Karnataka,Bagalkot,587113,9,1,0,10.000000000000123
17-09-2025,Karnataka,Bagalkot,587154,1,3,0,3.9999999999999045
17-09-2025,Karnataka,Bagalkot,587202,1,0,0,0.99999999999998
17-09-2025,Karnataka,Bagalkot,587203,3,0,0,3.0000000000000218
17-09-2025,Karnataka,Bagalkot,587205,2,1,0,2.999999999999976
17-09-2025,Karnataka,Bagalkot,587207,1,0,0,0.99999999999998
17-09-2025,Karnataka,Bagalkot *,587116,1,0,0,0.99999999999998
17-09-2025,Karnataka,Bagalkot *,587313,1,0,0,0.99999999999998
17-09-2025,Karnataka,Ballari,583121,1,0,0,0.99999999999998
17-09-2025,Karnataka,Ballari,583129,2,0,0,2.000000000000001
17-09-2025,Karnataka,Bangalore,560042,1,0,0,0.99999999999998
17-09-2025,Karnataka,Bangalore,560058,1,0,0,0.99999999999998
17-09-2025,Karnataka,Bangalore,560073,1,0,0,0.99999999999998
17-09-2025,Karnataka,Bangalore,560091,1,0,0,0.99999999999998
17-09-2025,Karnataka,Bangalore,560093,2,0,0,2.000000000000001
17-09-2025,Karnataka,Bangalore,560094,0,1,0,0.999999999999934
17-09-2025,Karnataka,Bangalore,560099,1,0,0,0.99999999999998
17-09-2025,Karnataka,Bangalore,560105,3,0,0,3.0000000000000218
17-09-2025,Karnataka,Bangalore Rural,561203,1,0,0,0.99999999999998
17-09-2025,Karnataka,Bangalore Rural,562114,3,1,0,3.9999999999999964
17-09-2025,Karnataka,Bangalore Rural,562123,0,1,0,0.999999999999934
17-09-2025,Karnataka,Bangalore Rural,562132,1,0,0,0.99999999999998
17-09-2025,Karnataka,Belagavi,590010,2,1,0,2.999999999999976
17-09-2025,Karnataka,Belagavi,591114,3,0,0,3.0000000000000218
17-09-2025,Karnataka,Belagavi,591230,3,0,0,3.0000000000000218
17-09-2025,Karnataka,Belagavi,591241,1,1,0,1.999999999999955
17-09-2025,Karnataka,Belagavi,591304,1,0,0,0.99999999999998
17-09-2025,Karnataka,Belagavi,591309,1,0,0,0.99999999999998
17-09-2025,Karnataka,Belagavi,591311,2,0,0,2.000000000000001
17-09-2025,Karnataka,Belagavi,591316,1,0,0,0.99999999999998
17-09-2025,Karnataka,Belgaum,590014,1,0,0,0.99999999999998
17-09-2025,Karnataka,Belgaum,591114,1,1,0,1.999999999999955
17-09-2025,Karnataka,Belgaum,591115,2,0,0,2.000000000000001
17-09-2025,Karnataka,Belgaum,591121,1,0,0,0.99999999999998
17-09-2025,Karnataka,Belgaum,591126,3,1,0,3.9999999999999964
17-09-2025,Karnataka,Belgaum,591220,3,2,0,4.999999999999972
17-09-2025,Karnataka,Belgaum,591222,3,1,0,3.9999999999999964
17-09-2025,Karnataka,Belgaum,591233,0,1,0,0.999999999999934
17-09-2025,Karnataka,Belgaum,591235,0,1,0,0.999999999999934
17-09-2025,Karnataka,Belgaum,591242,1,0,0,0.99999999999998
17-09-2025,Karnataka,Belgaum,591248,1,1,0,1.999999999999955
17-09-2025,Karnataka,Belgaum,591304,4,0,0,4.000000000000043
17-09-2025,Karnataka,Belgaum,591305,1,0,0,0.99999999999998
17-09-2025,Karnataka,Belgaum,591306,3,0,0,3.0000000000000218
17-09-2025,Karnataka,Bellary,583102,2,0,0,2.000000000000001
17-09-2025,Karnataka,Bellary,583113,2,0,0,2.000000000000001
17-09-2025,Karnataka,Bellary,583114,1,2,0,2.99999999999993
17-09-2025,Karnataka,Bellary,583116,2,0,0,2.000000000000001
17-09-2025,Karnataka,Bellary,583123,2,0,0,2.000000000000001
17-09-2025,Karnataka,Bellary,583129,3,0,0,3.0000000000000218
17-09-2025,Karnataka,Bellary,583135,1,0,0,0.99999999999998
17-09-2025,Karnataka,Bellary,583239,0,1,0,0.999999999999934
17-09-2025,Karnataka,Bengaluru,560022,1,1,0,1.999999999999955
17-09-2025,Karnataka,Bengaluru,560024,3,0,0,3.0000000000000218
17-09-2025,Karnataka,Bengaluru,560025,1,0,0,0.99999999999998
17-09-2025,Karnataka,Bengaluru,560032,3,1,0,3.9999999999999964
17-09-2025,Karnataka,Bengaluru,560050,1,0,0,0.99999999999998
17-09-2025,Karnataka,Bengaluru,560061,1,1,0,1.999999999999955
17-09-2025,Karnataka,Bengaluru,560062,3,0,0,3.0000000000000218
17-09-2025,Karnataka,Bengaluru,560065,0,1,0,0.999999999999934
17-09-2025,Karnataka,Bengaluru,560068,4,0,1,5.000000000000028
17-09-2025,Karnataka,Bengaluru,560083,3,0,0,3.0000000000000218
17-09-2025,Karnataka,Bengaluru,560087,1,1,1,2.9999999999999405
17-09-2025,Karnataka,Bengaluru,560093,1,0,1,1.9999999999999654
17-09-2025,Karnataka,Bengaluru,560094,2,0,0,2.000000000000001
17-09-2025,Karnataka,Bidar,585329,1,3,1,4.99999999999989
17-09-2025,Karnataka,Bidar,585401,6,0,0,6.000000000000084
17-09-2025,Karnataka,Bidar,585411,1,0,0,0.99999999999998
17-09-2025,Karnataka,Bidar,585418,1,0,0,0.99999999999998
17-09-2025,Karnataka,Bidar,585421,2,0,0,2.000000000000001
17-09-2025,Karnataka,Bijapur,586111,2,0,0,2.000000000000001
17-09-2025,Karnataka,Bijapur,586115,1,2,0,2.99999999999993
17-09-2025,Karnataka,Bijapur,586123,1,2,0,2.99999999999993
17-09-2025,Karnataka,Bijapur,586124,2,1,0,2.999999999999976
17-09-2025,Karnataka,Bijapur,586208,2,1,0,2.999999999999976
17-09-2025,Karnataka,Bijapur,586212,2,0,0,2.000000000000001
17-09-2025,Karnataka,Bijapur,586216,3,0,0,3.0000000000000218
17-09-2025,Karnataka,Chamrajanagar,571109,1,0,0,0.99999999999998
17-09-2025,Karnataka,Chamrajanagar,571127,1,0,0,0.99999999999998
17-09-2025,Karnataka,Chamrajanagar,571439,2,0,0,2.000000000000001
17-09-2025,Karnataka,Chickmagalur,577116,1,0,0,0.99999999999998
17-09-2025,Karnataka,Chickmagalur,577146,1,0,0,0.99999999999998
17-09-2025,Karnataka,Chikkaballapur,561207,1,0,0,0.99999999999998
17-09-2025,Karnataka,Chikkaballapur,561209,4,0,0,4.000000000000043
17-09-2025,Karnataka,Chikkaballapur,561213,2,1,0,2.999999999999976
17-09-2025,Karnataka,Chikkaballapur,563123,1,0,0,0.99999999999998
17-09-2025,Karnataka,Chikkamagaluru,577129,1,0,0,0.99999999999998
17-09-2025,Karnataka,Chikkamagaluru,577138,1,0,0,0.99999999999998
17-09-2025,Karnataka,Chitradurga,577522,3,0,0,3.0000000000000218
17-09-2025,Karnataka,Chitradurga,577538,1,0,0,0.99999999999998
17-09-2025,Karnataka,Chitradurga,577557,3,0,0,3.0000000000000218
17-09-2025,Karnataka,Chitradurga,577599,2,0,0,2.000000000000001
17-09-2025,Karnataka,Dakshina Kannada,574203,1,0,0,0.99999999999998
17-09-2025,Karnataka,Dakshina Kannada,574211,1,0,0,0.99999999999998
17-09-2025,Karnataka,Dakshina Kannada,574219,1,1,0,1.999999999999955
17-09-2025,Karnataka,Dakshina Kannada,574221,5,0,0,5.000000000000064
17-09-2025,Karnataka,Dakshina Kannada,574227,1,0,0,0.99999999999998
17-09-2025,Karnataka,Dakshina Kannada,574265,1,0,0,0.99999999999998
17-09-2025,Karnataka,Dakshina Kannada,575006,0,1,0,0.999999999999934
17-09-2025,Karnataka,Dakshina Kannada,575016,0,1,0,0.999999999999934
17-09-2025,Karnataka,Dakshina Kannada,575022,1,0,0,0.99999999999998
17-09-2025,Karnataka,Davanagere,577004,1,0,0,0.99999999999998
17-09-2025,Karnataka,Davangere,577003,1,0,0,0.99999999999998
17-09-2025,Karnataka,Davangere,577006,1,0,0,0.99999999999998
17-09-2025,Karnataka,Davangere,577512,1,0,0,0.99999999999998
20-09-2025,Karnataka,Bagalkot,587101,2,0,0,2.000000000000001
20-09-2025,Karnataka,Bagalkot,587122,1,0,0,0.99999999999998
20-09-2025,Karnataka,Bagalkot,587201,6,1,0,7.0000000000000595
20-09-2025,Karnataka,Bagalkot,587315,1,0,0,0.99999999999998
20-09-2025,Karnataka,Bagalkot *,587313,2,0,0,2.000000000000001
20-09-2025,Karnataka,Ballari,583101,6,0,0,6.000000000000084
20-09-2025,Karnataka,Ballari,583119,2,0,0,2.000000000000001
20-09-2025,Karnataka,Ballari,583120,1,0,0,0.99999999999998
20-09-2025,Karnataka,Ballari,583221,1,0,0,0.99999999999998
20-09-2025,Karnataka,Ballari,583224,1,0,0,0.99999999999998
20-09-2025,Karnataka,Bangalore,560004,1,1,0,1.999999999999955
20-09-2025,Karnataka,Bangalore,560008,2,0,0,2.000000000000001
20-09-2025,Karnataka,Bangalore,560009,0,1,0,0.999999999999934
20-09-2025,Karnataka,Bangalore,560010,2,0,0,2.000000000000001
20-09-2025,Karnataka,Bangalore,560023,4,0,0,4.000000000000043
20-09-2025,Karnataka,Bangalore,560027,2,0,0,2.000000000000001
20-09-2025,Karnataka,Bangalore,560040,1,1,0,1.999999999999955
20-09-2025,Karnataka,Bangalore,560072,2,1,0,2.999999999999976
20-09-2025,Karnataka,Bangalore,560073,1,0,0,0.99999999999998
20-09-2025,Karnataka,Bangalore,560100,3,0,0,3.0000000000000218
20-09-2025,Karnataka,Bangalore,562106,3,1,0,3.9999999999999964
20-09-2025,Karnataka,Bangalore,562110,1,0,0,0.99999999999998
20-09-2025,Karnataka,Bangalore Rural,562110,3,0,1,4.000000000000007
20-09-2025,Karnataka,Bangalore Rural,562135,1,0,0,0.99999999999998
20-09-2025,Karnataka,Belagavi,591119,1,0,0,0.99999999999998
20-09-2025,Karnataka,Belagavi,591123,2,0,0,2.000000000000001
20-09-2025,Karnataka,Belagavi,591226,1,0,0,0.99999999999998
20-09-2025,Karnataka,Belagavi,591231,2,0,0,2.000000000000001
20-09-2025,Karnataka,Belagavi,591240,2,0,0,2.000000000000001
20-09-2025,Karnataka,Belagavi,591305,1,0,0,0.99999999999998
20-09-2025,Karnataka,Belagavi,591309,0,0,1,0.9999999999999446
20-09-2025,Karnataka,Belagavi,591311,3,0,0,3.0000000000000218
20-09-2025,Karnataka,Belgaum,591136,1,0,0,0.99999999999998
20-09-2025,Karnataka,Belgaum,591232,2,0,0,2.000000000000001
20-09-2025,Karnataka,Belgaum,591235,1,1,0,1.999999999999955
20-09-2025,Karnataka,Belgaum,591244,1,0,0,0.99999999999998
20-09-2025,Karnataka,Belgaum,591303,1,0,0,0.99999999999998
20-09-2025,Karnataka,Belgaum,591307,2,0,0,2.000000000000001
20-09-2025,Karnataka,Bellary,583117,2,1,0,2.999999999999976
20-09-2025,Karnataka,Bellary,583216,2,0,0,2.000000000000001
20-09-2025,Karnataka,Bengaluru,560008,0,0,1,0.9999999999999446
20-09-2025,Karnataka,Bengaluru,560026,2,0,0,2.000000000000001
20-09-2025,Karnataka,Bengaluru,560036,3,2,1,5.999999999999957
20-09-2025,Karnataka,Bengaluru,560048,2,1,0,2.999999999999976
20-09-2025,Karnataka,Bengaluru,560054,1,0,0,0.99999999999998
20-09-2025,Karnataka,Bengaluru,560056,3,1,0,3.9999999999999964
20-09-2025,Karnataka,Bengaluru,560060,1,0,0,0.99999999999998
20-09-2025,Karnataka,Bengaluru,560094,2,0,0,2.000000000000001
20-09-2025,Karnataka,Bengaluru,560099,5,1,0,6.000000000000038
20-09-2025,Karnataka,Bengaluru,560108,0,1,0,0.999999999999934
20-09-2025,Karnataka,Bengaluru,562107,1,0,0,0.99999999999998
20-09-2025,Karnataka,Bengaluru,562149,2,0,1,2.9999999999999862
20-09-2025,Karnataka,Bidar,585329,1,0,0,0.99999999999998
20-09-2025,Karnataka,Bidar,585401,3,0,0,3.0000000000000218
20-09-2025,Karnataka,Bidar,585402,3,0,0,3.0000000000000218
20-09-2025,Karnataka,Bijapur,586103,0,1,0,0.999999999999934
20-09-2025,Karnataka,Bijapur,586117,2,0,0,2.000000000000001
20-09-2025,Karnataka,Bijapur,586127,2,0,0,2.000000000000001
20-09-2025,Karnataka,Bijapur,586129,2,0,0,2.000000000000001
20-09-2025,Karnataka,Bijapur,586204,1,0,0,0.99999999999998
20-09-2025,Karnataka,Bijapur,586212,1,0,0,0.99999999999998
20-09-2025,Karnataka,Bijapur,586217,1,1,0,1.999999999999955
20-09-2025,Karnataka,Chamarajanagar,571313,1,0,0,0.99999999999998
20-09-2025,Karnataka,Chamarajanagar,571440,1,0,0,0.99999999999998
20-09-2025,Karnataka,Chamrajanagar,571313,1,0,0,0.99999999999998
20-09-2025,Karnataka,Chamrajnagar,571444,1,0,0,0.99999999999998
20-09-2025,Karnataka,Chickmagalur,577101,1,0,0,0.99999999999998
20-09-2025,Karnataka,Chikkaballapur,561210,3,0,0,3.0000000000000218
20-09-2025,Karnataka,Chikkaballapur,562103,1,0,0,0.99999999999998
20-09-2025,Karnataka,Chikkamagaluru,577126,1,0,0,0.99999999999998
20-09-2025,Karnataka,Chikkamagaluru,577130,2,0,0,2.000000000000001
20-09-2025,Karnataka,Chikkamagaluru,577228,1,0,0,0.99999999999998
20-09-2025,Karnataka,Chitradurga,577527,3,0,0,3.0000000000000218
20-09-2025,Karnataka,Chitradurga,577543,1,1,0,1.999999999999955
20-09-2025,Karnataka,Dakshina Kannada,574201,1,0,0,0.99999999999998
20-09-2025,Karnataka,Dakshina Kannada,574218,2,0,0,2.000000000000001
20-09-2025,Karnataka,Dakshina Kannada,574222,1,0,0,0.99999999999998
20-09-2025,Karnataka,Dakshina Kannada,574227,3,0,0,3.0000000000000218
20-09-2025,Karnataka,Dakshina Kannada,574239,1,0,0,0.99999999999998
20-09-2025,Karnataka,Dakshina Kannada,574265,1,0,0,0.99999999999998
20-09-2025,Karnataka,Dakshina Kannada,575007,3,0,0,3.0000000000000218
20-09-2025,Karnataka,Dakshina Kannada,575014,31,0,0,31.000000000000604
20-09-2025,Karnataka,Dakshina Kannada,575019,2,0,0,2.000000000000001
20-09-2025,Karnataka,Dakshina Kannada,575020,3,0,0,3.0000000000000218
20-09-2025,Karnataka,Dakshina Kannada,575022,1,0,0,0.99999999999998
20-09-2025,Karnataka,Dakshina Kannada,575028,0,1,0,0.999999999999934
20-09-2025,Karnataka,Davangere,577005,2,0,0,2.000000000000001
20-09-2025,Karnataka,Davangere,577221,3,0,0,3.0000000000000218
20-09-2025,Karnataka,Dharwad,580011,1,0,0,0.99999999999998
20-09-2025,Karnataka,Dharwad,580025,3,0,0,3.0000000000000218
20-09-2025,Karnataka,Dharwad,580028,2,1,0,2.999999999999976
20-09-2025,Karnataka,Dharwad,580030,1,0,0,0.99999999999998
20-09-2025,Karnataka,Dharwad,581209,1,0,0,0.99999999999998
20-09-2025,Karnataka,Gadag,582102,7,0,0,7.000000000000105
20-09-2025,Karnataka,Gadag,582116,2,0,0,2.000000000000001
20-09-2025,Karnataka,Gadag,582209,3,0,0,3.0000000000000218
20-09-2025,Karnataka,Gadag,582210,1,0,0,0.99999999999998
20-09-2025,Karnataka,Gulbarga,585105,1,0,0,0.99999999999998
20-09-2025,Karnataka,Gulbarga,585301,1,2,0,2.99999999999993
20-09-2025,Karnataka,Gulbarga,585317,1,0,0,0.99999999999998
20-09-2025,Karnataka,Hasan,573134,1,0,0,0.99999999999998
20-09-2025,Karnataka,Hassan,573164,1,0,0,0.99999999999998
20-09-2025,Karnataka,Haveri,581101,1,0,0,0.99999999999998
20-09-2025,Karnataka,Haveri,581111,1,1,0,1.999999999999955
20-09-2025,Karnataka,Haveri,581112,2,0,0,2.000000000000001
20-09-2025,Karnataka,Haveri,581119,1,0,0,0.99999999999998
20-09-2025,Karnataka,Haveri,581126,2,0,0,2.000000000000001
20-09-2025,Karnataka,Haveri,581210,1,0,0,0.99999999999998
20-09-2025,Karnataka,Haveri *,581110,1,0,0,0.99999999999998
20-09-2025,Karnataka,Kalaburagi,585103,2,0,0,2.000000000000001
20-09-2025,Karnataka,Kalaburagi,585106,1,0,0,0.99999999999998
20-09-2025,Karnataka,Kalaburagi,585213,1,0,0,0.99999999999998
20-09-2025,Karnataka,Kalaburagi,585236,1,0,0,0.99999999999998
20-09-2025,Karnataka,Kodagu,571201,2,0,0,2.000000000000001
20-09-2025,Karnataka,Kodagu,571249,2,0,0,2.000000000000001
20-09-2025,Karnataka,Kolar,563115,1,0,0,0.99999999999998
20-09-2025,Karnataka,Kolar,563116,1,0,0,0.99999999999998
20-09-2025,Karnataka,Kolar,563127,3,0,0,3.0000000000000218
20-09-2025,Karnataka,Koppal,583229,3,1,0,3.9999999999999964
20-09-2025,Karnataka,Koppal,583282,1,0,0,0.99999999999998
20-09-2025,Karnataka,Mandya,571807,0,1,0,0.999999999999934
20-09-2025,Karnataka,Mysore,570007,2,0,0,2.000000000000001
20-09-2025,Karnataka,Mysore,571105,3,0,0,3.0000000000000218
20-09-2025,Karnataka,Mysuru,570003,1,0,0,0.99999999999998
20-09-2025,Karnataka,Mysuru,570007,1,0,0,0.99999999999998
20-09-2025,Karnataka,Mysuru,570017,3,0,0,3.0000000000000218
20-09-2025,Karnataka,Mysuru,571108,1,0,0,0.99999999999998
20-09-2025,Karnataka,Mysuru,571124,1,0,0,0.99999999999998
20-09-2025,Karnataka,Raichur,584115,1,3,0,3.9999999999999045
20-09-2025,Karnataka,Raichur,584122,3,3,0,5.999999999999947
20-09-2025,Karnataka,Raichur,584125,4,3,0,6.999999999999967
20-09-2025,Karnataka,Raichur,584140,4,0,0,4.000000000000043
20-09-2025,Karnataka,Raichur,584202,1,0,0,0.99999999999998
20-09-2025,Karnataka,Ramanagar,562126,1,0,0,0.99999999999998
20-09-2025,Karnataka,Ramanagar,562159,3,0,0,3.0000000000000218
20-09-2025,Karnataka,Shimoga,577225,1,0,0,0.99999999999998
20-09-2025,Karnataka,Shimoga,577421,1,0,0,0.99999999999998
20-09-2025,Karnataka,Shimoga,577426,1,0,0,0.99999999999998
20-09-2025,Karnataka,Shivamogga,577225,1,0,0,0.99999999999998
20-09-2025,Karnataka,Shivamogga,577427,1,0,0,0.99999999999998
20-09-2025,Karnataka,Tumakuru,572116,1,0,0,0.99999999999998
20-09-2025,Karnataka,Tumakuru,572132,1,0,0,0.99999999999998
20-09-2025,Karnataka,Tumkur,561202,2,0,0,2.000000000000001
20-09-2025,Karnataka,Tumkur,572118,1,1,0,1.999999999999955
20-09-2025,Karnataka,Tumkur,572125,1,0,0,0.99999999999998
20-09-2025,Karnataka,Tumkur,572224,1,0,0,0.99999999999998
20-09-2025,Karnataka,Udupi,574102,1,0,0,0.99999999999998
20-09-2025,Karnataka,Udupi,576102,2,0,0,2.000000000000001
20-09-2025,Karnataka,Udupi,576103,2,0,0,2.000000000000001
20-09-2025,Karnataka,Udupi,576121,1,0,0,0.99999999999998
20-09-2025,Karnataka,Udupi,576210,1,0,0,0.99999999999998
20-09-2025,Karnataka,Udupi,576230,1,0,0,0.99999999999998
20-09-2025,Karnataka,Udupi,576231,1,0,0,0.99999999999998
20-09-2025,Karnataka,Uttara Kannada,581322,3,0,0,3.0000000000000218
20-09-2025,Karnataka,Uttara Kannada,581334,2,0,0,2.000000000000001
20-09-2025,Karnataka,Uttara Kannada,581344,1,0,0,0.99999999999998
20-09-2025,Karnataka,Uttara Kannada,581351,1,0,0,0.99999999999998
20-09-2025,Karnataka,Uttara Kannada,581356,1,0,0,0.99999999999998
20-09-2025,Karnataka,Uttara Kannada,581401,1,0,0,0.99999999999998
20-09-2025,Karnataka,Vijayanagara,583201,1,1,0,1.999999999999955
20-09-2025,Karnataka,Vijayanagara,583217,2,0,0,2.000000000000001
20-09-2025,Karnataka,Vijayapura,586112,2,0,0,2.000000000000001
20-09-2025,Karnataka,Vijayapura,586123,1,0,0,0.99999999999998
20-09-2025,Karnataka,Vijayapura,586128,2,1,0,2.999999999999976
20-09-2025,Karnataka,Vijayapura,586207,1,0,0,0.99999999999998
20-09-2025,Karnataka,Vijayapura,586214,1,1,0,1.999999999999955
20-09-2025,Karnataka,Yadgir,585214,3,0,0,3.0000000000000218
20-09-2025,Karnataka,Yadgir,585215,3,1,0,3.9999999999999964
20-09-2025,Karnataka,Yadgir,585216,7,0,0,7.000000000000105
20-09-2025,Karnataka,Yadgir,585220,1,0,0,0.99999999999998
20-09-2025,Karnataka,Yadgir,585221,2,0,0,2.000000000000001
20-09-2025,Karnataka,Yadgir,585304,1,0,0,0.99999999999998
20-09-2025,Karnataka,Yadgir,585319,3,0,0,3.0000000000000218
20-09-2025,Karnataka,Yadgir,585323,1,0,0,0.99999999999998
18-09-2025,Karnataka,Bagalkot,587103,2,0,0,2.000000000000001
18-09-2025,Karnataka,Bagalkot,587113,1,1,0,1.999999999999955
18-09-2025,Karnataka,Bagalkot,587154,0,1,0,0.999999999999934
18-09-2025,Karnataka,Bagalkot,587315,1,0,0,0.99999999999998
18-09-2025,Karnataka,Bagalkot *,587301,1,0,0,0.99999999999998
18-09-2025,Karnataka,Ballari,583103,2,0,0,2.000000000000001
18-09-2025,Karnataka,Ballari,583223,1,0,0,0.99999999999998
18-09-2025,Karnataka,Bangalore,560011,1,0,0,0.99999999999998
18-09-2025,Karnataka,Bangalore,560027,2,0,0,2.000000000000001
18-09-2025,Karnataka,Bangalore,560030,1,0,0,0.99999999999998
18-09-2025,Karnataka,Bangalore,560056,1,0,0,0.99999999999998
18-09-2025,Karnataka,Bangalore,560062,2,0,0,2.000000000000001
18-09-2025,Karnataka,Bangalore,560071,1,0,0,0.99999999999998
18-09-2025,Karnataka,Bangalore Rural,561205,3,0,0,3.0000000000000218
18-09-2025,Karnataka,Belagavi,590001,4,0,0,4.000000000000043
18-09-2025,Karnataka,Belagavi,591102,1,0,0,0.99999999999998
18-09-2025,Karnataka,Belagavi,591103,1,0,0,0.99999999999998
18-09-2025,Karnataka,Belagavi,591122,2,0,0,2.000000000000001
18-09-2025,Karnataka,Belagavi,591222,3,2,0,4.999999999999972
18-09-2025,Karnataka,Belagavi,591227,1,0,0,0.99999999999998
18-09-2025,Karnataka,Belagavi,591263,1,0,0,0.99999999999998
18-09-2025,Karnataka,Belagavi,591303,2,1,0,2.999999999999976
18-09-2025,Karnataka,Belagavi,591304,4,0,0,4.000000000000043
18-09-2025,Karnataka,Belagavi,591306,0,0,1,0.9999999999999446
18-09-2025,Karnataka,Belagavi,591311,0,1,0,0.999999999999934
18-09-2025,Karnataka,Belagavi,591315,1,0,0,0.99999999999998
18-09-2025,Karnataka,Belgaum,591108,2,0,0,2.000000000000001
18-09-2025,Karnataka,Belgaum,591110,1,0,0,0.99999999999998
18-09-2025,Karnataka,Belgaum,591114,2,0,0,2.000000000000001
18-09-2025,Karnataka,Belgaum,591119,2,0,0,2.000000000000001
18-09-2025,Karnataka,Belgaum,591123,1,0,0,0.99999999999998
18-09-2025,Karnataka,Belgaum,591223,1,0,0,0.99999999999998
18-09-2025,Karnataka,Belgaum,591227,2,0,0,2.000000000000001
18-09-2025,Karnataka,Belgaum,591248,1,1,0,1.999999999999955
18-09-2025,Karnataka,Belgaum,591304,3,0,0,3.0000000000000218
18-09-2025,Karnataka,Bellary,583103,1,0,0,0.99999999999998
18-09-2025,Karnataka,Bellary,583134,1,0,0,0.99999999999998
18-09-2025,Karnataka,Bellary,583135,1,0,0,0.99999999999998
18-09-2025,Karnataka,Bengaluru,560017,1,0,0,0.99999999999998
18-09-2025,Karnataka,Bengaluru,560032,4,0,0,4.000000000000043
18-09-2025,Karnataka,Bengaluru,560036,1,1,0,1.999999999999955
18-09-2025,Karnataka,Bengaluru,560037,0,0,1,0.9999999999999446
18-09-2025,Karnataka,Bengaluru,560039,1,0,0,0.99999999999998
18-09-2025,Karnataka,Bengaluru,560047,3,0,0,3.0000000000000218
18-09-2025,Karnataka,Bengaluru,560050,2,1,0,2.999999999999976
18-09-2025,Karnataka,Bengaluru,560058,4,0,1,5.000000000000028
18-09-2025,Karnataka,Bengaluru,560061,2,0,0,2.000000000000001
18-09-2025,Karnataka,Bengaluru,560064,1,0,2,2.999999999999951
18-09-2025,Karnataka,Bengaluru,560077,8,0,2,10.000000000000098
18-09-2025,Karnataka,Bengaluru,560078,2,0,0,2.000000000000001
18-09-2025,Karnataka,Bengaluru,560082,1,0,0,0.99999999999998
18-09-2025,Karnataka,Bengaluru,560088,1,0,0,0.99999999999998
18-09-2025,Karnataka,Bengaluru,560092,1,0,0,0.99999999999998
18-09-2025,Karnataka,Bengaluru,562157,1,0,0,0.99999999999998
18-09-2025,Karnataka,Bidar,585412,3,0,0,3.0000000000000218
18-09-2025,Karnataka,Bidar,585414,2,0,0,2.000000000000001
18-09-2025,Karnataka,Bidar,585437,3,0,0,3.0000000000000218
18-09-2025,Karnataka,Bidar,585443,3,0,0,3.0000000000000218
18-09-2025,Karnataka,Bijapur,586115,0,1,0,0.999999999999934
18-09-2025,Karnataka,Bijapur,586120,1,0,0,0.99999999999998
18-09-2025,Karnataka,Bijapur,586203,6,0,0,6.000000000000084
18-09-2025,Karnataka,Bijapur,586211,2,0,0,2.000000000000001
18-09-2025,Karnataka,Bijapur,586214,3,0,0,3.0000000000000218
18-09-2025,Karnataka,Chamarajanagar,571127,1,0,0,0.99999999999998
18-09-2025,Karnataka,Chamrajanagar,571109,1,0,0,0.99999999999998
18-09-2025,Karnataka,Chamrajanagar,571313,1,0,0,0.99999999999998
18-09-2025,Karnataka,Chamrajnagar,571111,1,0,0,0.99999999999998
18-09-2025,Karnataka,Chamrajnagar,571123,1,0,0,0.99999999999998
18-09-2025,Karnataka,Chikkaballapur,561207,4,0,0,4.000000000000043
18-09-2025,Karnataka,Chikkaballapur,561228,1,0,0,0.99999999999998
18-09-2025,Karnataka,Chikkaballapur,563146,2,0,0,2.000000000000001
18-09-2025,Karnataka,Chikkamagaluru,577131,1,0,0,0.99999999999998
18-09-2025,Karnataka,Chikkamagaluru,577133,1,0,0,0.99999999999998
18-09-2025,Karnataka,Chikkamagaluru,577548,3,0,0,3.0000000000000218
18-09-2025,Karnataka,Chitradurga,577533,0,1,0,0.999999999999934
18-09-2025,Karnataka,Chitradurga,577543,1,0,0,0.99999999999998
18-09-2025,Karnataka,Chitradurga,577599,1,0,0,0.99999999999998
18-09-2025,Karnataka,Dakshina Kannada,574144,1,0,0,0.99999999999998
18-09-2025,Karnataka,Dakshina Kannada,574154,1,0,0,0.99999999999998
18-09-2025,Karnataka,Dakshina Kannada,574202,1,0,0,0.99999999999998
18-09-2025,Karnataka,Dakshina Kannada,574223,1,0,0,0.99999999999998
18-09-2025,Karnataka,Dakshina Kannada,574265,2,0,0,2.000000000000001
18-09-2025,Karnataka,Dakshina Kannada,575017,2,0,0,2.000000000000001
18-09-2025,Karnataka,Davangere,577002,5,2,0,7.000000000000013
18-09-2025,Karnataka,Davangere,577516,1,0,0,0.99999999999998
18-09-2025,Karnataka,Davangere,577521,1,1,0,1.999999999999955
18-09-2025,Karnataka,Davangere,577528,7,2,0,9.000000000000055
18-09-2025,Karnataka,Davangere,577551,1,0,0,0.99999999999998
18-09-2025,Karnataka,Dharwad,580007,2,0,0,2.000000000000001
18-09-2025,Karnataka,Dharwad,580023,5,0,0,5.000000000000064
18-09-2025,Karnataka,Dharwad,580031,3,0,0,3.0000000000000218
18-09-2025,Karnataka,Dharwad,581103,1,0,0,0.99999999999998
18-09-2025,Karnataka,Dharwad,581204,2,0,0,2.000000000000001
18-09-2025,Karnataka,Gadag,582101,1,0,0,0.99999999999998
18-09-2025,Karnataka,Gadag,582120,1,0,0,0.99999999999998
18-09-2025,Karnataka,Gadag,582207,2,0,0,2.000000000000001
18-09-2025,Karnataka,Gulbarga,585210,1,0,0,0.99999999999998
18-09-2025,Karnataka,Gulbarga,585222,1,0,0,0.99999999999998
18-09-2025,Karnataka,Gulbarga,585228,0,2,0,1.999999999999909
18-09-2025,Karnataka,Gulbarga,585301,6,0,0,6.000000000000084
18-09-2025,Karnataka,Gulbarga,585303,1,0,0,0.99999999999998
18-09-2025,Karnataka,Gulbarga,585322,2,2,0,3.9999999999999507
18-09-2025,Karnataka,Hasan,573116,2,0,0,2.000000000000001
18-09-2025,Karnataka,Hasan,573133,1,0,0,0.99999999999998
18-09-2025,Karnataka,Hasan,573215,1,0,0,0.99999999999998
18-09-2025,Karnataka,Hassan,573127,1,0,0,0.99999999999998
18-09-2025,Karnataka,Haveri,581110,4,1,0,5.000000000000018
18-09-2025,Karnataka,Haveri,581116,1,0,0,0.99999999999998
18-09-2025,Karnataka,Kalaburagi,585309,1,0,0,0.99999999999998
18-09-2025,Karnataka,Kalaburagi,585311,1,0,0,0.99999999999998
18-09-2025,Karnataka,Kalaburagi,585312,4,0,0,4.000000000000043
18-09-2025,Karnataka,Kodagu,571252,2,0,0,2.000000000000001
18-09-2025,Karnataka,Kodagu,571253,1,0,0,0.99999999999998
18-09-2025,Karnataka,Kolar,563121,1,0,0,0.99999999999998
18-09-2025,Karnataka,Kolar,563132,2,0,0,2.000000000000001
18-09-2025,Karnataka,Kolar,563133,2,1,0,2.999999999999976
18-09-2025,Karnataka,Koppal,583227,3,2,0,4.999999999999972
18-09-2025,Karnataka,Koppal,583228,2,0,0,2.000000000000001
18-09-2025,Karnataka,Koppal,583234,1,0,0,0.99999999999998
18-09-2025,Karnataka,Koppal,583268,1,0,0,0.99999999999998
18-09-2025,Karnataka,Koppal,583278,0,1,0,0.999999999999934
18-09-2025,Karnataka,Koppal,583282,2,0,0,2.000000000000001
18-09-2025,Karnataka,Mandya,571430,5,0,0,5.000000000000064
18-09-2025,Karnataka,Mandya,571802,1,0,0,0.99999999999998
18-09-2025,Karnataka,Mysore,570003,1,0,0,0.99999999999998
18-09-2025,Karnataka,Mysore,570004,1,1,0,1.999999999999955
18-09-2025,Karnataka,Mysore,570016,1,0,0,0.99999999999998
18-09-2025,Karnataka,Mysore,570028,1,0,0,0.99999999999998
18-09-2025,Karnataka,Mysore,571105,3,0,0,3.0000000000000218
18-09-2025,Karnataka,Mysore,571120,1,0,0,0.99999999999998
18-09-2025,Karnataka,Mysore,571129,3,0,0,3.0000000000000218
18-09-2025,Karnataka,Mysore,571315,3,0,0,3.0000000000000218
18-09-2025,Karnataka,Mysuru,570008,1,0,0,0.99999999999998
18-09-2025,Karnataka,Mysuru,570011,2,0,0,2.000000000000001
18-09-2025,Karnataka,Mysuru,570026,1,0,0,0.99999999999998
18-09-2025,Karnataka,Mysuru,571604,1,0,0,0.99999999999998
18-09-2025,Karnataka,Raichur,584111,11,3,0,14.000000000000114
18-09-2025,Karnataka,Raichur,584120,11,0,0,11.000000000000188
18-09-2025,Karnataka,Raichur,584123,5,1,0,6.000000000000038
18-09-2025,Karnataka,Raichur,584139,5,1,0,6.000000000000038
18-09-2025,Karnataka,Raichur,584140,7,0,0,7.000000000000105
18-09-2025,Karnataka,Raichur,584167,1,0,0,0.99999999999998
18-09-2025,Karnataka,Raichur,584170,2,0,0,2.000000000000001
18-09-2025,Karnataka,Ramanagar,561101,1,5,0,5.999999999999854
18-09-2025,Karnataka,Ramanagar,562119,2,0,0,2.000000000000001
18-09-2025,Karnataka,Ramanagar,562128,1,1,0,1.999999999999955
18-09-2025,Karnataka,Shimoga,577401,2,2,0,3.9999999999999507
18-09-2025,Karnataka,Shivamogga,577202,1,0,0,0.99999999999998
18-09-2025,Karnataka,Shivamogga,577205,4,0,0,4.000000000000043
18-09-2025,Karnataka,Shivamogga,577430,1,0,0,0.99999999999998
18-09-2025,Karnataka,Tumkur,572101,1,0,0,0.99999999999998
18-09-2025,Karnataka,Tumkur,572104,1,0,0,0.99999999999998
18-09-2025,Karnataka,Tumkur,572105,1,0,0,0.99999999999998
18-09-2025,Karnataka,Tumkur,572106,1,0,0,0.99999999999998
18-09-2025,Karnataka,Tumkur,572135,1,0,0,0.99999999999998
18-09-2025,Karnataka,Udupi,574122,1,0,0,0.99999999999998
18-09-2025,Karnataka,Udupi,576107,2,0,0,2.000000000000001
18-09-2025,Karnataka,Udupi,576112,10,0,0,10.000000000000169
18-09-2025,Karnataka,Udupi,576201,2,0,0,2.000000000000001
18-09-2025,Karnataka,Udupi,576233,1,0,0,0.99999999999998
18-09-2025,Karnataka,Uttara Kannada,581304,1,0,0,0.99999999999998
18-09-2025,Karnataka,Uttara Kannada,581321,1,0,0,0.99999999999998
18-09-2025,Karnataka,Uttara Kannada,581329,9,0,0,9.000000000000147
18-09-2025,Karnataka,Uttara Kannada,581336,1,0,0,0.99999999999998
18-09-2025,Karnataka,Vijayanagara,583127,1,0,0,0.99999999999998
18-09-2025,Karnataka,Vijayanagara,583130,1,0,0,0.99999999999998
18-09-2025,Karnataka,Vijayanagara,583216,2,0,0,2.000000000000001
18-09-2025,Karnataka,Vijayanagara,583218,1,0,0,0.99999999999998
18-09-2025,Karnataka,Vijayanagara,583223,2,0,0,2.000000000000001
18-09-2025,Karnataka,Vijayanagara,583224,1,0,0,0.99999999999998
18-09-2025,Karnataka,Vijayapura,586108,2,1,0,2.999999999999976
18-09-2025,Karnataka,Vijayapura,586116,1,0,0,0.99999999999998
18-09-2025,Karnataka,Vijayapura,586125,2,0,0,2.000000000000001
18-09-2025,Karnataka,Vijayapura,586127,1,0,0,0.99999999999998
18-09-2025,Karnataka,Vijayapura,586201,1,0,0,0.99999999999998
18-09-2025,Karnataka,Yadgir,585201,3,0,0,3.0000000000000218
18-09-2025,Karnataka,Yadgir,585220,2,1,0,2.999999999999976
18-09-2025,Karnataka,Yadgir,585315,2,0,0,2.000000000000001
18-09-2025,Karnataka,yadgir,585202,0,1,0,0.999999999999934
19-09-2025,Karnataka,Bagalkot,587101,1,0,0,0.99999999999998
19-09-2025,Karnataka,Bagalkot,587112,1,0,0,0.99999999999998
19-09-2025,Karnataka,Bagalkot,587155,3,0,0,3.0000000000000218
19-09-2025,Karnataka,Bagalkot,587201,4,2,0,5.999999999999993
19-09-2025,Karnataka,Bagalkot,587207,2,0,0,2.000000000000001
19-09-2025,Karnataka,Bagalkot *,587116,1,0,0,0.99999999999998
19-09-2025,Karnataka,Ballari,583102,1,0,0,0.99999999999998
19-09-2025,Karnataka,Ballari,583116,2,2,0,3.9999999999999507
19-09-2025,Karnataka,Ballari,583121,4,0,0,4.000000000000043
19-09-2025,Karnataka,Ballari,583239,1,0,0,0.99999999999998
19-09-2025,Karnataka,Bangalore,560021,1,0,0,0.99999999999998
19-09-2025,Karnataka,Bangalore,560033,1,0,0,0.99999999999998
19-09-2025,Karnataka,Bangalore,560047,1,1,0,1.999999999999955
19-09-2025,Karnataka,Bangalore,560048,1,0,0,0.99999999999998
19-09-2025,Karnataka,Bangalore,560062,0,1,0,0.999999999999934
19-09-2025,Karnataka,Bangalore,560079,1,1,0,1.999999999999955
19-09-2025,Karnataka,Bangalore,560096,0,2,0,1.999999999999909
19-09-2025,Karnataka,Bangalore Rural,562110,4,0,0,4.000000000000043
19-09-2025,Karnataka,Bangalore Rural,562117,1,0,0,0.99999999999998
19-09-2025,Karnataka,Belagavi,590014,1,0,0,0.99999999999998
19-09-2025,Karnataka,Belagavi,590016,3,1,0,3.9999999999999964
19-09-2025,Karnataka,Belagavi,591103,1,0,0,0.99999999999998
19-09-2025,Karnataka,Belagavi,591107,2,0,0,2.000000000000001
19-09-2025,Karnataka,Belagavi,591121,1,0,0,0.99999999999998
19-09-2025,Karnataka,Belagavi,591231,1,0,0,0.99999999999998
19-09-2025,Karnataka,Belagavi,591233,1,1,0,1.999999999999955
19-09-2025,Karnataka,Belagavi,591248,1,0,0,0.99999999999998
19-09-2025,Karnataka,Belagavi,591311,1,0,0,0.99999999999998
19-09-2025,Karnataka,Belgaum,591103,2,0,0,2.000000000000001
19-09-2025,Karnataka,Belgaum,591104,1,0,0,0.99999999999998
19-09-2025,Karnataka,Belgaum,591121,2,0,0,2.000000000000001
19-09-2025,Karnataka,Belgaum,591126,6,0,0,6.000000000000084
19-09-2025,Karnataka,Belgaum,591129,4,0,0,4.000000000000043
19-09-2025,Karnataka,Belgaum,591225,1,0,0,0.99999999999998
19-09-2025,Karnataka,Belgaum,591233,4,0,0,4.000000000000043
19-09-2025,Karnataka,Belgaum,591306,1,0,0,0.99999999999998
19-09-2025,Karnataka,Bellary,583113,2,2,0,3.9999999999999507
19-09-2025,Karnataka,Bellary,583116,1,0,0,0.99999999999998
19-09-2025,Karnataka,Bellary,583214,3,0,0,3.0000000000000218
19-09-2025,Karnataka,Bellary,583216,2,0,0,2.000000000000001
19-09-2025,Karnataka,Bellary,583222,2,0,0,2.000000000000001
19-09-2025,Karnataka,Bengaluru,560005,3,1,0,3.9999999999999964
19-09-2025,Karnataka,Bengaluru,560019,1,1,0,1.999999999999955
19-09-2025,Karnataka,Bengaluru,560049,3,1,0,3.9999999999999964
19-09-2025,Karnataka,Bengaluru,560067,2,1,0,2.999999999999976
19-09-2025,Karnataka,Bengaluru,560083,3,0,0,3.0000000000000218
19-09-2025,Karnataka,Bengaluru,560085,1,0,0,0.99999999999998
19-09-2025,Karnataka,Bengaluru,560108,2,0,0,2.000000000000001
19-09-2025,Karnataka,Bengaluru,562125,0,2,0,1.999999999999909
19-09-2025,Karnataka,Bengaluru,562130,5,0,0,5.000000000000064
19-09-2025,Karnataka,Bidar,585330,1,0,0,0.99999999999998
19-09-2025,Karnataka,Bidar,585401,3,0,0,3.0000000000000218
19-09-2025,Karnataka,Bidar,585403,6,0,0,6.000000000000084
19-09-2025,Karnataka,Bijapur,586101,4,2,0,5.999999999999993
19-09-2025,Karnataka,Bijapur,586213,1,0,0,0.99999999999998
19-09-2025,Karnataka,Chamarajanagar,571440,1,0,0,0.99999999999998
19-09-2025,Karnataka,Chamrajanagar,571109,1,0,0,0.99999999999998
19-09-2025,Karnataka,Chamrajanagar,571115,1,0,0,0.99999999999998
19-09-2025,Karnataka,Chamrajanagar,571443,1,0,0,0.99999999999998
19-09-2025,Karnataka,Chamrajanagar,571490,1,0,0,0.99999999999998
19-09-2025,Karnataka,Chamrajnagar,571123,1,0,0,0.99999999999998
19-09-2025,Karnataka,Chamrajnagar,571443,2,0,0,2.000000000000001
19-09-2025,Karnataka,Chickmagalur,577113,1,0,0,0.99999999999998
19-09-2025,Karnataka,Chickmagalur,577134,1,0,0,0.99999999999998
19-09-2025,Karnataka,Chikkaballapur,561207,3,0,0,3.0000000000000218
19-09-2025,Karnataka,Chikkaballapur,561211,2,0,0,2.000000000000001
19-09-2025,Karnataka,Chikkaballapur,562101,4,0,0,4.000000000000043
19-09-2025,Karnataka,Chikkaballapur,563124,2,0,0,2.000000000000001
19-09-2025,Karnataka,Chikkaballapur,563128,1,0,0,0.99999999999998
19-09-2025,Karnataka,Chikkamagaluru,577127,1,0,0,0.99999999999998
19-09-2025,Karnataka,Chitradurga,577529,4,0,0,4.000000000000043
19-09-2025,Karnataka,Dakshina Kannada,574154,1,0,0,0.99999999999998
19-09-2025,Karnataka,Dakshina Kannada,574203,2,0,0,2.000000000000001
19-09-2025,Karnataka,Dakshina Kannada,574212,3,0,0,3.0000000000000218
19-09-2025,Karnataka,Dakshina Kannada,574239,2,0,0,2.000000000000001
19-09-2025,Karnataka,Dakshina Kannada,574242,1,0,0,0.99999999999998
19-09-2025,Karnataka,Dakshina Kannada,575005,2,0,0,2.000000000000001
19-09-2025,Karnataka,Dakshina Kannada,575007,2,0,0,2.000000000000001
19-09-2025,Karnataka,Dakshina Kannada,575014,2,0,0,2.000000000000001
19-09-2025,Karnataka,Davanagere,577003,1,0,0,0.99999999999998
19-09-2025,Karnataka,Davangere,577213,3,0,0,3.0000000000000218
19-09-2025,Karnataka,Davangere,577221,0,1,0,0.999999999999934
19-09-2025,Karnataka,Davangere,577556,1,0,0,0.99999999999998
19-09-2025,Karnataka,Dharwad,580006,1,0,0,0.99999999999998
19-09-2025,Karnataka,Dharwad,580009,1,0,0,0.99999999999998
19-09-2025,Karnataka,Dharwad,580023,2,0,0,2.000000000000001
19-09-2025,Karnataka,Dharwad,580032,1,0,0,0.99999999999998
19-09-2025,Karnataka,Dharwad,581107,1,0,0,0.99999999999998
19-09-2025,Karnataka,Dharwad,581204,5,0,0,5.000000000000064
19-09-2025,Karnataka,Gadag,582101,1,0,0,0.99999999999998
19-09-2025,Karnataka,Gadag,582114,2,0,0,2.000000000000001
19-09-2025,Karnataka,Gadag,582117,2,0,0,2.000000000000001
19-09-2025,Karnataka,Gulbarga,585103,5,0,0,5.000000000000064
19-09-2025,Karnataka,Gulbarga,585217,1,1,0,1.999999999999955
19-09-2025,Karnataka,Gulbarga,585310,6,1,0,7.0000000000000595
19-09-2025,Karnataka,Gulbarga,585322,1,0,0,0.99999999999998
19-09-2025,Karnataka,Hasan,573131,2,0,0,2.000000000000001
19-09-2025,Karnataka,Hassan,573115,1,0,0,0.99999999999998
19-09-2025,Karnataka,Hassan,573125,1,0,0,0.99999999999998
19-09-2025,Karnataka,Hassan,573126,2,0,0,2.000000000000001
19-09-2025,Karnataka,Hassan,573130,1,0,0,0.99999999999998
19-09-2025,Karnataka,Hassan,573136,1,0,0,0.99999999999998
19-09-2025,Karnataka,Hassan,573211,2,0,0,2.000000000000001
19-09-2025,Karnataka,Haveri,581102,2,0,0,2.000000000000001
19-09-2025,Karnataka,Kalaburagi,585213,1,0,0,0.99999999999998
19-09-2025,Karnataka,Kalaburagi,585301,2,0,1,2.9999999999999862
19-09-2025,Karnataka,Kalaburagi,585311,1,1,0,1.999999999999955
19-09-2025,Karnataka,Kalaburagi,585313,1,1,0,1.999999999999955
19-09-2025,Karnataka,Kalaburagi,585318,1,0,0,0.99999999999998
19-09-2025,Karnataka,Kodagu,571213,1,0,0,0.99999999999998
19-09-2025,Karnataka,Kodagu,571236,1,0,0,0.99999999999998
19-09-2025,Karnataka,Kodagu,571251,1,0,0,0.99999999999998
19-09-2025,Karnataka,Kolar,563120,1,0,0,0.99999999999998
19-09-2025,Karnataka,Kolar,563132,3,0,0,3.0000000000000218
19-09-2025,Karnataka,Kolar,563133,2,0,0,2.000000000000001
19-09-2025,Karnataka,Kolar,563138,1,0,0,0.99999999999998
19-09-2025,Karnataka,Koppal,583226,3,1,0,3.9999999999999964
19-09-2025,Karnataka,Koppal,583227,5,1,0,6.000000000000038
19-09-2025,Karnataka,Koppal,583232,3,3,0,5.999999999999947
19-09-2025,Karnataka,Koppal,583277,1,1,0,1.999999999999955
19-09-2025,Karnataka,Koppal,584121,1,0,0,0.99999999999998
19-09-2025,Karnataka,Mandya,571403,3,0,0,3.0000000000000218
19-09-2025,Karnataka,Mandya,571605,2,0,0,2.000000000000001
19-09-2025,Karnataka,Mysore,570016,1,0,0,0.99999999999998
19-09-2025,Karnataka,Mysore,571105,1,0,0,0.99999999999998
19-09-2025,Karnataka,Mysore,571120,1,0,0,0.99999999999998
19-09-2025,Karnataka,Mysore,571129,1,0,0,0.99999999999998
19-09-2025,Karnataka,Mysuru,570019,4,0,0,4.000000000000043
19-09-2025,Karnataka,Mysuru,571114,2,0,0,2.000000000000001
19-09-2025,Karnataka,Mysuru,571124,1,0,0,0.99999999999998
19-09-2025,Karnataka,Raichur,584120,3,2,0,4.999999999999972
19-09-2025,Karnataka,Raichur,584132,4,0,1,5.000000000000028
19-09-2025,Karnataka,Raichur,584143,3,1,0,3.9999999999999964
19-09-2025,Karnataka,Ramanagar,562108,1,0,0,0.99999999999998
19-09-2025,Karnataka,Ramanagar,562117,23,0,0,23.00000000000044
19-09-2025,Karnataka,Ramanagar,562138,1,0,0,0.99999999999998
19-09-2025,Karnataka,Shimoga,577214,2,0,0,2.000000000000001
19-09-2025,Karnataka,Shivamogga,577204,1,0,0,0.99999999999998
19-09-2025,Karnataka,Shivamogga,577222,1,0,0,0.99999999999998
19-09-2025,Karnataka,Tumakuru,561202,2,0,0,2.000000000000001
19-09-2025,Karnataka,Tumakuru,572105,1,0,0,0.99999999999998
19-09-2025,Karnataka,Tumakuru,572106,2,0,0,2.000000000000001
19-09-2025,Karnataka,Tumakuru,572116,1,1,0,1.999999999999955
19-09-2025,Karnataka,Tumakuru,572121,1,0,0,0.99999999999998
19-09-2025,Karnataka,Tumakuru,572128,0,1,0,0.999999999999934
19-09-2025,Karnataka,Tumakuru,572129,1,0,0,0.99999999999998
19-09-2025,Karnataka,Tumakuru,572228,2,0,0,2.000000000000001
19-09-2025,Karnataka,Tumkur,572216,1,0,0,0.99999999999998
19-09-2025,Karnataka,Tumkur,572222,2,0,0,2.000000000000001
19-09-2025,Karnataka,Udupi,574111,2,0,0,2.000000000000001
19-09-2025,Karnataka,Udupi,576101,0,0,1,0.9999999999999446
19-09-2025,Karnataka,Udupi,576108,1,1,0,1.999999999999955
19-09-2025,Karnataka,Uttara Kannada,581314,2,0,0,2.000000000000001
19-09-2025,Karnataka,Uttara Kannada,581340,0,1,0,0.999999999999934
19-09-2025,Karnataka,Uttara Kannada,581353,1,0,0,0.99999999999998
19-09-2025,Karnataka,Uttara Kannada,581359,1,0,0,0.99999999999998
19-09-2025,Karnataka,Uttara Kannada,581403,1,0,0,0.99999999999998
19-09-2025,Karnataka,Vijayanagara,583130,2,0,0,2.000000000000001
19-09-2025,Karnataka,Vijayanagara,583136,1,0,0,0.99999999999998
19-09-2025,Karnataka,Vijayapura,586103,0,1,0,0.999999999999934
19-09-2025,Karnataka,Vijayapura,586120,2,0,0,2.000000000000001
19-09-2025,Karnataka,Vijayapura,586124,0,2,0,1.999999999999909
19-09-2025,Karnataka,Vijayapura,586125,2,1,0,2.999999999999976
19-09-2025,Karnataka,Vijayapura,586128,2,3,0,4.999999999999925
19-09-2025,Karnataka,Vijayapura,586203,9,0,0,9.000000000000147
19-09-2025,Karnataka,Vijayapura,586216,3,0,0,3.0000000000000218
19-09-2025,Karnataka,Yadgir,585216,6,2,0,8.000000000000034
19-09-2025,Karnataka,Yadgir,585290,5,1,0,6.000000000000038
19-09-2025,Karnataka,yadgir,585223,1,0,0,0.99999999999998
22-09-2025,Karnataka,Bagalkot,587103,2,0,0,2.000000000000001
22-09-2025,Karnataka,Bagalkot,587155,4,0,0,4.000000000000043
22-09-2025,Karnataka,Bagalkot,587207,1,0,0,0.99999999999998
22-09-2025,Karnataka,Ballari,583102,3,0,0,3.0000000000000218
22-09-2025,Karnataka,Ballari,583223,1,0,0,0.99999999999998
22-09-2025,Karnataka,Bangalore,560002,1,0,0,0.99999999999998
22-09-2025,Karnataka,Bangalore,560008,2,0,0,2.000000000000001
22-09-2025,Karnataka,Bangalore,560032,1,0,0,0.99999999999998
22-09-2025,Karnataka,Bangalore,560055,1,0,0,0.99999999999998
22-09-2025,Karnataka,Bangalore,560083,1,0,0,0.99999999999998
22-09-2025,Karnataka,Bangalore,560094,1,0,0,0.99999999999998
22-09-2025,Karnataka,Bangalore Rural,562110,1,0,0,0.99999999999998
22-09-2025,Karnataka,Belagavi,591103,1,0,0,0.99999999999998
22-09-2025,Karnataka,Belagavi,591115,1,0,0,0.99999999999998
22-09-2025,Karnataka,Belagavi,591120,1,0,0,0.99999999999998
22-09-2025,Karnataka,Belagavi,591122,0,1,0,0.999999999999934
22-09-2025,Karnataka,Belagavi,591123,1,0,0,0.99999999999998
22-09-2025,Karnataka,Belagavi,591126,2,0,0,2.000000000000001
22-09-2025,Karnataka,Belagavi,591201,2,0,0,2.000000000000001
22-09-2025,Karnataka,Belagavi,591224,4,0,0,4.000000000000043
22-09-2025,Karnataka,Belagavi,591227,0,1,0,0.999999999999934
22-09-2025,Karnataka,Belagavi,591233,1,0,0,0.99999999999998
22-09-2025,Karnataka,Belagavi,591265,1,0,0,0.99999999999998
22-09-2025,Karnataka,Belgaum,590014,2,0,0,2.000000000000001
22-09-2025,Karnataka,Belgaum,590016,4,0,0,4.000000000000043
22-09-2025,Karnataka,Belgaum,591101,1,0,0,0.99999999999998
22-09-2025,Karnataka,Belgaum,591117,1,1,0,1.999999999999955
22-09-2025,Karnataka,Belgaum,591220,3,0,0,3.0000000000000218
22-09-2025,Karnataka,Belgaum,591233,3,0,0,3.0000000000000218
22-09-2025,Karnataka,Belgaum,591310,1,0,0,0.99999999999998
22-09-2025,Karnataka,Belgaum,591311,1,0,0,0.99999999999998
22-09-2025,Karnataka,Belgaum,591317,3,0,0,3.0000000000000218
22-09-2025,Karnataka,Bellary,583112,0,1,0,0.999999999999934
22-09-2025,Karnataka,Bellary,583116,1,1,0,1.999999999999955
22-09-2025,Karnataka,Bellary,583120,2,0,0,2.000000000000001
22-09-2025,Karnataka,Bellary,583129,3,1,0,3.9999999999999964
22-09-2025,Karnataka,Bellary,583217,1,0,0,0.99999999999998
22-09-2025,Karnataka,Bengaluru,560010,2,0,0,2.000000000000001
22-09-2025,Karnataka,Bengaluru,560032,5,2,1,7.999999999999998
22-09-2025,Karnataka,Bengaluru,560035,0,0,3,2.9999999999999156
22-09-2025,Karnataka,Bengaluru,560038,0,0,2,1.99999999999993
22-09-2025,Karnataka,Bengaluru,560048,0,1,0,0.999999999999934
22-09-2025,Karnataka,Bengaluru,560058,2,0,0,2.000000000000001
22-09-2025,Karnataka,Bengaluru,560067,0,1,0,0.999999999999934
22-09-2025,Karnataka,Bengaluru,560077,1,0,0,0.99999999999998
22-09-2025,Karnataka,Bengaluru,560084,1,0,0,0.99999999999998
22-09-2025,Karnataka,Bengaluru,560102,0,1,0,0.999999999999934
22-09-2025,Karnataka,Bengaluru,560103,1,0,0,0.99999999999998
22-09-2025,Karnataka,Bengaluru,560104,1,0,0,0.99999999999998
22-09-2025,Karnataka,Bengaluru,560109,0,0,1,0.9999999999999446
22-09-2025,Karnataka,Bidar,585327,2,2,0,3.9999999999999507
22-09-2025,Karnataka,Bidar,585330,1,0,0,0.99999999999998
23-09-2025,Karnataka,Bagalkot,586113,1,0,0,0.99999999999998
23-09-2025,Karnataka,Bagalkot,587119,1,0,0,0.99999999999998
23-09-2025,Karnataka,Bagalkot,587154,7,1,1,9.000000000000066
23-09-2025,Karnataka,Bagalkot,587301,11,1,1,13.00000000000015
23-09-2025,Karnataka,Bagalkot *,587102,1,0,0,0.99999999999998
23-09-2025,Karnataka,Ballari,583101,3,0,0,3.0000000000000218
23-09-2025,Karnataka,Ballari,583102,3,0,0,3.0000000000000218
23-09-2025,Karnataka,Ballari,583112,1,0,0,0.99999999999998
23-09-2025,Karnataka,Ballari,583123,2,0,0,2.000000000000001
23-09-2025,Karnataka,Ballari,583128,1,0,0,0.99999999999998
23-09-2025,Karnataka,Bangalore,560002,1,0,0,0.99999999999998
23-09-2025,Karnataka,Bangalore,560005,2,0,0,2.000000000000001
23-09-2025,Karnataka,Bangalore,560010,1,0,0,0.99999999999998
23-09-2025,Karnataka,Bangalore,560022,2,0,0,2.000000000000001
23-09-2025,Karnataka,Bangalore,560024,1,0,0,0.99999999999998
23-09-2025,Karnataka,Bangalore,560094,1,0,0,0.99999999999998
23-09-2025,Karnataka,Bangalore,562106,1,0,0,0.99999999999998
23-09-2025,Karnataka,Bangalore,562129,1,0,0,0.99999999999998
23-09-2025,Karnataka,Bangalore,562130,1,0,0,0.99999999999998
23-09-2025,Karnataka,Belagavi,590014,2,0,0,2.000000000000001
23-09-2025,Karnataka,Belagavi,591124,1,0,0,0.99999999999998
23-09-2025,Karnataka,Belagavi,591201,2,0,0,2.000000000000001
23-09-2025,Karnataka,Belagavi,591215,1,0,0,0.99999999999998
23-09-2025,Karnataka,Belagavi,591222,1,0,0,0.99999999999998
23-09-2025,Karnataka,Belagavi,591235,2,0,0,2.000000000000001
23-09-2025,Karnataka,Belagavi,591243,2,0,0,2.000000000000001
23-09-2025,Karnataka,Belagavi,591302,1,1,0,1.999999999999955
23-09-2025,Karnataka,Belagavi,591307,1,1,0,1.999999999999955
23-09-2025,Karnataka,Belagavi,591309,2,0,0,2.000000000000001
23-09-2025,Karnataka,Belagavi,591311,0,1,0,0.999999999999934
23-09-2025,Karnataka,Belagavi,591344,2,0,0,2.000000000000001
23-09-2025,Karnataka,Belgaum,591101,1,0,0,0.99999999999998
23-09-2025,Karnataka,Belgaum,591112,3,0,0,3.0000000000000218
23-09-2025,Karnataka,Belgaum,591114,2,0,0,2.000000000000001
23-09-2025,Karnataka,Belgaum,591117,2,1,0,2.999999999999976
23-09-2025,Karnataka,Belgaum,591126,2,0,0,2.000000000000001
23-09-2025,Karnataka,Belgaum,591226,2,0,0,2.000000000000001
23-09-2025,Karnataka,Belgaum,591239,0,1,0,0.999999999999934
23-09-2025,Karnataka,Belgaum,591265,1,0,0,0.99999999999998
23-09-2025,Karnataka,Belgaum,591309,5,0,0,5.000000000000064
23-09-2025,Karnataka,Belgaum,591310,2,0,0,2.000000000000001
23-09-2025,Karnataka,Bengaluru,560029,1,1,0,1.999999999999955
23-09-2025,Karnataka,Bengaluru,560035,1,0,0,0.99999999999998
23-09-2025,Karnataka,Bengaluru,560043,2,0,4,5.999999999999943
23-09-2025,Karnataka,Bengaluru,560067,1,0,0,0.99999999999998
23-09-2025,Karnataka,Bengaluru,560079,2,1,0,2.999999999999976
23-09-2025,Karnataka,Bengaluru,560085,1,0,0,0.99999999999998
23-09-2025,Karnataka,Bengaluru,560090,1,0,0,0.99999999999998
23-09-2025,Karnataka,Bengaluru,560091,2,0,0,2.000000000000001
23-09-2025,Karnataka,Bengaluru,560096,1,0,0,0.99999999999998
23-09-2025,Karnataka,Bengaluru,560114,1,0,0,0.99999999999998
23-09-2025,Karnataka,Bidar,585328,5,2,0,7.000000000000013
23-09-2025,Karnataka,Bidar,585331,1,0,0,0.99999999999998
23-09-2025,Karnataka,Bijapur,586103,1,0,0,0.99999999999998
23-09-2025,Karnataka,Bijapur,586112,2,0,0,2.000000000000001
23-09-2025,Karnataka,Bijapur,586114,1,1,0,1.999999999999955
23-09-2025,Karnataka,Bijapur,586117,1,0,0,0.99999999999998
23-09-2025,Karnataka,Bijapur,586118,0,1,0,0.999999999999934
23-09-2025,Karnataka,Bijapur,586119,0,1,0,0.999999999999934
23-09-2025,Karnataka,Bijapur,586127,2,0,0,2.000000000000001
23-09-2025,Karnataka,Bijapur,586128,5,1,0,6.000000000000038
23-09-2025,Karnataka,Bijapur,586130,1,0,0,0.99999999999998
23-09-2025,Karnataka,Chamrajanagar,571115,0,1,0,0.999999999999934
23-09-2025,Karnataka,Chickmagalur,577126,1,0,0,0.99999999999998
23-09-2025,Karnataka,Chikkaballapur,561206,1,0,0,0.99999999999998
23-09-2025,Karnataka,Chikkaballapur,561211,2,0,0,2.000000000000001
23-09-2025,Karnataka,Chikkaballapur,562104,4,0,0,4.000000000000043
23-09-2025,Karnataka,Chikkaballapur,563123,1,0,0,0.99999999999998
23-09-2025,Karnataka,Chikkaballapur,563125,8,0,0,8.000000000000126
23-09-2025,Karnataka,Chikkamagaluru,577120,1,1,0,1.999999999999955
23-09-2025,Karnataka,Chikkamagaluru,577181,0,1,0,0.999999999999934
23-09-2025,Karnataka,Chitradurga,577518,1,0,0,0.99999999999998
23-09-2025,Karnataka,Chitradurga,577522,2,0,0,2.000000000000001
23-09-2025,Karnataka,Chitradurga,577557,1,0,0,0.99999999999998
23-09-2025,Karnataka,Dakshina Kannada,574154,2,0,0,2.000000000000001
23-09-2025,Karnataka,Dakshina Kannada,574199,3,0,0,3.0000000000000218
23-09-2025,Karnataka,Dakshina Kannada,574231,1,0,0,0.99999999999998
23-09-2025,Karnataka,Dakshina Kannada,574242,1,0,0,0.99999999999998
23-09-2025,Karnataka,Dakshina Kannada,574243,7,0,0,7.000000000000105
23-09-2025,Karnataka,Dakshina Kannada,574313,1,0,0,0.99999999999998
23-09-2025,Karnataka,Dakshina Kannada,574326,1,0,0,0.99999999999998
23-09-2025,Karnataka,Dakshina Kannada,575006,2,0,0,2.000000000000001
23-09-2025,Karnataka,Dakshina Kannada,575029,1,0,0,0.99999999999998
23-09-2025,Karnataka,Davangere,577006,2,0,0,2.000000000000001
23-09-2025,Karnataka,Davangere,577213,3,0,0,3.0000000000000218
23-09-2025,Karnataka,Davangere,577230,2,0,0,2.000000000000001
23-09-2025,Karnataka,Davangere,577513,2,1,0,2.999999999999976
23-09-2025,Karnataka,Davangere,577601,2,0,0,2.000000000000001
23-09-2025,Karnataka,Dharwad,580020,5,0,0,5.000000000000064
23-09-2025,Karnataka,Dharwad,580029,1,0,0,0.99999999999998
23-09-2025,Karnataka,Dharwad,580112,10,1,0,11.000000000000142
23-09-2025,Karnataka,Dharwad,581201,2,0,0,2.000000000000001
23-09-2025,Karnataka,Gadag,582101,1,0,0,0.99999999999998
23-09-2025,Karnataka,Gadag,582102,4,0,0,4.000000000000043
23-09-2025,Karnataka,Gadag,582207,1,0,0,0.99999999999998
23-09-2025,Karnataka,Gadag,582210,1,0,0,0.99999999999998
23-09-2025,Karnataka,Gulbarga,585103,1,0,0,0.99999999999998
23-09-2025,Karnataka,Gulbarga,585212,0,1,0,0.999999999999934
23-09-2025,Karnataka,Gulbarga,585214,0,1,0,0.999999999999934
23-09-2025,Karnataka,Gulbarga,585301,5,1,0,6.000000000000038
23-09-2025,Karnataka,Gulbarga,585313,3,0,0,3.0000000000000218
23-09-2025,Karnataka,Hasan,573125,1,0,0,0.99999999999998
23-09-2025,Karnataka,Hasan,573135,1,0,0,0.99999999999998
23-09-2025,Karnataka,Hassan,573103,1,0,0,0.99999999999998
23-09-2025,Karnataka,Hassan,573211,2,0,0,2.000000000000001
23-09-2025,Karnataka,Hassan,573214,1,0,0,0.99999999999998
23-09-2025,Karnataka,Hassan,573225,1,0,0,0.99999999999998
23-09-2025,Karnataka,Haveri,581109,4,0,0,4.000000000000043
23-09-2025,Karnataka,Haveri,581119,2,0,0,2.000000000000001
23-09-2025,Karnataka,Haveri *,581110,1,0,0,0.99999999999998
23-09-2025,Karnataka,Kalaburagi,585103,4,0,0,4.000000000000043
23-09-2025,Karnataka,Kalaburagi,585225,1,0,0,0.99999999999998
23-09-2025,Karnataka,Kalaburagi,585265,1,0,0,0.99999999999998
23-09-2025,Karnataka,Kalaburagi,585310,4,0,0,4.000000000000043
23-09-2025,Karnataka,Kalaburagi,585324,0,1,0,0.999999999999934
23-09-2025,Karnataka,Kolar,563127,1,0,0,0.99999999999998
23-09-2025,Karnataka,Koppal,583232,3,0,0,3.0000000000000218
23-09-2025,Karnataka,Mandya,571605,2,0,0,2.000000000000001
23-09-2025,Karnataka,Mysore,570008,3,0,0,3.0000000000000218
23-09-2025,Karnataka,Mysore,571107,1,0,0,0.99999999999998
23-09-2025,Karnataka,Mysore,571119,1,0,0,0.99999999999998
23-09-2025,Karnataka,Mysore,571124,5,0,0,5.000000000000064
23-09-2025,Karnataka,Mysuru,571617,2,0,0,2.000000000000001
23-09-2025,Karnataka,Raichur,584122,3,0,1,4.000000000000007
23-09-2025,Karnataka,Raichur,584127,1,1,0,1.999999999999955
23-09-2025,Karnataka,Raichur,584129,3,0,0,3.0000000000000218
23-09-2025,Karnataka,Raichur,584136,1,0,0,0.99999999999998
23-09-2025,Karnataka,Raichur,584143,2,0,0,2.000000000000001
23-09-2025,Karnataka,Ramanagar,562119,0,1,0,0.999999999999934
23-09-2025,Karnataka,Ramanagar,562159,3,0,0,3.0000000000000218
23-09-2025,Karnataka,Ramanagar,562160,8,1,0,9.000000000000101
23-09-2025,Karnataka,Shimoga,577214,3,0,0,3.0000000000000218
23-09-2025,Karnataka,Shimoga,577225,1,0,0,0.99999999999998
23-09-2025,Karnataka,Shimoga,577401,1,0,0,0.99999999999998
23-09-2025,Karnataka,Shimoga,577419,1,0,0,0.99999999999998
23-09-2025,Karnataka,Shimoga,577448,1,0,0,0.99999999999998
23-09-2025,Karnataka,Shimoga,577451,1,0,0,0.99999999999998
23-09-2025,Karnataka,Shivamogga,577412,1,0,0,0.99999999999998
23-09-2025,Karnataka,Tumakuru,572101,2,0,0,2.000000000000001
23-09-2025,Karnataka,Tumakuru,572224,1,0,0,0.99999999999998
23-09-2025,Karnataka,Tumkur,572101,2,0,0,2.000000000000001
23-09-2025,Karnataka,Tumkur,572111,1,0,0,0.99999999999998
23-09-2025,Karnataka,Tumkur,572120,1,0,0,0.99999999999998
23-09-2025,Karnataka,Tumkur,572124,1,0,0,0.99999999999998
23-09-2025,Karnataka,Tumkur,572129,1,0,0,0.99999999999998
23-09-2025,Karnataka,Tumkur,572137,1,0,0,0.99999999999998
23-09-2025,Karnataka,Tumkur,572138,2,0,0,2.000000000000001
23-09-2025,Karnataka,Tumkur,572139,2,0,0,2.000000000000001
23-09-2025,Karnataka,Udupi,574104,1,0,0,0.99999999999998
23-09-2025,Karnataka,Udupi,576101,1,0,0,0.99999999999998
23-09-2025,Karnataka,Udupi,576102,3,0,0,3.0000000000000218
23-09-2025,Karnataka,Udupi,576105,1,0,0,0.99999999999998
23-09-2025,Karnataka,Udupi,576211,1,0,0,0.99999999999998
23-09-2025,Karnataka,Udupi,576219,1,0,0,0.99999999999998
23-09-2025,Karnataka,Uttara Kannada,581324,1,0,0,0.99999999999998
23-09-2025,Karnataka,Uttara Kannada,581354,0,1,0,0.999999999999934
23-09-2025,Karnataka,Uttara Kannada,581355,1,0,0,0.99999999999998
23-09-2025,Karnataka,Uttara Kannada,581403,0,1,0,0.999999999999934
23-09-2025,Karnataka,Vijayanagara,583126,2,1,0,2.999999999999976
23-09-2025,Karnataka,Vijayanagara,583130,2,2,0,3.9999999999999507
23-09-2025,Karnataka,Vijayanagara,583216,2,0,0,2.000000000000001
23-09-2025,Karnataka,Vijayanagara,583221,1,0,0,0.99999999999998
23-09-2025,Karnataka,Vijayapura,586103,1,0,0,0.99999999999998
23-09-2025,Karnataka,Vijayapura,586113,2,1,0,2.999999999999976
23-09-2025,Karnataka,Vijayapura,586121,2,0,0,2.000000000000001
23-09-2025,Karnataka,Vijayapura,586203,5,1,0,6.000000000000038
23-09-2025,Karnataka,Vijayapura,586213,2,0,0,2.000000000000001
23-09-2025,Karnataka,Yadgir,585220,4,0,0,4.000000000000043
23-09-2025,Karnataka,Yadgir,585321,2,0,0,2.000000000000001
23-09-2025,Karnataka,yadgir,585201,1,2,0,2.99999999999993
22-09-2025,Karnataka,Bidar,585401,1,0,0,0.99999999999998
22-09-2025,Karnataka,Bidar,585403,5,2,0,7.000000000000013
22-09-2025,Karnataka,Bidar,585414,1,1,0,1.999999999999955
22-09-2025,Karnataka,Bidar,585417,1,0,0,0.99999999999998
22-09-2025,Karnataka,Bidar,585421,3,1,0,3.9999999999999964
22-09-2025,Karnataka,Bijapur,586127,1,1,0,1.999999999999955
22-09-2025,Karnataka,Bijapur,586128,2,2,0,3.9999999999999507
22-09-2025,Karnataka,Bijapur,586208,1,0,0,0.99999999999998
22-09-2025,Karnataka,Bijapur,586215,1,2,0,2.99999999999993
22-09-2025,Karnataka,Bijapur,586216,1,1,0,1.999999999999955
22-09-2025,Karnataka,Bijapur,586217,2,0,0,2.000000000000001
22-09-2025,Karnataka,Chamarajanagar,571124,1,0,0,0.99999999999998
22-09-2025,Karnataka,Chamarajanagar,571313,1,0,0,0.99999999999998
22-09-2025,Karnataka,Chamarajanagar,571440,1,0,0,0.99999999999998
22-09-2025,Karnataka,Chamarajanagar,571441,1,0,0,0.99999999999998
22-09-2025,Karnataka,Chamarajanagar *,571127,1,0,0,0.99999999999998
22-09-2025,Karnataka,Chamrajanagar,571117,1,0,0,0.99999999999998
22-09-2025,Karnataka,Chamrajanagar,571342,1,0,0,0.99999999999998
22-09-2025,Karnataka,Chamrajanagar,571441,3,0,0,3.0000000000000218
22-09-2025,Karnataka,Chamrajnagar,571127,2,0,0,2.000000000000001
22-09-2025,Karnataka,Chickmagalur,577168,1,0,0,0.99999999999998
22-09-2025,Karnataka,Chickmagalur,577228,2,0,0,2.000000000000001
22-09-2025,Karnataka,Chikkaballapur,561211,1,0,0,0.99999999999998
22-09-2025,Karnataka,Chikkaballapur,562101,1,1,0,1.999999999999955
22-09-2025,Karnataka,Chikkaballapur,563125,6,0,0,6.000000000000084
22-09-2025,Karnataka,Chikkaballapur,563146,1,0,0,0.99999999999998
22-09-2025,Karnataka,Chikkamagaluru,577548,1,0,0,0.99999999999998
22-09-2025,Karnataka,Chikmagalur,577548,1,0,0,0.99999999999998
22-09-2025,Karnataka,Chitradurga,577522,1,0,0,0.99999999999998
22-09-2025,Karnataka,Chitradurga,577536,3,0,0,3.0000000000000218
22-09-2025,Karnataka,Chitradurga,577557,2,0,0,2.000000000000001
22-09-2025,Karnataka,Chitradurga,577599,1,0,0,0.99999999999998
22-09-2025,Karnataka,Dakshina Kannada,574150,1,0,0,0.99999999999998
22-09-2025,Karnataka,Dakshina Kannada,575001,1,1,0,1.999999999999955
22-09-2025,Karnataka,Dakshina Kannada,575003,3,0,0,3.0000000000000218
22-09-2025,Karnataka,Davanagere,577217,1,0,0,0.99999999999998
22-09-2025,Karnataka,Davanagere,577512,1,0,0,0.99999999999998
22-09-2025,Karnataka,Davangere,577004,2,0,0,2.000000000000001
22-09-2025,Karnataka,Davangere,577213,9,0,0,9.000000000000147
22-09-2025,Karnataka,Davangere,577219,2,0,0,2.000000000000001
22-09-2025,Karnataka,Davangere,577224,1,0,0,0.99999999999998
22-09-2025,Karnataka,Davangere,577552,2,0,0,2.000000000000001
22-09-2025,Karnataka,Davangere,583125,1,0,0,0.99999999999998
22-09-2025,Karnataka,Davangere,583131,1,0,0,0.99999999999998
22-09-2025,Karnataka,Dharwad,580008,1,1,0,1.999999999999955
22-09-2025,Karnataka,Dharwad,580030,1,0,0,0.99999999999998
22-09-2025,Karnataka,Gadag,582116,1,0,0,0.99999999999998
22-09-2025,Karnataka,Gadag,582205,3,0,0,3.0000000000000218
22-09-2025,Karnataka,Gadag,582207,4,1,0,5.000000000000018
22-09-2025,Karnataka,Gulbarga,585211,2,2,0,3.9999999999999507
22-09-2025,Karnataka,Gulbarga,585213,0,2,0,1.999999999999909
22-09-2025,Karnataka,Gulbarga,585308,1,0,0,0.99999999999998
22-09-2025,Karnataka,Gulbarga,585319,1,0,0,0.99999999999998
22-09-2025,Karnataka,Gulbarga,585322,1,0,0,0.99999999999998
22-09-2025,Karnataka,Hasan,573212,1,0,0,0.99999999999998
22-09-2025,Karnataka,Hassan,573119,1,0,0,0.99999999999998
22-09-2025,Karnataka,Hassan,573120,1,0,0,0.99999999999998
22-09-2025,Karnataka,Hassan,573130,3,0,0,3.0000000000000218
22-09-2025,Karnataka,Hassan,573220,1,0,0,0.99999999999998
22-09-2025,Karnataka,Haveri,581109,2,0,0,2.000000000000001
22-09-2025,Karnataka,Haveri,581202,1,0,0,0.99999999999998
22-09-2025,Karnataka,Haveri,581205,2,0,0,2.000000000000001
22-09-2025,Karnataka,Haveri,581208,1,0,0,0.99999999999998
22-09-2025,Karnataka,Kalaburagi,585101,3,0,0,3.0000000000000218
22-09-2025,Karnataka,Kalaburagi,585217,1,0,0,0.99999999999998
22-09-2025,Karnataka,Kalaburagi,585310,3,1,0,3.9999999999999964
22-09-2025,Karnataka,Kodagu,571201,1,0,0,0.99999999999998
22-09-2025,Karnataka,Kodagu,571214,2,0,0,2.000000000000001
22-09-2025,Karnataka,Kodagu,571215,1,0,0,0.99999999999998
22-09-2025,Karnataka,Kodagu,571216,1,0,0,0.99999999999998
22-09-2025,Karnataka,Kolar,563101,7,1,0,8.00000000000008
22-09-2025,Karnataka,Kolar,563135,1,0,0,0.99999999999998
22-09-2025,Karnataka,Koppal,583227,1,0,0,0.99999999999998
22-09-2025,Karnataka,Koppal,583231,1,0,0,0.99999999999998
22-09-2025,Karnataka,Koppal,583236,2,0,0,2.000000000000001
22-09-2025,Karnataka,Mandya,571436,2,0,0,2.000000000000001
22-09-2025,Karnataka,Mandya,571605,1,0,0,0.99999999999998
22-09-2025,Karnataka,Mysore,571118,1,0,0,0.99999999999998
22-09-2025,Karnataka,Mysore,571134,1,0,0,0.99999999999998
22-09-2025,Karnataka,Mysore,571302,1,0,0,0.99999999999998
22-09-2025,Karnataka,Mysore,571315,2,0,0,2.000000000000001
22-09-2025,Karnataka,Mysuru,570001,2,0,0,2.000000000000001
22-09-2025,Karnataka,Mysuru,570017,2,0,0,2.000000000000001
22-09-2025,Karnataka,Mysuru,570021,1,0,0,0.99999999999998
22-09-2025,Karnataka,Mysuru,571104,0,0,1,0.9999999999999446
22-09-2025,Karnataka,Mysuru,571110,1,0,0,0.99999999999998
22-09-2025,Karnataka,Mysuru,571121,1,0,0,0.99999999999998
22-09-2025,Karnataka,Mysuru,571314,1,0,0,0.99999999999998
22-09-2025,Karnataka,Mysuru,571316,1,0,0,0.99999999999998
22-09-2025,Karnataka,Mysuru,571603,1,0,0,0.99999999999998
22-09-2025,Karnataka,Raichur,584111,6,2,0,8.000000000000034
22-09-2025,Karnataka,Raichur,584120,2,2,0,3.9999999999999507
22-09-2025,Karnataka,Raichur,584124,3,2,0,4.999999999999972
22-09-2025,Karnataka,Raichur,584125,0,1,0,0.999999999999934
22-09-2025,Karnataka,Raichur,584139,2,0,0,2.000000000000001
22-09-2025,Karnataka,Shimoga,577301,3,0,0,3.0000000000000218
22-09-2025,Karnataka,Shimoga,577422,1,0,0,0.99999999999998
22-09-2025,Karnataka,Shimoga,577433,0,1,0,0.999999999999934
22-09-2025,Karnataka,Shimoga,577434,1,0,0,0.99999999999998
22-09-2025,Karnataka,Shivamogga,577223,1,0,0,0.99999999999998
22-09-2025,Karnataka,Shivamogga,577302,1,0,0,0.99999999999998
22-09-2025,Karnataka,Shivamogga,577401,2,0,0,2.000000000000001
22-09-2025,Karnataka,Shivamogga,577432,1,0,0,0.99999999999998
22-09-2025,Karnataka,Tumakuru,572101,1,0,0,0.99999999999998
22-09-2025,Karnataka,Tumkur,572107,1,0,0,0.99999999999998
22-09-2025,Karnataka,Tumkur,572113,2,0,0,2.000000000000001
22-09-2025,Karnataka,Tumkur,572117,1,0,0,0.99999999999998
22-09-2025,Karnataka,Tumkur,572120,1,0,0,0.99999999999998
22-09-2025,Karnataka,Tumkur,572124,3,0,0,3.0000000000000218
22-09-2025,Karnataka,Tumkur,572128,3,0,0,3.0000000000000218
22-09-2025,Karnataka,Tumkur,572130,1,0,0,0.99999999999998
22-09-2025,Karnataka,Tumkur,572137,3,0,0,3.0000000000000218
22-09-2025,Karnataka,Tumkur,572139,1,0,0,0.99999999999998
22-09-2025,Karnataka,Tumkur,572224,1,0,0,0.99999999999998
22-09-2025,Karnataka,Udupi,574101,1,0,0,0.99999999999998
22-09-2025,Karnataka,Udupi,576212,3,0,0,3.0000000000000218
22-09-2025,Karnataka,Uttara Kannada,581306,1,0,0,0.99999999999998
22-09-2025,Karnataka,Uttara Kannada,581333,1,0,0,0.99999999999998
22-09-2025,Karnataka,Uttara Kannada,581334,1,0,0,0.99999999999998
22-09-2025,Karnataka,Uttara Kannada,581349,1,0,0,0.99999999999998
22-09-2025,Karnataka,Vijayanagara,583137,3,0,0,3.0000000000000218
22-09-2025,Karnataka,Vijayanagara,583213,2,0,0,2.000000000000001
22-09-2025,Karnataka,Vijayanagara,583216,1,0,0,0.99999999999998
22-09-2025,Karnataka,Vijayanagara,583219,0,1,0,0.999999999999934
22-09-2025,Karnataka,Vijayapura,586124,2,0,0,2.000000000000001
22-09-2025,Karnataka,Vijayapura,586214,1,1,0,1.999999999999955
22-09-2025,Karnataka,Vijayapura,586217,3,2,0,4.999999999999972
22-09-2025,Karnataka,Yadgir,585309,1,2,0,2.99999999999993
22-09-2025,Karnataka,Yadgir,585323,0,1,0,0.999999999999934
22-09-2025,Karnataka,Yadgir,585355,1,2,0,2.99999999999993
21-09-2025,Karnataka,Belagavi,591107,1,0,0,0.99999999999998
21-09-2025,Karnataka,Bengaluru,560016,1,0,0,0.99999999999998
21-09-2025,Karnataka,Bengaluru,560061,1,0,0,0.99999999999998
21-09-2025,Karnataka,Bengaluru,560068,1,1,0,1.999999999999955
21-09-2025,Karnataka,Bengaluru,560078,1,0,0,0.99999999999998
21-09-2025,Karnataka,Bengaluru,560111,1,0,0,0.99999999999998
21-09-2025,Karnataka,Bengaluru,562125,1,0,0,0.99999999999998
21-09-2025,Karnataka,Bidar,585401,0,1,0,0.999999999999934
21-09-2025,Karnataka,Chamrajanagar,571490,1,0,0,0.99999999999998
21-09-2025,Karnataka,Chikkaballapur,561213,2,0,0,2.000000000000001
21-09-2025,Karnataka,Chitradurga,577522,1,0,0,0.99999999999998
21-09-2025,Karnataka,Kolar,563122,0,1,0,0.999999999999934
21-09-2025,Karnataka,Mysore,570018,1,0,0,0.99999999999998
21-09-2025,Karnataka,Mysore,571102,1,0,0,0.99999999999998
21-09-2025,Karnataka,Mysuru,570008,1,0,0,0.99999999999998
21-09-2025,Karnataka,Mysuru,571442,2,0,0,2.000000000000001
21-09-2025,Karnataka,Raichur,584129,2,0,0,2.000000000000001
21-09-2025,Karnataka,Raichur,584132,1,0,0,0.99999999999998
21-09-2025,Karnataka,Raichur,584170,2,0,0,2.000000000000001
21-09-2025,Karnataka,Shimoga,577413,1,0,0,0.99999999999998
21-09-2025,Karnataka,Uttara Kannada,581187,1,0,0,0.99999999999998
21-09-2025,Karnataka,Vijayapura,586109,1,0,0,0.99999999999998
24-09-2025,Karnataka,Bagalkot,586125,0,1,0,0.999999999999934
24-09-2025,Karnataka,Bagalkot,587206,6,0,0,6.000000000000084
24-09-2025,Karnataka,Bagalkot,587313,12,0,0,12.00000000000021
24-09-2025,Karnataka,Bagalkot *,587101,0,1,0,0.999999999999934
24-09-2025,Karnataka,Bagalkot *,587102,1,0,0,0.99999999999998
24-09-2025,Karnataka,Ballari,583119,0,0,1,0.9999999999999446
24-09-2025,Karnataka,Ballari,583122,1,0,0,0.99999999999998
24-09-2025,Karnataka,Bangalore,560004,0,1,0,0.999999999999934
24-09-2025,Karnataka,Bangalore,560005,1,0,0,0.99999999999998
24-09-2025,Karnataka,Bangalore,560016,3,1,0,3.9999999999999964
24-09-2025,Karnataka,Bangalore,560021,3,0,0,3.0000000000000218
24-09-2025,Karnataka,Bangalore,560058,1,0,0,0.99999999999998
24-09-2025,Karnataka,Bangalore,560084,1,0,0,0.99999999999998
24-09-2025,Karnataka,Bangalore,560086,1,0,0,0.99999999999998
24-09-2025,Karnataka,Bangalore,560092,1,0,0,0.99999999999998
24-09-2025,Karnataka,Bangalore Rural,562114,6,0,0,6.000000000000084
24-09-2025,Karnataka,Bangalore Rural,562129,1,0,0,0.99999999999998
24-09-2025,Karnataka,Belagavi,590010,3,0,0,3.0000000000000218
24-09-2025,Karnataka,Belagavi,591108,1,0,0,0.99999999999998
24-09-2025,Karnataka,Belagavi,591116,1,0,0,0.99999999999998
24-09-2025,Karnataka,Belagavi,591121,1,0,0,0.99999999999998
24-09-2025,Karnataka,Belagavi,591143,1,0,0,0.99999999999998
24-09-2025,Karnataka,Belagavi,591222,4,0,0,4.000000000000043
24-09-2025,Karnataka,Belagavi,591223,1,0,0,0.99999999999998
24-09-2025,Karnataka,Belagavi,591247,1,1,0,1.999999999999955
24-09-2025,Karnataka,Belagavi,591248,1,0,0,0.99999999999998
24-09-2025,Karnataka,Belagavi,591302,3,0,0,3.0000000000000218
24-09-2025,Karnataka,Belagavi,591303,4,0,0,4.000000000000043
24-09-2025,Karnataka,Belgaum,591109,1,0,0,0.99999999999998
24-09-2025,Karnataka,Belgaum,591117,4,0,0,4.000000000000043
24-09-2025,Karnataka,Belgaum,591118,1,0,0,0.99999999999998
24-09-2025,Karnataka,Belgaum,591123,2,1,0,2.999999999999976
24-09-2025,Karnataka,Belgaum,591308,1,0,0,0.99999999999998
24-09-2025,Karnataka,Bellary,583116,1,0,0,0.99999999999998
24-09-2025,Karnataka,Bellary,583120,1,0,0,0.99999999999998
24-09-2025,Karnataka,Bellary,583128,1,0,0,0.99999999999998
24-09-2025,Karnataka,Bellary,583132,1,0,0,0.99999999999998
24-09-2025,Karnataka,Bellary,583214,1,1,0,1.999999999999955
24-09-2025,Karnataka,Bellary,583219,2,0,0,2.000000000000001
24-09-2025,Karnataka,Bellary,583239,1,0,0,0.99999999999998
24-09-2025,Karnataka,Bengaluru,560003,2,0,0,2.000000000000001
24-09-2025,Karnataka,Bengaluru,560010,0,1,0,0.999999999999934
24-09-2025,Karnataka,Bengaluru,560020,1,0,0,0.99999999999998
24-09-2025,Karnataka,Bengaluru,560033,1,0,0,0.99999999999998
24-09-2025,Karnataka,Bengaluru,560041,2,0,0,2.000000000000001
24-09-2025,Karnataka,Bengaluru,560051,1,0,0,0.99999999999998
24-09-2025,Karnataka,Bengaluru,560054,1,0,0,0.99999999999998
24-09-2025,Karnataka,Bengaluru,560067,1,0,0,0.99999999999998
24-09-2025,Karnataka,Bengaluru,560072,1,0,0,0.99999999999998
24-09-2025,Karnataka,Bengaluru,560076,3,1,0,3.9999999999999964
24-09-2025,Karnataka,Bengaluru,560077,4,2,0,5.999999999999993
24-09-2025,Karnataka,Bengaluru,560078,3,0,0,3.0000000000000218
24-09-2025,Karnataka,Bengaluru,560090,1,0,0,0.99999999999998
24-09-2025,Karnataka,Bengaluru,560099,0,1,0,0.999999999999934
24-09-2025,Karnataka,Bidar,585226,1,0,0,0.99999999999998
24-09-2025,Karnataka,Bidar,585412,3,2,0,4.999999999999972
24-09-2025,Karnataka,Bijapur,586104,1,0,0,0.99999999999998
24-09-2025,Karnataka,Bijapur,586115,1,1,0,1.999999999999955
24-09-2025,Karnataka,Bijapur,586123,2,0,0,2.000000000000001
24-09-2025,Karnataka,Bijapur,586206,1,0,0,0.99999999999998
24-09-2025,Karnataka,Bijapur,586208,0,1,0,0.999999999999934
24-09-2025,Karnataka,Chamarajanagar *,571444,1,0,0,0.99999999999998
24-09-2025,Karnataka,Chamrajanagar,571117,1,0,0,0.99999999999998
24-09-2025,Karnataka,Chamrajanagar,571126,1,0,0,0.99999999999998
24-09-2025,Karnataka,Chamrajanagar,571439,1,0,0,0.99999999999998
24-09-2025,Karnataka,Chamrajanagar,571440,2,1,0,2.999999999999976
24-09-2025,Karnataka,Chamrajanagar,571490,3,1,0,3.9999999999999964
24-09-2025,Karnataka,Chickmagalur,577112,1,0,0,0.99999999999998
24-09-2025,Karnataka,Chickmagalur,577146,1,0,0,0.99999999999998
24-09-2025,Karnataka,Chikkaballapur,563128,2,0,0,2.000000000000001
24-09-2025,Karnataka,Chikkaballapur,563146,2,0,0,2.000000000000001
24-09-2025,Karnataka,Chikkamagaluru,577116,1,0,0,0.99999999999998
24-09-2025,Karnataka,Chikkamagaluru,577132,1,0,0,0.99999999999998
24-09-2025,Karnataka,Chitradurga,577502,2,0,0,2.000000000000001
24-09-2025,Karnataka,Chitradurga,577522,10,1,0,11.000000000000142
24-09-2025,Karnataka,Chitradurga,577527,2,0,0,2.000000000000001
24-09-2025,Karnataka,Chitradurga,577536,1,0,0,0.99999999999998
24-09-2025,Karnataka,Chitradurga,577554,1,0,0,0.99999999999998
24-09-2025,Karnataka,Chitradurga,577597,1,0,0,0.99999999999998
24-09-2025,Karnataka,Dakshina Kannada,574146,1,0,0,0.99999999999998
24-09-2025,Karnataka,Dakshina Kannada,574230,1,0,0,0.99999999999998
24-09-2025,Karnataka,Dakshina Kannada,574260,1,0,0,0.99999999999998
24-09-2025,Karnataka,Dakshina Kannada,575030,4,1,0,5.000000000000018
24-09-2025,Karnataka,Davanagere,577001,1,0,0,0.99999999999998
24-09-2025,Karnataka,Davanagere,577601,0,1,0,0.999999999999934
24-09-2025,Karnataka,Davangere,577003,1,0,0,0.99999999999998
24-09-2025,Karnataka,Davangere,577223,1,0,0,0.99999999999998
24-09-2025,Karnataka,Davangere,577225,1,0,0,0.99999999999998
24-09-2025,Karnataka,Davangere,577516,0,1,0,0.999999999999934
24-09-2025,Karnataka,Davangere,577525,1,1,0,1.999999999999955
24-09-2025,Karnataka,Davangere,577528,3,0,0,3.0000000000000218
24-09-2025,Karnataka,Davangere,577552,1,0,0,0.99999999999998
24-09-2025,Karnataka,Davangere,583131,1,0,0,0.99999999999998
24-09-2025,Karnataka,Davangere,583213,1,0,0,0.99999999999998
24-09-2025,Karnataka,Dharwad,580005,1,0,0,0.99999999999998
24-09-2025,Karnataka,Dharwad,580008,1,0,0,0.99999999999998
24-09-2025,Karnataka,Dharwad,580024,8,1,0,9.000000000000101
24-09-2025,Karnataka,Gadag,582102,5,0,0,5.000000000000064
24-09-2025,Karnataka,Gadag,582114,2,0,0,2.000000000000001
24-09-2025,Karnataka,Gadag,582203,1,0,0,0.99999999999998
24-09-2025,Karnataka,Gulbarga,585102,2,2,0,3.9999999999999507
24-09-2025,Karnataka,Gulbarga,585228,3,0,0,3.0000000000000218
24-09-2025,Karnataka,Gulbarga,585302,2,1,0,2.999999999999976
24-09-2025,Karnataka,Gulbarga,585303,1,0,0,0.99999999999998
24-09-2025,Karnataka,Gulbarga,585312,3,0,0,3.0000000000000218
24-09-2025,Karnataka,Hasan,573116,1,0,0,0.99999999999998
24-09-2025,Karnataka,Hassan,573201,2,0,0,2.000000000000001
24-09-2025,Karnataka,Hassan,573216,1,0,0,0.99999999999998
24-09-2025,Karnataka,Haveri,581104,6,0,0,6.000000000000084
24-09-2025,Karnataka,Haveri,581106,2,0,0,2.000000000000001
24-09-2025,Karnataka,Haveri,581119,1,0,0,0.99999999999998
24-09-2025,Karnataka,Haveri,581205,1,0,0,0.99999999999998
24-09-2025,Karnataka,Kalaburagi,585105,1,0,0,0.99999999999998
24-09-2025,Karnataka,Kalaburagi,585217,1,0,0,0.99999999999998
24-09-2025,Karnataka,Kalaburagi,585222,1,0,0,0.99999999999998
24-09-2025,Karnataka,Kalaburagi,585228,2,0,0,2.000000000000001
24-09-2025,Karnataka,Kalaburagi,585316,1,0,0,0.99999999999998
24-09-2025,Karnataka,Kalaburagi,585322,1,0,0,0.99999999999998
24-09-2025,Karnataka,Kalaburagi,585325,1,0,0,0.99999999999998
24-09-2025,Karnataka,Kodagu,571235,1,0,0,0.99999999999998
24-09-2025,Karnataka,Kolar,563114,3,1,0,3.9999999999999964
24-09-2025,Karnataka,Kolar,563130,0,1,0,0.999999999999934
24-09-2025,Karnataka,Kolar,563133,1,0,0,0.99999999999998
24-09-2025,Karnataka,Kolar,563138,3,0,0,3.0000000000000218
24-09-2025,Karnataka,Koppal,583232,1,0,0,0.99999999999998
24-09-2025,Karnataka,Koppal,583235,0,1,0,0.999999999999934
24-09-2025,Karnataka,Koppal,583281,1,0,0,0.99999999999998
24-09-2025,Karnataka,Mandya,571416,5,0,0,5.000000000000064
24-09-2025,Karnataka,Mandya,571424,1,0,0,0.99999999999998
24-09-2025,Karnataka,Mysore,570011,1,0,0,0.99999999999998
24-09-2025,Karnataka,Mysore,571101,1,0,0,0.99999999999998
24-09-2025,Karnataka,Mysore,571102,1,0,0,0.99999999999998
24-09-2025,Karnataka,Mysore,571103,2,0,0,2.000000000000001
24-09-2025,Karnataka,Mysore,571110,1,0,0,0.99999999999998
24-09-2025,Karnataka,Mysore,571119,2,0,0,2.000000000000001
24-09-2025,Karnataka,Mysore,571602,1,0,0,0.99999999999998
24-09-2025,Karnataka,Mysuru,570028,1,0,0,0.99999999999998
24-09-2025,Karnataka,Mysuru,571301,4,0,0,4.000000000000043
24-09-2025,Karnataka,Mysuru,571442,1,0,0,0.99999999999998
24-09-2025,Karnataka,Raichur,584116,7,2,0,9.000000000000055
24-09-2025,Karnataka,Raichur,584120,10,1,0,11.000000000000142
24-09-2025,Karnataka,Raichur,584127,3,1,0,3.9999999999999964
24-09-2025,Karnataka,Raichur,584128,7,2,0,9.000000000000055
24-09-2025,Karnataka,Raichur,584136,2,0,0,2.000000000000001
24-09-2025,Karnataka,Raichur,584143,6,0,0,6.000000000000084
24-09-2025,Karnataka,Raichur,584167,2,0,0,2.000000000000001
24-09-2025,Karnataka,Raichur,584202,5,3,0,7.999999999999988
24-09-2025,Karnataka,Ramanagar,562121,1,0,0,0.99999999999998
24-09-2025,Karnataka,Ramanagar,562160,12,0,0,12.00000000000021
24-09-2025,Karnataka,Shimoga,577201,1,2,0,2.99999999999993
24-09-2025,Karnataka,Shimoga,577301,1,0,0,0.99999999999998
24-09-2025,Karnataka,Shimoga,577414,1,0,0,0.99999999999998
25-09-2025,Karnataka,Bagalkot,587111,2,0,0,2.000000000000001
25-09-2025,Karnataka,Bagalkot,587116,2,2,0,3.9999999999999507
25-09-2025,Karnataka,Bagalkot,587119,1,0,0,0.99999999999998
25-09-2025,Karnataka,Bagalkot,587125,1,0,0,0.99999999999998
25-09-2025,Karnataka,Bagalkot,587201,3,0,0,3.0000000000000218
25-09-2025,Karnataka,Bagalkot,587315,2,1,0,2.999999999999976
25-09-2025,Karnataka,Ballari,583111,2,0,0,2.000000000000001
25-09-2025,Karnataka,Ballari,583120,3,0,0,3.0000000000000218
25-09-2025,Karnataka,Ballari,583121,1,0,0,0.99999999999998
25-09-2025,Karnataka,Bangalore,560004,1,0,0,0.99999999999998
25-09-2025,Karnataka,Bangalore,560021,3,0,0,3.0000000000000218
25-09-2025,Karnataka,Bangalore,560057,2,1,0,2.999999999999976
25-09-2025,Karnataka,Bangalore,560078,2,0,0,2.000000000000001
25-09-2025,Karnataka,Bangalore,560084,1,0,0,0.99999999999998
25-09-2025,Karnataka,Bangalore Rural,560067,1,1,1,2.9999999999999405
25-09-2025,Karnataka,Bangalore Rural,562114,3,0,0,3.0000000000000218
25-09-2025,Karnataka,Bangalore Rural,562132,1,0,0,0.99999999999998
25-09-2025,Karnataka,Belagavi,591109,5,0,0,5.000000000000064
25-09-2025,Karnataka,Belagavi,591115,1,0,0,0.99999999999998
25-09-2025,Karnataka,Belagavi,591117,1,0,0,0.99999999999998
25-09-2025,Karnataka,Belagavi,591118,1,0,0,0.99999999999998
25-09-2025,Karnataka,Belagavi,591243,1,0,0,0.99999999999998
25-09-2025,Karnataka,Belagavi,591304,5,0,0,5.000000000000064
25-09-2025,Karnataka,Belagavi,591306,1,0,0,0.99999999999998
25-09-2025,Karnataka,Belagavi,591307,3,0,0,3.0000000000000218
25-09-2025,Karnataka,Belagavi,591317,2,2,0,3.9999999999999507
25-09-2025,Karnataka,Belgaum,590010,1,0,0,0.99999999999998
25-09-2025,Karnataka,Belgaum,591114,0,1,0,0.999999999999934
25-09-2025,Karnataka,Belgaum,591123,3,0,0,3.0000000000000218
25-09-2025,Karnataka,Belgaum,591126,2,0,0,2.000000000000001
25-09-2025,Karnataka,Belgaum,591127,4,0,0,4.000000000000043
25-09-2025,Karnataka,Belgaum,591129,2,0,0,2.000000000000001
25-09-2025,Karnataka,Belgaum,591216,1,0,0,0.99999999999998
25-09-2025,Karnataka,Belgaum,591217,1,0,0,0.99999999999998
25-09-2025,Karnataka,Belgaum,591233,1,0,0,0.99999999999998
25-09-2025,Karnataka,Belgaum,591240,1,0,0,0.99999999999998
25-09-2025,Karnataka,Belgaum,591248,1,0,0,0.99999999999998
25-09-2025,Karnataka,Belgaum,591303,3,0,0,3.0000000000000218
25-09-2025,Karnataka,Bellary,583112,1,0,0,0.99999999999998
25-09-2025,Karnataka,Bellary,583119,2,0,0,2.000000000000001
25-09-2025,Karnataka,Bellary,583121,1,0,0,0.99999999999998
25-09-2025,Karnataka,Bellary,583217,2,0,0,2.000000000000001
25-09-2025,Karnataka,Bellary,583222,2,0,0,2.000000000000001
25-09-2025,Karnataka,Bengaluru,560015,0,1,0,0.999999999999934
25-09-2025,Karnataka,Bengaluru,560016,3,2,0,4.999999999999972
25-09-2025,Karnataka,Bengaluru,560023,2,0,0,2.000000000000001
25-09-2025,Karnataka,Bengaluru,560027,1,0,0,0.99999999999998
25-09-2025,Karnataka,Bengaluru,560032,5,2,0,7.000000000000013
25-09-2025,Karnataka,Bengaluru,560043,0,2,1,2.9999999999998943
25-09-2025,Karnataka,Bengaluru,560051,1,0,0,0.99999999999998
25-09-2025,Karnataka,Bengaluru,560059,1,0,0,0.99999999999998
25-09-2025,Karnataka,Bengaluru,560062,1,1,0,1.999999999999955
25-09-2025,Karnataka,Bengaluru,560064,2,3,0,4.999999999999925
25-09-2025,Karnataka,Bengaluru,560065,1,0,0,0.99999999999998
25-09-2025,Karnataka,Bengaluru,560072,2,0,0,2.000000000000001
25-09-2025,Karnataka,Bengaluru,560076,1,0,0,0.99999999999998
25-09-2025,Karnataka,Bengaluru,560086,1,0,0,0.99999999999998
25-09-2025,Karnataka,Bengaluru,560091,3,1,0,3.9999999999999964
25-09-2025,Karnataka,Bengaluru,560105,2,0,0,2.000000000000001
25-09-2025,Karnataka,Bengaluru,562130,2,0,0,2.000000000000001
25-09-2025,Karnataka,Bidar,585330,2,2,0,3.9999999999999507
25-09-2025,Karnataka,Bidar,585401,3,0,0,3.0000000000000218
25-09-2025,Karnataka,Bidar,585403,4,1,0,5.000000000000018
25-09-2025,Karnataka,Bidar,585437,1,1,0,1.999999999999955
25-09-2025,Karnataka,Bijapur,586121,0,1,0,0.999999999999934
25-09-2025,Karnataka,Bijapur,586124,2,0,0,2.000000000000001
25-09-2025,Karnataka,Bijapur,586213,1,0,0,0.99999999999998
25-09-2025,Karnataka,Bijapur,586217,1,1,0,1.999999999999955
25-09-2025,Karnataka,Chamrajanagar,571443,2,0,0,2.000000000000001
25-09-2025,Karnataka,Chamrajnagar,571443,1,0,0,0.99999999999998
25-09-2025,Karnataka,Chickmagalur,577130,1,0,0,0.99999999999998
25-09-2025,Karnataka,Chickmagalur,577133,1,0,0,0.99999999999998
25-09-2025,Karnataka,Chikkaballapur,561212,1,0,0,0.99999999999998
25-09-2025,Karnataka,Chikkaballapur,563123,4,0,0,4.000000000000043
25-09-2025,Karnataka,Chikkaballapur,563124,1,0,0,0.99999999999998
25-09-2025,Karnataka,Chikkaballapur,563125,8,0,0,8.000000000000126
25-09-2025,Karnataka,Chikkamagaluru,577182,1,0,0,0.99999999999998
25-09-2025,Karnataka,Chitradurga,577517,1,0,0,0.99999999999998
25-09-2025,Karnataka,Chitradurga,577518,1,0,0,0.99999999999998
25-09-2025,Karnataka,Chitradurga,577520,1,0,0,0.99999999999998
25-09-2025,Karnataka,Chitradurga,577535,2,0,0,2.000000000000001
25-09-2025,Karnataka,Chitradurga,577540,3,0,0,3.0000000000000218
25-09-2025,Karnataka,Chitradurga,577541,4,0,0,4.000000000000043
25-09-2025,Karnataka,Chitradurga,577542,1,0,0,0.99999999999998
25-09-2025,Karnataka,Chitradurga,577555,1,0,0,0.99999999999998
25-09-2025,Karnataka,Dakshina Kannada,574201,1,0,0,0.99999999999998
25-09-2025,Karnataka,Dakshina Kannada,574203,1,0,0,0.99999999999998
25-09-2025,Karnataka,Dakshina Kannada,574218,1,0,0,0.99999999999998
25-09-2025,Karnataka,Dakshina Kannada,574229,7,1,0,8.00000000000008
25-09-2025,Karnataka,Dakshina Kannada,574237,1,0,0,0.99999999999998
25-09-2025,Karnataka,Dakshina Kannada,574243,1,1,0,1.999999999999955
25-09-2025,Karnataka,Dakshina Kannada,575001,2,0,0,2.000000000000001
25-09-2025,Karnataka,Dakshina Kannada,575015,14,0,0,14.00000000000025
25-09-2025,Karnataka,Dakshina Kannada,575025,1,0,0,0.99999999999998
25-09-2025,Karnataka,Davanagere,577516,1,0,0,0.99999999999998
25-09-2025,Karnataka,Davangere,577224,2,0,0,2.000000000000001
25-09-2025,Karnataka,Davangere,577544,1,0,0,0.99999999999998
25-09-2025,Karnataka,Davangere,577589,1,0,0,0.99999999999998
25-09-2025,Karnataka,Davangere,577601,2,0,0,2.000000000000001
25-09-2025,Karnataka,Dharwad,580029,1,0,0,0.99999999999998
25-09-2025,Karnataka,Dharwad,580112,2,0,0,2.000000000000001
25-09-2025,Karnataka,Dharwad,581113,2,0,0,2.000000000000001
25-09-2025,Karnataka,Dharwad,581201,1,0,0,0.99999999999998
25-09-2025,Karnataka,Dharwad,581207,1,0,0,0.99999999999998
25-09-2025,Karnataka,Dharwad,581212,1,0,0,0.99999999999998
25-09-2025,Karnataka,Gadag,582102,3,1,0,3.9999999999999964
25-09-2025,Karnataka,Gadag,582114,2,0,0,2.000000000000001
25-09-2025,Karnataka,Gadag *,582118,1,0,0,0.99999999999998
25-09-2025,Karnataka,Gulbarga,585101,4,0,0,4.000000000000043
25-09-2025,Karnataka,Gulbarga,585102,4,0,0,4.000000000000043
25-09-2025,Karnataka,Gulbarga,585105,1,0,0,0.99999999999998
25-09-2025,Karnataka,Gulbarga,585316,4,0,0,4.000000000000043
25-09-2025,Karnataka,Hasan,573115,1,0,0,0.99999999999998
25-09-2025,Karnataka,Hasan,573212,1,0,0,0.99999999999998
25-09-2025,Karnataka,Hassan,573165,1,0,0,0.99999999999998
25-09-2025,Karnataka,Hassan,573214,2,0,0,2.000000000000001
25-09-2025,Karnataka,Hassan,573216,2,0,0,2.000000000000001
25-09-2025,Karnataka,Haveri,581106,1,0,0,0.99999999999998
25-09-2025,Karnataka,Haveri,581109,2,0,0,2.000000000000001
25-09-2025,Karnataka,Haveri,581111,2,0,0,2.000000000000001
25-09-2025,Karnataka,Haveri,581119,1,0,0,0.99999999999998
25-09-2025,Karnataka,Haveri,581120,2,0,0,2.000000000000001
25-09-2025,Karnataka,Haveri,581205,6,0,0,6.000000000000084
25-09-2025,Karnataka,Kalaburagi,585222,3,0,0,3.0000000000000218
25-09-2025,Karnataka,Kalaburagi,585303,0,1,0,0.999999999999934
25-09-2025,Karnataka,Kalaburagi,585312,2,1,0,2.999999999999976
25-09-2025,Karnataka,Kalaburagi,585313,1,0,0,0.99999999999998
25-09-2025,Karnataka,Kalaburagi,585322,1,0,0,0.99999999999998
25-09-2025,Karnataka,Kodagu,571235,1,0,0,0.99999999999998
25-09-2025,Karnataka,Kodagu,571248,1,0,0,0.99999999999998
25-09-2025,Karnataka,Kolar,563118,2,0,0,2.000000000000001
25-09-2025,Karnataka,Kolar,563119,1,0,0,0.99999999999998
25-09-2025,Karnataka,Kolar,563128,1,0,0,0.99999999999998
25-09-2025,Karnataka,Koppal,583277,4,0,0,4.000000000000043
25-09-2025,Karnataka,Koppal,583281,1,0,0,0.99999999999998
25-09-2025,Karnataka,Mandya,571405,2,0,0,2.000000000000001
25-09-2025,Karnataka,Mandya,571429,1,0,0,0.99999999999998
25-09-2025,Karnataka,Mandya,571438,1,0,0,0.99999999999998
25-09-2025,Karnataka,Mandya,571812,0,1,0,0.999999999999934
25-09-2025,Karnataka,Mysore,570007,1,0,0,0.99999999999998
25-09-2025,Karnataka,Mysore,570008,1,0,0,0.99999999999998
25-09-2025,Karnataka,Mysore,571107,2,0,0,2.000000000000001
25-09-2025,Karnataka,Mysore,571301,1,0,0,0.99999999999998
25-09-2025,Karnataka,Mysore,571312,1,0,0,0.99999999999998
25-09-2025,Karnataka,Mysore,571314,1,0,0,0.99999999999998
25-09-2025,Karnataka,Mysore,571617,1,0,0,0.99999999999998
25-09-2025,Karnataka,Mysuru,570007,3,0,0,3.0000000000000218
25-09-2025,Karnataka,Mysuru,570008,1,0,1,1.9999999999999654
25-09-2025,Karnataka,Raichur,584101,5,1,0,6.000000000000038
25-09-2025,Karnataka,Raichur,584111,14,3,0,17.000000000000178
25-09-2025,Karnataka,Raichur,584116,2,1,0,2.999999999999976
25-09-2025,Karnataka,Raichur,584123,1,3,0,3.9999999999999045
25-09-2025,Karnataka,Raichur,584124,2,0,0,2.000000000000001
25-09-2025,Karnataka,Raichur,584125,2,0,0,2.000000000000001
25-09-2025,Karnataka,Raichur,584129,7,2,0,9.000000000000055
25-09-2025,Karnataka,Raichur,584134,3,0,0,3.0000000000000218
25-09-2025,Karnataka,Raichur,584170,3,0,0,3.0000000000000218
25-09-2025,Karnataka,Ramanagar,562117,2,0,0,2.000000000000001
25-09-2025,Karnataka,Ramanagar,562131,1,0,0,0.99999999999998
25-09-2025,Karnataka,Ramanagar,562159,4,2,0,5.999999999999993
25-09-2025,Karnataka,Shimoga,577205,3,0,0,3.0000000000000218
25-09-2025,Karnataka,Shimoga,577421,1,0,0,0.99999999999998
25-09-2025,Karnataka,Shivamogga,577220,1,0,0,0.99999999999998
25-09-2025,Karnataka,Shivamogga,577431,1,0,0,0.99999999999998
25-09-2025,Karnataka,Shivamogga,577436,1,0,0,0.99999999999998
25-09-2025,Karnataka,Tumakuru,572118,1,0,0,0.99999999999998
25-09-2025,Karnataka,Tumkur,572129,1,0,0,0.99999999999998
25-09-2025,Karnataka,Tumkur,572132,2,0,0,2.000000000000001
25-09-2025,Karnataka,Tumkur,572222,1,0,0,0.99999999999998
25-09-2025,Karnataka,Tumkur,572227,1,0,0,0.99999999999998
25-09-2025,Karnataka,Udupi,574105,1,0,0,0.99999999999998
25-09-2025,Karnataka,Udupi,576111,1,0,0,0.99999999999998
25-09-2025,Karnataka,Udupi,576210,1,0,0,0.99999999999998
25-09-2025,Karnataka,Uttara Kannada,581341,1,0,0,0.99999999999998
25-09-2025,Karnataka,Uttara Kannada,581401,1,0,0,0.99999999999998
25-09-2025,Karnataka,Uttara Kannada,581453,1,1,0,1.999999999999955
25-09-2025,Karnataka,Vijayanagara,583201,2,0,0,2.000000000000001
25-09-2025,Karnataka,Vijayanagara,583216,3,0,0,3.0000000000000218
25-09-2025,Karnataka,Vijayanagara,583224,1,0,0,0.99999999999998
25-09-2025,Karnataka,Vijayapura,586101,5,1,0,6.000000000000038
25-09-2025,Karnataka,Vijayapura,586114,3,0,0,3.0000000000000218
25-09-2025,Karnataka,Vijayapura,586117,3,0,0,3.0000000000000218
25-09-2025,Karnataka,Vijayapura,586119,1,0,0,0.99999999999998
25-09-2025,Karnataka,Vijayapura,586202,4,0,0,4.000000000000043
25-09-2025,Karnataka,Vijayapura,586204,2,0,0,2.000000000000001
25-09-2025,Karnataka,Vijayapura,586208,1,1,0,1.999999999999955
25-09-2025,Karnataka,Vijayapura,586209,1,0,0,0.99999999999998
25-09-2025,Karnataka,Yadgir,585201,2,0,0,2.000000000000001
25-09-2025,Karnataka,Yadgir,585216,5,2,0,7.000000000000013
25-09-2025,Karnataka,Yadgir,585237,0,1,0,0.999999999999934
25-09-2025,Karnataka,Yadgir,585321,2,0,0,2.000000000000001
25-09-2025,Karnataka,yadgir,585202,1,0,0,0.99999999999998
24-09-2025,Karnataka,Shivamogga,577214,1,0,0,0.99999999999998
24-09-2025,Karnataka,Shivamogga,577225,1,0,0,0.99999999999998
24-09-2025,Karnataka,Shivamogga,577301,2,0,0,2.000000000000001
24-09-2025,Karnataka,Shivamogga,577413,1,0,0,0.99999999999998
24-09-2025,Karnataka,Shivamogga,577425,1,0,0,0.99999999999998
24-09-2025,Karnataka,Shivamogga,577448,1,0,0,0.99999999999998
24-09-2025,Karnataka,Tumakuru,572104,1,0,1,1.9999999999999654
24-09-2025,Karnataka,Tumakuru,572113,1,0,0,0.99999999999998
24-09-2025,Karnataka,Tumakuru,572119,1,0,0,0.99999999999998
24-09-2025,Karnataka,Tumkur,572116,1,0,0,0.99999999999998
24-09-2025,Karnataka,Tumkur,572117,1,0,0,0.99999999999998
24-09-2025,Karnataka,Tumkur,572128,1,0,0,0.99999999999998
24-09-2025,Karnataka,Tumkur,572132,1,0,0,0.99999999999998
24-09-2025,Karnataka,Tumkur,572213,3,0,0,3.0000000000000218
24-09-2025,Karnataka,Tumkur,572222,1,0,0,0.99999999999998
24-09-2025,Karnataka,Udupi,576104,1,0,0,0.99999999999998
24-09-2025,Karnataka,Udupi,576212,1,0,0,0.99999999999998
24-09-2025,Karnataka,Udupi,576229,1,0,0,0.99999999999998
24-09-2025,Karnataka,Udupi,576230,1,0,0,0.99999999999998
24-09-2025,Karnataka,Uttara Kannada,581316,1,0,0,0.99999999999998
24-09-2025,Karnataka,Uttara Kannada,581318,1,0,0,0.99999999999998
24-09-2025,Karnataka,Uttara Kannada,581334,2,0,0,2.000000000000001
24-09-2025,Karnataka,Uttara Kannada,581348,1,0,0,0.99999999999998
24-09-2025,Karnataka,Uttara Kannada,581349,1,0,0,0.99999999999998
24-09-2025,Karnataka,Uttara Kannada,581355,1,0,0,0.99999999999998
24-09-2025,Karnataka,Uttara Kannada,581359,3,0,0,3.0000000000000218
24-09-2025,Karnataka,Uttara Kannada,581402,2,0,0,2.000000000000001
24-09-2025,Karnataka,Uttara Kannada,581403,1,0,0,0.99999999999998
24-09-2025,Karnataka,Uttara Kannada,581440,1,0,0,0.99999999999998
24-09-2025,Karnataka,Vijayanagara,583125,4,0,0,4.000000000000043
24-09-2025,Karnataka,Vijayapura,586108,2,0,0,2.000000000000001
24-09-2025,Karnataka,Vijayapura,586109,2,0,0,2.000000000000001
24-09-2025,Karnataka,Vijayapura,586112,1,0,0,0.99999999999998
24-09-2025,Karnataka,Vijayapura,586113,2,0,0,2.000000000000001
24-09-2025,Karnataka,Yadgir,585201,1,0,0,0.99999999999998
24-09-2025,Karnataka,Yadgir,585214,0,1,1,1.9999999999999196
24-09-2025,Karnataka,Yadgir,585215,1,3,0,3.9999999999999045
24-09-2025,Karnataka,Yadgir,585221,2,0,0,2.000000000000001
24-09-2025,Karnataka,Yadgir,585224,1,0,0,0.99999999999998
27-09-2025,Karnataka,Bagalkot,587301,1,0,0,0.99999999999998
27-09-2025,Karnataka,Bagalkot,587312,1,0,0,0.99999999999998
27-09-2025,Karnataka,Bagalkot,587313,1,0,0,0.99999999999998
27-09-2025,Karnataka,Bangalore,560036,1,0,0,0.99999999999998
27-09-2025,Karnataka,Bangalore,560105,1,0,0,0.99999999999998
27-09-2025,Karnataka,Belagavi,591304,1,0,0,0.99999999999998
27-09-2025,Karnataka,Belgaum,591126,1,0,0,0.99999999999998
27-09-2025,Karnataka,Bengaluru,560067,2,0,0,2.000000000000001
27-09-2025,Karnataka,Bengaluru,560073,2,0,0,2.000000000000001
27-09-2025,Karnataka,Bengaluru,560091,1,0,0,0.99999999999998
27-09-2025,Karnataka,Bengaluru,560109,1,0,0,0.99999999999998
27-09-2025,Karnataka,Bengaluru,562107,1,1,0,1.999999999999955
27-09-2025,Karnataka,Dakshina Kannada,575020,1,1,0,1.999999999999955
27-09-2025,Karnataka,Davanagere,577528,1,0,0,0.99999999999998
27-09-2025,Karnataka,Dharwad,580020,2,0,0,2.000000000000001
27-09-2025,Karnataka,Dharwad,581204,1,0,0,0.99999999999998
27-09-2025,Karnataka,Gadag,582118,1,0,0,0.99999999999998
27-09-2025,Karnataka,Hassan,573201,1,0,0,0.99999999999998
27-09-2025,Karnataka,Haveri,581145,1,0,0,0.99999999999998
27-09-2025,Karnataka,Haveri,581208,1,0,0,0.99999999999998
27-09-2025,Karnataka,Kalaburagi,585101,1,0,0,0.99999999999998
27-09-2025,Karnataka,Kalaburagi,585104,0,1,0,0.999999999999934
27-09-2025,Karnataka,Kolar,563136,1,0,0,0.99999999999998
27-09-2025,Karnataka,Koppal,583236,1,0,0,0.99999999999998
27-09-2025,Karnataka,Mysore,570016,1,0,0,0.99999999999998
27-09-2025,Karnataka,Mysuru,570026,1,0,0,0.99999999999998
27-09-2025,Karnataka,Mysuru,570031,1,0,0,0.99999999999998
27-09-2025,Karnataka,Raichur,584123,0,1,0,0.999999999999934
27-09-2025,Karnataka,Ramanagar,562109,1,0,0,0.99999999999998
27-09-2025,Karnataka,Ramanagar,562112,1,0,0,0.99999999999998
27-09-2025,Karnataka,Shivamogga,577421,1,0,0,0.99999999999998
27-09-2025,Karnataka,Uttara Kannada,581352,1,0,0,0.99999999999998
28-09-2025,Karnataka,Bangalore,560045,0,1,0,0.999999999999934
28-09-2025,Karnataka,Bangalore,560091,1,0,0,0.99999999999998
28-09-2025,Karnataka,Bangalore Rural,562122,2,1,0,2.999999999999976
28-09-2025,Karnataka,Bengaluru,560013,1,0,0,0.99999999999998
28-09-2025,Karnataka,Bengaluru,560068,1,0,0,0.99999999999998
28-09-2025,Karnataka,Bengaluru,560072,1,0,0,0.99999999999998
28-09-2025,Karnataka,Chikkaballapur,561208,1,0,0,0.99999999999998
28-09-2025,Karnataka,Dharwad,580007,2,0,0,2.000000000000001
28-09-2025,Karnataka,Dharwad,580020,1,0,0,0.99999999999998
28-09-2025,Karnataka,Gadag,582116,1,0,0,0.99999999999998
28-09-2025,Karnataka,Gulbarga,585310,0,1,0,0.999999999999934
28-09-2025,Karnataka,Gulbarga,585313,1,0,0,0.99999999999998
28-09-2025,Karnataka,Haveri,581203,1,0,0,0.99999999999998
28-09-2025,Karnataka,Koppal,583231,1,0,0,0.99999999999998
28-09-2025,Karnataka,Mandya,571445,1,0,0,0.99999999999998
28-09-2025,Karnataka,Raichur,584129,0,1,0,0.999999999999934
29-09-2025,Karnataka,Belagavi,591117,1,0,0,0.99999999999998
29-09-2025,Karnataka,Belgaum,591307,1,0,0,0.99999999999998
29-09-2025,Karnataka,Bellary,583128,1,0,0,0.99999999999998
29-09-2025,Karnataka,Bengaluru,560023,1,0,0,0.99999999999998
29-09-2025,Karnataka,Bengaluru,560070,1,1,0,1.999999999999955
29-09-2025,Karnataka,Bengaluru,560078,0,1,1,1.9999999999999196
29-09-2025,Karnataka,Bengaluru,562149,0,0,1,0.9999999999999446
29-09-2025,Karnataka,Bijapur,586122,0,1,0,0.999999999999934
29-09-2025,Karnataka,Bijapur,586205,1,0,0,0.99999999999998
29-09-2025,Karnataka,Bijapur,586216,2,0,0,2.000000000000001
29-09-2025,Karnataka,Chikkaballapur,562101,1,0,0,0.99999999999998
29-09-2025,Karnataka,Chikkaballapur,562104,1,0,0,0.99999999999998
29-09-2025,Karnataka,Chikkaballapur,563125,1,0,0,0.99999999999998
29-09-2025,Karnataka,Chikkaballapur,563146,0,1,0,0.999999999999934
29-09-2025,Karnataka,Chikkamagaluru,577144,1,0,0,0.99999999999998
29-09-2025,Karnataka,Chitradurga,577501,2,0,0,2.000000000000001
29-09-2025,Karnataka,Dakshina Kannada,574146,1,0,0,0.99999999999998
29-09-2025,Karnataka,Dakshina Kannada,574232,1,0,0,0.99999999999998
29-09-2025,Karnataka,Dakshina Kannada,575017,1,0,0,0.99999999999998
29-09-2025,Karnataka,Davangere,577001,1,0,0,0.99999999999998
29-09-2025,Karnataka,Dharwad,581204,1,0,0,0.99999999999998
29-09-2025,Karnataka,Gadag,582112,1,1,0,1.999999999999955
29-09-2025,Karnataka,Gadag,582118,1,0,0,0.99999999999998
29-09-2025,Karnataka,Gadag,582211,1,0,0,0.99999999999998
29-09-2025,Karnataka,Gulbarga,585101,1,0,0,0.99999999999998
29-09-2025,Karnataka,Hassan,573213,1,0,0,0.99999999999998
29-09-2025,Karnataka,Kolar,563136,1,0,0,0.99999999999998
29-09-2025,Karnataka,Koppal,583277,0,1,0,0.999999999999934
29-09-2025,Karnataka,Koppal,584130,1,0,0,0.99999999999998
29-09-2025,Karnataka,Mandya,571402,1,0,0,0.99999999999998
29-09-2025,Karnataka,Mandya,571415,1,0,0,0.99999999999998
29-09-2025,Karnataka,Mandya,571434,1,0,0,0.99999999999998
29-09-2025,Karnataka,Mandya,571802,1,0,0,0.99999999999998
29-09-2025,Karnataka,Mysore,571103,1,0,0,0.99999999999998
29-09-2025,Karnataka,Mysore,571314,1,0,0,0.99999999999998
29-09-2025,Karnataka,Mysuru,571610,1,0,0,0.99999999999998
29-09-2025,Karnataka,Raichur,584111,0,1,0,0.999999999999934
29-09-2025,Karnataka,Raichur,584129,1,1,0,1.999999999999955
29-09-2025,Karnataka,Ramanagar,562127,1,0,0,0.99999999999998
29-09-2025,Karnataka,Tumakuru,572111,1,0,0,0.99999999999998
29-09-2025,Karnataka,Tumakuru,572119,2,0,0,2.000000000000001
29-09-2025,Karnataka,Tumkur,572129,1,0,0,0.99999999999998
29-09-2025,Karnataka,Vijayapura,586113,1,0,0,0.99999999999998
29-09-2025,Karnataka,Vijayapura,586212,1,0,0,0.99999999999998
30-09-2025,Karnataka,Belagavi,590016,0,1,0,0.999999999999934
30-09-2025,Karnataka,Belgaum,591235,0,1,0,0.999999999999934
30-09-2025,Karnataka,Bengaluru,560043,0,1,0,0.999999999999934
30-09-2025,Karnataka,Bengaluru,560066,0,1,0,0.999999999999934
30-09-2025,Karnataka,Bengaluru,560085,0,0,1,0.9999999999999446
30-09-2025,Karnataka,Bijapur,586245,0,1,0,0.999999999999934
30-09-2025,Karnataka,Dakshina Kannada,574146,1,0,0,0.99999999999998
30-09-2025,Karnataka,Udupi,576225,0,1,0,0.999999999999934
26-09-2025,Karnataka,Bagalkot,587118,1,0,0,0.99999999999998
26-09-2025,Karnataka,Bagalkot,587154,0,1,0,0.999999999999934
26-09-2025,Karnataka,Bagalkot,587301,2,2,0,3.9999999999999507
26-09-2025,Karnataka,Ballari,583121,0,1,0,0.999999999999934
26-09-2025,Karnataka,Bangalore,560002,1,0,0,0.99999999999998
26-09-2025,Karnataka,Bangalore,560016,1,0,0,0.99999999999998
26-09-2025,Karnataka,Bangalore,560085,1,0,0,0.99999999999998
26-09-2025,Karnataka,Bangalore,562123,2,0,0,2.000000000000001
26-09-2025,Karnataka,Bangalore Rural,560087,1,0,0,0.99999999999998
26-09-2025,Karnataka,Bangalore Rural,561205,1,0,0,0.99999999999998
26-09-2025,Karnataka,Belagavi,590010,2,0,0,2.000000000000001
26-09-2025,Karnataka,Belagavi,591107,4,0,0,4.000000000000043
26-09-2025,Karnataka,Belagavi,591122,1,0,0,0.99999999999998
26-09-2025,Karnataka,Belagavi,591123,1,0,0,0.99999999999998
26-09-2025,Karnataka,Belagavi,591128,1,0,0,0.99999999999998
26-09-2025,Karnataka,Belagavi,591224,3,0,0,3.0000000000000218
26-09-2025,Karnataka,Belagavi,591227,3,0,0,3.0000000000000218
26-09-2025,Karnataka,Belagavi,591233,1,0,0,0.99999999999998
26-09-2025,Karnataka,Belagavi,591247,1,0,0,0.99999999999998
26-09-2025,Karnataka,Belgaum,591117,1,1,0,1.999999999999955
26-09-2025,Karnataka,Belgaum,591136,1,0,0,0.99999999999998
26-09-2025,Karnataka,Belgaum,591213,0,1,0,0.999999999999934
26-09-2025,Karnataka,Belgaum,591217,0,1,0,0.999999999999934
26-09-2025,Karnataka,Belgaum,591228,1,0,0,0.99999999999998
26-09-2025,Karnataka,Belgaum,591230,1,0,0,0.99999999999998
26-09-2025,Karnataka,Belgaum,591234,1,0,0,0.99999999999998
26-09-2025,Karnataka,Belgaum,591235,2,0,0,2.000000000000001
26-09-2025,Karnataka,Bengaluru,560004,1,0,0,0.99999999999998
26-09-2025,Karnataka,Bengaluru,560070,1,0,0,0.99999999999998
26-09-2025,Karnataka,Bengaluru,560072,1,0,0,0.99999999999998
26-09-2025,Karnataka,Bengaluru,560075,1,0,0,0.99999999999998
26-09-2025,Karnataka,Bengaluru,560094,1,2,0,2.99999999999993
26-09-2025,Karnataka,Bengaluru,562107,1,0,0,0.99999999999998
26-09-2025,Karnataka,Bengaluru,562125,0,3,0,2.9999999999998836
26-09-2025,Karnataka,Bijapur,586109,1,0,0,0.99999999999998
26-09-2025,Karnataka,Bijapur,586214,1,0,0,0.99999999999998
26-09-2025,Karnataka,Chamrajanagar,571128,1,1,0,1.999999999999955
26-09-2025,Karnataka,Chamrajanagar,571439,1,0,0,0.99999999999998
26-09-2025,Karnataka,Chamrajnagar,571440,2,0,0,2.000000000000001
26-09-2025,Karnataka,Chickmagalur,577129,1,0,0,0.99999999999998
26-09-2025,Karnataka,Chikkamagaluru,577175,1,0,0,0.99999999999998
26-09-2025,Karnataka,Chikkamagaluru,577228,1,1,0,1.999999999999955
26-09-2025,Karnataka,Chitradurga,577520,2,1,0,2.999999999999976
26-09-2025,Karnataka,Chitradurga,577535,3,0,0,3.0000000000000218
26-09-2025,Karnataka,Dakshina Kannada,574142,1,0,0,0.99999999999998
26-09-2025,Karnataka,Dakshina Kannada,574144,1,0,0,0.99999999999998
26-09-2025,Karnataka,Dakshina Kannada,574202,2,0,0,2.000000000000001
26-09-2025,Karnataka,Dakshina Kannada,574203,1,0,0,0.99999999999998
26-09-2025,Karnataka,Dakshina Kannada,574241,2,0,0,2.000000000000001
26-09-2025,Karnataka,Dakshina Kannada,575002,1,0,0,0.99999999999998
26-09-2025,Karnataka,Dakshina Kannada,575008,1,0,0,0.99999999999998
26-09-2025,Karnataka,Dakshina Kannada,575022,1,0,0,0.99999999999998
26-09-2025,Karnataka,Dakshina Kannada,575023,1,0,0,0.99999999999998
26-09-2025,Karnataka,Davanagere,577534,1,0,0,0.99999999999998
26-09-2025,Karnataka,Davangere,577544,1,0,0,0.99999999999998
26-09-2025,Karnataka,Davangere,577552,1,0,0,0.99999999999998
26-09-2025,Karnataka,Davangere,577566,1,0,0,0.99999999999998
26-09-2025,Karnataka,Dharwad,580011,1,0,0,0.99999999999998
26-09-2025,Karnataka,Dharwad,580032,1,0,0,0.99999999999998
26-09-2025,Karnataka,Dharwad,581105,2,0,0,2.000000000000001
26-09-2025,Karnataka,Dharwad,582201,3,1,0,3.9999999999999964
26-09-2025,Karnataka,Gadag,582101,0,1,0,0.999999999999934
26-09-2025,Karnataka,Gadag,582102,1,0,0,0.99999999999998
26-09-2025,Karnataka,Gadag,582207,1,0,0,0.99999999999998
26-09-2025,Karnataka,Gulbarga,585104,2,0,0,2.000000000000001
26-09-2025,Karnataka,Hasan,573124,1,0,0,0.99999999999998
26-09-2025,Karnataka,Hassan,573101,0,1,0,0.999999999999934
26-09-2025,Karnataka,Hassan,573201,2,0,0,2.000000000000001
26-09-2025,Karnataka,Haveri,581118,1,1,0,1.999999999999955
26-09-2025,Karnataka,Haveri,581205,2,0,0,2.000000000000001
26-09-2025,Karnataka,Kalaburagi,585211,1,0,0,0.99999999999998
26-09-2025,Karnataka,Kodagu,571247,1,0,0,0.99999999999998
26-09-2025,Karnataka,Kolar,563136,1,2,0,2.99999999999993
26-09-2025,Karnataka,Kolar,563139,1,0,0,0.99999999999998
26-09-2025,Karnataka,Kolar,563162,2,0,0,2.000000000000001
26-09-2025,Karnataka,Koppal,583226,2,1,0,2.999999999999976
26-09-2025,Karnataka,Koppal,583227,1,0,0,0.99999999999998
26-09-2025,Karnataka,Mandya,571403,2,0,0,2.000000000000001
26-09-2025,Karnataka,Mandya,571418,1,0,0,0.99999999999998
26-09-2025,Karnataka,Mandya,571438,1,0,0,0.99999999999998
26-09-2025,Karnataka,Mandya,571812,1,0,0,0.99999999999998
26-09-2025,Karnataka,Mysuru,570007,3,0,0,3.0000000000000218
26-09-2025,Karnataka,Mysuru,570011,1,0,0,0.99999999999998
26-09-2025,Karnataka,Mysuru,570029,1,0,0,0.99999999999998
26-09-2025,Karnataka,Mysuru,571105,1,0,0,0.99999999999998
26-09-2025,Karnataka,Mysuru,571302,1,0,0,0.99999999999998
26-09-2025,Karnataka,Raichur,584138,0,1,0,0.999999999999934
26-09-2025,Karnataka,Ramanagar,562120,1,0,0,0.99999999999998
26-09-2025,Karnataka,Ramanagar,562121,1,0,0,0.99999999999998
26-09-2025,Karnataka,Ramanagar,562160,3,4,0,6.999999999999922
26-09-2025,Karnataka,Shimoga,577216,1,0,0,0.99999999999998
26-09-2025,Karnataka,Shimoga,577301,1,0,0,0.99999999999998
26-09-2025,Karnataka,Shimoga,577427,1,0,0,0.99999999999998
26-09-2025,Karnataka,Shivamogga,577222,2,0,0,2.000000000000001
26-09-2025,Karnataka,Shivamogga,577431,0,1,0,0.999999999999934
26-09-2025,Karnataka,Tumakuru,572101,1,0,0,0.99999999999998
26-09-2025,Karnataka,Tumakuru,572201,2,0,0,2.000000000000001
26-09-2025,Karnataka,Tumkur,572103,1,0,0,0.99999999999998
26-09-2025,Karnataka,Tumkur,572225,1,0,0,0.99999999999998
26-09-2025,Karnataka,Udupi,574104,2,0,0,2.000000000000001
26-09-2025,Karnataka,Udupi,574105,9,0,0,9.000000000000147
26-09-2025,Karnataka,Udupi,576214,2,0,0,2.000000000000001
26-09-2025,Karnataka,Udupi,576219,2,0,0,2.000000000000001
26-09-2025,Karnataka,Udupi,576226,1,0,0,0.99999999999998
26-09-2025,Karnataka,Udupi,576229,1,0,0,0.99999999999998
26-09-2025,Karnataka,Uttara Kannada,581314,2,0,0,2.000000000000001
26-09-2025,Karnataka,Uttara Kannada,581323,1,0,0,0.99999999999998
26-09-2025,Karnataka,Uttara Kannada,581400,1,0,0,0.99999999999998
26-09-2025,Karnataka,Vijayapura,586111,1,0,0,0.99999999999998
26-09-2025,Karnataka,Vijayapura,586211,2,0,0,2.000000000000001
26-09-2025,Karnataka,Vijayapura,586213,1,0,0,0.99999999999998
26-09-2025,Karnataka,Vijayapura,586214,2,0,0,2.000000000000001
26-09-2025,Karnataka,Yadgir,585287,1,0,0,0.99999999999998
26-10-2025,Karnataka,Bagalkot,587118,2,0,0,2.000000000000001
26-10-2025,Karnataka,Bagalkot,587311,4,0,0,4.000000000000043
26-10-2025,Karnataka,Bagalkot *,587102,1,0,0,0.99999999999998
26-10-2025,Karnataka,Ballari,583101,3,1,0,3.9999999999999964
26-10-2025,Karnataka,Ballari,583115,2,0,0,2.000000000000001
26-10-2025,Karnataka,Ballari,583121,1,0,0,0.99999999999998
26-10-2025,Karnataka,Ballari,583122,1,0,0,0.99999999999998
26-10-2025,Karnataka,Bangalore,560002,2,1,0,2.999999999999976
26-10-2025,Karnataka,Bangalore,560008,0,2,0,1.999999999999909
26-10-2025,Karnataka,Bangalore,560023,1,0,0,0.99999999999998
26-10-2025,Karnataka,Bangalore,560043,1,1,0,1.999999999999955
26-10-2025,Karnataka,Bangalore,560045,3,4,1,7.999999999999908
26-10-2025,Karnataka,Bangalore,560068,1,1,0,1.999999999999955
26-10-2025,Karnataka,Bangalore,562106,2,0,0,2.000000000000001
26-10-2025,Karnataka,Bangalore Rural,562135,0,1,0,0.999999999999934
26-10-2025,Karnataka,Belagavi,590005,1,0,0,0.99999999999998
26-10-2025,Karnataka,Belagavi,590008,1,0,0,0.99999999999998
26-10-2025,Karnataka,Belagavi,591106,1,0,0,0.99999999999998
26-10-2025,Karnataka,Belagavi,591113,0,1,0,0.999999999999934
26-10-2025,Karnataka,Belagavi,591235,1,1,0,1.999999999999955
26-10-2025,Karnataka,Belgaum,590018,1,0,0,0.99999999999998
26-10-2025,Karnataka,Belgaum,591113,1,0,0,0.99999999999998
26-10-2025,Karnataka,Belgaum,591115,2,0,0,2.000000000000001
26-10-2025,Karnataka,Belgaum,591117,1,0,0,0.99999999999998
26-10-2025,Karnataka,Belgaum,591119,1,0,0,0.99999999999998
26-10-2025,Karnataka,Belgaum,591121,1,0,0,0.99999999999998
26-10-2025,Karnataka,Belgaum,591217,1,0,0,0.99999999999998
26-10-2025,Karnataka,Belgaum,591220,2,1,0,2.999999999999976
26-10-2025,Karnataka,Belgaum,591221,1,0,0,0.99999999999998
26-10-2025,Karnataka,Belgaum,591222,1,0,0,0.99999999999998
26-10-2025,Karnataka,Belgaum,591224,1,0,0,0.99999999999998
26-10-2025,Karnataka,Belgaum,591231,1,0,0,0.99999999999998
26-10-2025,Karnataka,Belgaum,591235,0,2,0,1.999999999999909
26-10-2025,Karnataka,Belgaum,591303,2,0,0,2.000000000000001
26-10-2025,Karnataka,Belgaum,591304,3,0,0,3.0000000000000218
26-10-2025,Karnataka,Belgaum,591312,1,1,0,1.999999999999955
26-10-2025,Karnataka,Belgaum,591317,3,0,0,3.0000000000000218
26-10-2025,Karnataka,Bellary,583101,1,1,0,1.999999999999955
26-10-2025,Karnataka,Bellary,583103,1,0,0,0.99999999999998
26-10-2025,Karnataka,Bellary,583220,1,0,0,0.99999999999998
26-10-2025,Karnataka,Bengaluru,560004,1,1,0,1.999999999999955
26-10-2025,Karnataka,Bengaluru,560017,1,0,0,0.99999999999998
26-10-2025,Karnataka,Bengaluru,560018,2,0,0,2.000000000000001
26-10-2025,Karnataka,Bengaluru,560023,2,0,0,2.000000000000001
26-10-2025,Karnataka,Bengaluru,560026,2,1,0,2.999999999999976
26-10-2025,Karnataka,Bengaluru,560027,0,1,0,0.999999999999934
26-10-2025,Karnataka,Bengaluru,560036,3,0,0,3.0000000000000218
26-10-2025,Karnataka,Bengaluru,560048,1,1,1,2.9999999999999405
26-10-2025,Karnataka,Bengaluru,560062,3,1,0,3.9999999999999964
26-10-2025,Karnataka,Bengaluru,560067,4,4,1,8.999999999999927
26-10-2025,Karnataka,Bengaluru,560091,7,1,0,8.00000000000008
26-10-2025,Karnataka,Bengaluru,560105,2,1,0,2.999999999999976
26-10-2025,Karnataka,Bengaluru,562123,1,1,0,1.999999999999955
26-10-2025,Karnataka,Bidar,585327,7,0,0,7.000000000000105
26-10-2025,Karnataka,Bidar,585330,1,1,0,1.999999999999955
26-10-2025,Karnataka,Bidar,585437,1,0,0,0.99999999999998
26-10-2025,Karnataka,Bijapur,586101,3,2,0,4.999999999999972
26-10-2025,Karnataka,Bijapur,586123,1,3,0,3.9999999999999045
26-10-2025,Karnataka,Bijapur,586125,0,1,0,0.999999999999934
26-10-2025,Karnataka,Bijapur,586130,1,0,0,0.99999999999998
26-10-2025,Karnataka,Bijapur,586202,1,0,0,0.99999999999998
26-10-2025,Karnataka,Bijapur,586205,1,0,0,0.99999999999998
26-10-2025,Karnataka,Bijapur,586211,1,0,0,0.99999999999998
26-10-2025,Karnataka,Chickmagalur,577146,0,1,0,0.999999999999934
26-10-2025,Karnataka,Chickmagalur,577549,1,0,0,0.99999999999998
26-10-2025,Karnataka,Chikkaballapur,561210,1,0,0,0.99999999999998
26-10-2025,Karnataka,Chikkaballapur,562105,3,0,0,3.0000000000000218
26-10-2025,Karnataka,Chikkaballapur,563123,1,0,0,0.99999999999998
26-10-2025,Karnataka,Chikkamagaluru,577145,1,0,0,0.99999999999998
26-10-2025,Karnataka,Chikkamagaluru,577550,1,0,0,0.99999999999998
26-10-2025,Karnataka,Chikmagalur,577101,1,0,0,0.99999999999998
26-10-2025,Karnataka,Chitradurga,577531,1,0,0,0.99999999999998
26-10-2025,Karnataka,Chitradurga,577535,1,1,0,1.999999999999955
26-10-2025,Karnataka,Chitradurga,577537,2,0,0,2.000000000000001
26-10-2025,Karnataka,Chitradurga,577557,2,0,0,2.000000000000001
26-10-2025,Karnataka,Dakshina Kannada,574142,1,0,0,0.99999999999998
26-10-2025,Karnataka,Dakshina Kannada,574143,4,1,0,5.000000000000018
26-10-2025,Karnataka,Dakshina Kannada,574214,1,0,0,0.99999999999998
26-10-2025,Karnataka,Dakshina Kannada,574225,2,0,0,2.000000000000001
26-10-2025,Karnataka,Dakshina Kannada,574227,1,0,0,0.99999999999998
26-10-2025,Karnataka,Dakshina Kannada,574241,3,0,0,3.0000000000000218
26-10-2025,Karnataka,Dakshina Kannada,574242,1,0,0,0.99999999999998
26-10-2025,Karnataka,Dakshina Kannada,575001,2,2,0,3.9999999999999507
26-10-2025,Karnataka,Dakshina Kannada,575014,4,0,0,4.000000000000043
26-10-2025,Karnataka,Dakshina Kannada,575019,1,0,0,0.99999999999998
26-10-2025,Karnataka,Dakshina Kannada,575027,1,0,0,0.99999999999998
26-10-2025,Karnataka,Davanagere,577516,1,0,0,0.99999999999998
26-10-2025,Karnataka,Davangere,577005,1,0,0,0.99999999999998
26-10-2025,Karnataka,Davangere,577516,1,0,0,0.99999999999998
26-10-2025,Karnataka,Davangere,577525,1,0,0,0.99999999999998
26-10-2025,Karnataka,Dharwad,580001,1,0,0,0.99999999999998
26-10-2025,Karnataka,Dharwad,580003,1,0,0,0.99999999999998
26-10-2025,Karnataka,Dharwad,580020,2,0,0,2.000000000000001
26-10-2025,Karnataka,Dharwad,580024,3,2,0,4.999999999999972
26-10-2025,Karnataka,Dharwad,580025,1,0,0,0.99999999999998
26-10-2025,Karnataka,Dharwad,582201,2,0,0,2.000000000000001
26-10-2025,Karnataka,Gadag,582114,4,0,0,4.000000000000043
26-10-2025,Karnataka,Gadag,582116,1,0,0,0.99999999999998
26-10-2025,Karnataka,Gulbarga,585101,1,1,0,1.999999999999955
26-10-2025,Karnataka,Gulbarga,585212,1,0,0,0.99999999999998
26-10-2025,Karnataka,Gulbarga,585228,4,0,0,4.000000000000043
26-10-2025,Karnataka,Gulbarga,585309,1,0,0,0.99999999999998
26-10-2025,Karnataka,Hasan,573102,1,0,0,0.99999999999998
26-10-2025,Karnataka,Hasan,573103,1,0,0,0.99999999999998
26-10-2025,Karnataka,Hasan,573214,1,0,0,0.99999999999998
26-10-2025,Karnataka,Hasan,573220,1,0,0,0.99999999999998
26-10-2025,Karnataka,Hassan,573131,1,0,0,0.99999999999998
26-10-2025,Karnataka,Hassan,573136,1,0,0,0.99999999999998
26-10-2025,Karnataka,Haveri,581110,2,0,0,2.000000000000001
26-10-2025,Karnataka,Haveri,581119,1,0,0,0.99999999999998
26-10-2025,Karnataka,Haveri,581193,3,0,0,3.0000000000000218
26-10-2025,Karnataka,Kalaburagi,585318,4,0,0,4.000000000000043
26-10-2025,Karnataka,Kalaburagi,585322,2,0,0,2.000000000000001
26-10-2025,Karnataka,Kodagu,571201,1,0,0,0.99999999999998
26-10-2025,Karnataka,Kodagu,571214,2,0,0,2.000000000000001
26-10-2025,Karnataka,Kodagu,571236,1,0,0,0.99999999999998
26-10-2025,Karnataka,Kodagu,571254,1,0,0,0.99999999999998
26-10-2025,Karnataka,Kolar,561210,1,0,0,0.99999999999998
26-10-2025,Karnataka,Kolar,563120,1,0,0,0.99999999999998
26-10-2025,Karnataka,Kolar,563131,2,0,0,2.000000000000001
26-10-2025,Karnataka,Kolar,563132,1,0,0,0.99999999999998
26-10-2025,Karnataka,Kolar,563136,0,3,0,2.9999999999998836
26-10-2025,Karnataka,Koppal,583234,3,0,0,3.0000000000000218
26-10-2025,Karnataka,Koppal,583238,3,0,0,3.0000000000000218
26-10-2025,Karnataka,Mandya,571419,1,0,0,0.99999999999998
26-10-2025,Karnataka,Mandya,571430,1,0,0,0.99999999999998
26-10-2025,Karnataka,Mandya,571446,1,0,0,0.99999999999998
26-10-2025,Karnataka,Mandya,571802,1,0,0,0.99999999999998
26-10-2025,Karnataka,Mysore,570012,2,0,0,2.000000000000001
26-10-2025,Karnataka,Mysore,570023,1,0,0,0.99999999999998
26-10-2025,Karnataka,Mysore,571118,1,0,0,0.99999999999998
26-10-2025,Karnataka,Mysore,571121,1,0,0,0.99999999999998
26-10-2025,Karnataka,Mysuru,570001,1,0,0,0.99999999999998
26-10-2025,Karnataka,Mysuru,570004,2,0,0,2.000000000000001
26-10-2025,Karnataka,Mysuru,570018,1,0,0,0.99999999999998
26-10-2025,Karnataka,Mysuru,570023,1,0,0,0.99999999999998
26-10-2025,Karnataka,Mysuru,570026,4,0,0,4.000000000000043
26-10-2025,Karnataka,Mysuru,571103,1,0,0,0.99999999999998
26-10-2025,Karnataka,Mysuru,571110,1,0,0,0.99999999999998
26-10-2025,Karnataka,Mysuru,571119,0,1,0,0.999999999999934
26-10-2025,Karnataka,Raichur,584102,2,0,0,2.000000000000001
26-10-2025,Karnataka,Raichur,584103,1,0,0,0.99999999999998
26-10-2025,Karnataka,Raichur,584129,1,1,0,1.999999999999955
26-10-2025,Karnataka,Raichur,584133,1,0,0,0.99999999999998
26-10-2025,Karnataka,Raichur,584138,1,0,0,0.99999999999998
26-10-2025,Karnataka,Raichur,584143,1,0,0,0.99999999999998
26-10-2025,Karnataka,Ramanagar,562131,2,0,0,2.000000000000001
26-10-2025,Karnataka,Shimoga,577214,1,0,0,0.99999999999998
26-10-2025,Karnataka,Shimoga,577225,1,0,0,0.99999999999998
26-10-2025,Karnataka,Tumakuru,572101,1,0,0,0.99999999999998
26-10-2025,Karnataka,Tumakuru,572111,1,0,0,0.99999999999998
26-10-2025,Karnataka,Tumakuru,572118,1,0,0,0.99999999999998
26-10-2025,Karnataka,Tumakuru,572121,1,0,0,0.99999999999998
26-10-2025,Karnataka,Tumakuru,572221,2,0,0,2.000000000000001
26-10-2025,Karnataka,Tumkur,572113,1,0,0,0.99999999999998
26-10-2025,Karnataka,Tumkur,572121,1,0,0,0.99999999999998
26-10-2025,Karnataka,Tumkur,572201,1,0,0,0.99999999999998
26-10-2025,Karnataka,Tumkur,572216,3,0,0,3.0000000000000218
26-10-2025,Karnataka,Udupi,574106,1,0,0,0.99999999999998
26-10-2025,Karnataka,Udupi,576228,1,0,0,0.99999999999998
26-10-2025,Karnataka,Udupi,576229,1,0,0,0.99999999999998
26-10-2025,Karnataka,Uttara Kannada,581341,1,0,0,0.99999999999998
26-10-2025,Karnataka,Uttara Kannada,581352,2,0,0,2.000000000000001
26-10-2025,Karnataka,Uttara Kannada,581355,2,0,0,2.000000000000001
26-10-2025,Karnataka,Uttara Kannada,581359,2,0,0,2.000000000000001
26-10-2025,Karnataka,Uttara Kannada,581384,1,0,0,0.99999999999998
26-10-2025,Karnataka,Vijayanagara,583126,2,0,0,2.000000000000001
26-10-2025,Karnataka,Vijayanagara,583130,1,0,0,0.99999999999998
26-10-2025,Karnataka,Vijayanagara,583212,1,0,0,0.99999999999998
26-10-2025,Karnataka,Vijayapura,586125,3,0,0,3.0000000000000218
26-10-2025,Karnataka,Vijayapura,586205,1,0,0,0.99999999999998
26-10-2025,Karnataka,Yadgir,585201,1,0,0,0.99999999999998
26-10-2025,Karnataka,Yadgir,585319,1,0,0,0.99999999999998
26-10-2025,Karnataka,yadgir,585202,0,1,0,0.999999999999934
13-10-2025,Karnataka,Bagalkot,587112,2,0,0,2.000000000000001
13-10-2025,Karnataka,Bagalkot,587118,1,0,0,0.99999999999998
13-10-2025,Karnataka,Bagalkot,587119,3,0,0,3.0000000000000218
13-10-2025,Karnataka,Bagalkot,587125,5,1,0,6.000000000000038
13-10-2025,Karnataka,Bagalkot,587206,1,0,0,0.99999999999998
13-10-2025,Karnataka,Bagalkot,587314,3,0,0,3.0000000000000218
13-10-2025,Karnataka,Ballari,583103,3,0,1,4.000000000000007
13-10-2025,Karnataka,Ballari,583117,3,0,0,3.0000000000000218
13-10-2025,Karnataka,Ballari,583217,1,0,0,0.99999999999998
13-10-2025,Karnataka,Ballari,583223,1,0,0,0.99999999999998
13-10-2025,Karnataka,Bangalore,560003,2,0,0,2.000000000000001
13-10-2025,Karnataka,Bangalore,560009,0,1,0,0.999999999999934
13-10-2025,Karnataka,Bangalore,560023,3,0,0,3.0000000000000218
13-10-2025,Karnataka,Bangalore,560024,0,1,0,0.999999999999934
13-10-2025,Karnataka,Bangalore,560026,4,0,0,4.000000000000043
13-10-2025,Karnataka,Bangalore,560043,1,1,0,1.999999999999955
13-10-2025,Karnataka,Bangalore,560050,4,0,0,4.000000000000043
13-10-2025,Karnataka,Bangalore,560051,0,1,0,0.999999999999934
13-10-2025,Karnataka,Bangalore,560058,2,0,0,2.000000000000001
13-10-2025,Karnataka,Bangalore,560069,1,0,0,0.99999999999998
13-10-2025,Karnataka,Bangalore,560072,1,2,0,2.99999999999993
13-10-2025,Karnataka,Bangalore,560075,2,0,0,2.000000000000001
13-10-2025,Karnataka,Bangalore,560087,2,0,0,2.000000000000001
13-10-2025,Karnataka,Bangalore,560089,2,0,0,2.000000000000001
13-10-2025,Karnataka,Bangalore,560094,1,1,0,1.999999999999955
13-10-2025,Karnataka,Bangalore,560097,3,0,0,3.0000000000000218
13-10-2025,Karnataka,Bangalore,562106,2,1,0,2.999999999999976
13-10-2025,Karnataka,Bangalore,562123,1,0,0,0.99999999999998
13-10-2025,Karnataka,Bangalore,562149,2,0,0,2.000000000000001
13-10-2025,Karnataka,Bangalore,562157,1,1,0,1.999999999999955
13-10-2025,Karnataka,Bangalore Rural,562129,3,0,0,3.0000000000000218
13-10-2025,Karnataka,Belagavi,590001,3,1,2,5.999999999999967
13-10-2025,Karnataka,Belagavi,590005,4,1,0,5.000000000000018
13-10-2025,Karnataka,Belagavi,590006,3,0,0,3.0000000000000218
13-10-2025,Karnataka,Belagavi,590016,8,2,0,10.000000000000076
13-10-2025,Karnataka,Belagavi,591114,2,0,0,2.000000000000001
13-10-2025,Karnataka,Belagavi,591126,5,0,0,5.000000000000064
13-10-2025,Karnataka,Belagavi,591130,1,0,0,0.99999999999998
13-10-2025,Karnataka,Belagavi,591153,1,0,0,0.99999999999998
13-10-2025,Karnataka,Belagavi,591214,1,0,0,0.99999999999998
13-10-2025,Karnataka,Belagavi,591226,2,0,0,2.000000000000001
13-10-2025,Karnataka,Belagavi,591232,2,0,0,2.000000000000001
13-10-2025,Karnataka,Belagavi,591233,1,0,0,0.99999999999998
13-10-2025,Karnataka,Belagavi,591304,7,0,2,9.000000000000076
13-10-2025,Karnataka,Belagavi,591309,2,0,0,2.000000000000001
13-10-2025,Karnataka,Belgaum,590010,1,0,0,0.99999999999998
13-10-2025,Karnataka,Belgaum,590016,3,0,0,3.0000000000000218
13-10-2025,Karnataka,Belgaum,591101,2,0,0,2.000000000000001
13-10-2025,Karnataka,Belgaum,591114,2,0,0,2.000000000000001
13-10-2025,Karnataka,Belgaum,591115,3,0,0,3.0000000000000218
13-10-2025,Karnataka,Belgaum,591130,2,1,0,2.999999999999976
13-10-2025,Karnataka,Belgaum,591219,1,0,0,0.99999999999998
13-10-2025,Karnataka,Belgaum,591229,1,0,0,0.99999999999998
13-10-2025,Karnataka,Belgaum,591233,2,1,0,2.999999999999976
13-10-2025,Karnataka,Belgaum,591247,1,0,0,0.99999999999998
13-10-2025,Karnataka,Belgaum,591316,1,0,0,0.99999999999998
13-10-2025,Karnataka,Belgaum,591317,3,2,0,4.999999999999972
13-10-2025,Karnataka,Bellary,583115,4,0,0,4.000000000000043
13-10-2025,Karnataka,Bellary,583201,6,0,0,6.000000000000084
13-10-2025,Karnataka,Bellary,583212,0,1,0,0.999999999999934
13-10-2025,Karnataka,Bellary,583223,1,0,0,0.99999999999998
13-10-2025,Karnataka,Bellary,583224,3,0,0,3.0000000000000218
13-10-2025,Karnataka,Bengaluru,560011,1,0,0,0.99999999999998
13-10-2025,Karnataka,Bengaluru,560016,4,3,4,10.99999999999991
13-10-2025,Karnataka,Bengaluru,560022,1,2,0,2.99999999999993
13-10-2025,Karnataka,Bengaluru,560023,3,0,1,4.000000000000007
13-10-2025,Karnataka,Bengaluru,560026,11,2,0,13.000000000000139
13-10-2025,Karnataka,Bengaluru,560030,3,0,0,3.0000000000000218
13-10-2025,Karnataka,Bengaluru,560034,2,0,0,2.000000000000001
13-10-2025,Karnataka,Bengaluru,560036,6,2,3,10.99999999999999
13-10-2025,Karnataka,Bengaluru,560047,6,2,0,8.000000000000034
13-10-2025,Karnataka,Bengaluru,560062,5,2,2,8.999999999999984
13-10-2025,Karnataka,Bengaluru,560064,8,2,3,13.000000000000032
13-10-2025,Karnataka,Bengaluru,560066,3,2,4,8.999999999999913
13-10-2025,Karnataka,Bengaluru,560070,2,0,0,2.000000000000001
13-10-2025,Karnataka,Bengaluru,560072,4,2,0,5.999999999999993
13-10-2025,Karnataka,Bengaluru,560076,6,4,3,12.99999999999994
13-10-2025,Karnataka,Bengaluru,560077,7,7,3,16.999999999999886
13-10-2025,Karnataka,Bengaluru,560078,6,2,0,8.000000000000034
13-10-2025,Karnataka,Bengaluru,560082,0,1,0,0.999999999999934
13-10-2025,Karnataka,Bengaluru,560085,3,3,0,5.999999999999947
13-10-2025,Karnataka,Bengaluru,560091,6,3,1,9.999999999999995
13-10-2025,Karnataka,Bengaluru,560098,5,1,0,6.000000000000038
13-10-2025,Karnataka,Bengaluru,560104,1,0,0,0.99999999999998
13-10-2025,Karnataka,Bidar,585226,2,1,0,2.999999999999976
13-10-2025,Karnataka,Bidar,585329,1,0,0,0.99999999999998
13-10-2025,Karnataka,Bidar,585353,1,1,0,1.999999999999955
13-10-2025,Karnataka,Bidar,585414,2,0,0,2.000000000000001
13-10-2025,Karnataka,Bidar,585417,1,0,0,0.99999999999998
13-10-2025,Karnataka,Bijapur,586101,11,2,0,13.000000000000139
13-10-2025,Karnataka,Bijapur,586111,2,1,0,2.999999999999976
13-10-2025,Karnataka,Bijapur,586113,2,0,0,2.000000000000001
13-10-2025,Karnataka,Bijapur,586115,2,0,0,2.000000000000001
13-10-2025,Karnataka,Bijapur,586118,2,1,0,2.999999999999976
13-10-2025,Karnataka,Bijapur,586127,1,0,0,0.99999999999998
13-10-2025,Karnataka,Bijapur,586129,1,0,0,0.99999999999998
13-10-2025,Karnataka,Bijapur,586210,2,0,0,2.000000000000001
13-10-2025,Karnataka,Bijapur,586211,3,1,0,3.9999999999999964
13-10-2025,Karnataka,Chamrajanagar,571313,2,1,0,2.999999999999976
13-10-2025,Karnataka,Chamrajanagar,571439,2,0,0,2.000000000000001
13-10-2025,Karnataka,Chamrajanagar,571443,1,0,0,0.99999999999998
13-10-2025,Karnataka,Chamrajanagar,571457,2,0,0,2.000000000000001
13-10-2025,Karnataka,Chamrajnagar,571109,1,0,0,0.99999999999998
13-10-2025,Karnataka,Chamrajnagar,571111,2,0,0,2.000000000000001
13-10-2025,Karnataka,Chamrajnagar,571441,0,1,0,0.999999999999934
13-10-2025,Karnataka,Chickmagalur,577140,1,0,0,0.99999999999998
13-10-2025,Karnataka,Chickmagalur,577180,0,1,0,0.999999999999934
13-10-2025,Karnataka,Chikkaballapur,561207,6,0,0,6.000000000000084
13-10-2025,Karnataka,Chikkaballapur,563146,2,0,0,2.000000000000001
13-10-2025,Karnataka,Chikkamagaluru,577102,1,0,0,0.99999999999998
13-10-2025,Karnataka,Chikkamagaluru,577124,2,0,0,2.000000000000001
13-10-2025,Karnataka,Chikkamagaluru,577138,2,0,0,2.000000000000001
13-10-2025,Karnataka,Chikkamagaluru,577179,1,0,0,0.99999999999998
13-10-2025,Karnataka,Chikkamagaluru,577182,1,0,0,0.99999999999998
13-10-2025,Karnataka,Chitradurga,577521,1,0,0,0.99999999999998
13-10-2025,Karnataka,Chitradurga,577535,10,2,0,12.000000000000117
13-10-2025,Karnataka,Chitradurga,577537,1,2,0,2.99999999999993
13-10-2025,Karnataka,Chitradurga,577541,3,0,0,3.0000000000000218
13-10-2025,Karnataka,Chitradurga,577543,4,0,0,4.000000000000043
13-10-2025,Karnataka,Chitradurga,577558,2,0,0,2.000000000000001
13-10-2025,Karnataka,Dakshina Kannada,574141,1,0,0,0.99999999999998
13-10-2025,Karnataka,Dakshina Kannada,574143,5,0,0,5.000000000000064
13-10-2025,Karnataka,Dakshina Kannada,574154,1,0,0,0.99999999999998
13-10-2025,Karnataka,Dakshina Kannada,574212,1,0,0,0.99999999999998
13-10-2025,Karnataka,Dakshina Kannada,574218,1,0,0,0.99999999999998
13-10-2025,Karnataka,Dakshina Kannada,574231,10,1,0,11.000000000000142
13-10-2025,Karnataka,Dakshina Kannada,574314,1,0,0,0.99999999999998
13-10-2025,Karnataka,Dakshina Kannada,575004,3,0,0,3.0000000000000218
13-10-2025,Karnataka,Dakshina Kannada,575006,7,0,0,7.000000000000105
13-10-2025,Karnataka,Dakshina Kannada,575014,3,1,0,3.9999999999999964
13-10-2025,Karnataka,Dakshina Kannada,575020,2,1,0,2.999999999999976
13-10-2025,Karnataka,Dakshina Kannada,575025,1,0,0,0.99999999999998
13-10-2025,Karnataka,Dakshina Kannada,575029,1,0,0,0.99999999999998
13-10-2025,Karnataka,Davanagere,577004,1,0,0,0.99999999999998
13-10-2025,Karnataka,Davanagere,577601,2,0,0,2.000000000000001
13-10-2025,Karnataka,Davangere,577002,5,0,0,5.000000000000064
13-10-2025,Karnataka,Davangere,577005,2,1,0,2.999999999999976
13-10-2025,Karnataka,Davangere,577219,0,1,0,0.999999999999934
13-10-2025,Karnataka,Davangere,577225,1,0,0,0.99999999999998
13-10-2025,Karnataka,Davangere,577230,1,0,0,0.99999999999998
13-10-2025,Karnataka,Davangere,577516,1,0,0,0.99999999999998
13-10-2025,Karnataka,Davangere,577534,3,0,0,3.0000000000000218
13-10-2025,Karnataka,Davangere,577544,1,0,0,0.99999999999998
13-10-2025,Karnataka,Davangere,577566,1,0,0,0.99999999999998
13-10-2025,Karnataka,Dharwad,580001,6,1,0,7.0000000000000595
13-10-2025,Karnataka,Dharwad,580004,3,0,0,3.0000000000000218
13-10-2025,Karnataka,Dharwad,580006,1,0,0,0.99999999999998
13-10-2025,Karnataka,Dharwad,580026,1,0,0,0.99999999999998
13-10-2025,Karnataka,Dharwad,580030,2,0,0,2.000000000000001
13-10-2025,Karnataka,Dharwad,581105,2,0,0,2.000000000000001
13-10-2025,Karnataka,Dharwad,581201,4,0,0,4.000000000000043
13-10-2025,Karnataka,Dharwad,581206,2,0,0,2.000000000000001
13-10-2025,Karnataka,Dharwad,581209,2,0,0,2.000000000000001
13-10-2025,Karnataka,Gadag,582114,7,0,0,7.000000000000105
13-10-2025,Karnataka,Gulbarga,585101,1,0,0,0.99999999999998
13-10-2025,Karnataka,Gulbarga,585211,4,1,0,5.000000000000018
13-10-2025,Karnataka,Gulbarga,585216,0,1,0,0.999999999999934
13-10-2025,Karnataka,Gulbarga,585305,1,0,0,0.99999999999998
13-10-2025,Karnataka,Gulbarga,585306,5,0,0,5.000000000000064
13-10-2025,Karnataka,Gulbarga,585318,5,1,0,6.000000000000038
13-10-2025,Karnataka,Hasan,573102,1,0,0,0.99999999999998
13-10-2025,Karnataka,Hasan,573122,1,0,0,0.99999999999998
13-10-2025,Karnataka,Hasan,573134,2,0,0,2.000000000000001
13-10-2025,Karnataka,Hassan,573115,6,0,0,6.000000000000084
13-10-2025,Karnataka,Hassan,573126,1,0,0,0.99999999999998
13-10-2025,Karnataka,Hassan,573150,1,0,0,0.99999999999998
13-10-2025,Karnataka,Hassan,573216,6,1,0,7.0000000000000595
13-10-2025,Karnataka,Haveri,581108,4,0,0,4.000000000000043
13-10-2025,Karnataka,Haveri,581109,3,0,0,3.0000000000000218
13-10-2025,Karnataka,Haveri,581111,2,1,0,2.999999999999976
13-10-2025,Karnataka,Haveri,581145,1,0,0,0.99999999999998
13-10-2025,Karnataka,Haveri,581205,3,0,0,3.0000000000000218
13-10-2025,Karnataka,Kalaburagi,585105,2,0,0,2.000000000000001
13-10-2025,Karnataka,Kalaburagi,585302,2,5,0,6.999999999999876
13-10-2025,Karnataka,Kalaburagi,585308,1,0,0,0.99999999999998
13-10-2025,Karnataka,Kalaburagi,585312,2,0,0,2.000000000000001
13-10-2025,Karnataka,Kalaburagi,585322,2,0,0,2.000000000000001
13-10-2025,Karnataka,Kolar,563101,12,0,0,12.00000000000021
13-10-2025,Karnataka,Kolar,563121,2,1,0,2.999999999999976
13-10-2025,Karnataka,Kolar,563128,1,0,0,0.99999999999998
13-10-2025,Karnataka,Kolar,563134,2,0,0,2.000000000000001
13-10-2025,Karnataka,Kolar,563160,2,0,0,2.000000000000001
13-10-2025,Karnataka,Koppal,583229,5,1,0,6.000000000000038
13-10-2025,Karnataka,Koppal,583277,5,0,0,5.000000000000064
13-10-2025,Karnataka,Koppal,583282,2,0,0,2.000000000000001
13-10-2025,Karnataka,Koppal,584121,1,0,0,0.99999999999998
13-10-2025,Karnataka,Mandya,571419,2,0,0,2.000000000000001
13-10-2025,Karnataka,Mandya,571422,0,1,0,0.999999999999934
13-10-2025,Karnataka,Mandya,571430,6,1,0,7.0000000000000595
13-10-2025,Karnataka,Mandya,571802,1,0,0,0.99999999999998
13-10-2025,Karnataka,Mysore,570025,2,0,0,2.000000000000001
13-10-2025,Karnataka,Mysore,571102,2,0,0,2.000000000000001
13-10-2025,Karnataka,Mysore,571103,2,0,0,2.000000000000001
13-10-2025,Karnataka,Mysore,571107,5,0,0,5.000000000000064
13-10-2025,Karnataka,Mysore,571108,5,0,0,5.000000000000064
13-10-2025,Karnataka,Mysore,571121,1,0,0,0.99999999999998
13-10-2025,Karnataka,Mysore,571314,3,0,0,3.0000000000000218
13-10-2025,Karnataka,Mysore,571603,1,0,0,0.99999999999998
13-10-2025,Karnataka,Mysuru,570008,4,0,0,4.000000000000043
13-10-2025,Karnataka,Mysuru,570016,1,1,0,1.999999999999955
13-10-2025,Karnataka,Mysuru,570017,3,0,0,3.0000000000000218
13-10-2025,Karnataka,Mysuru,570019,13,1,0,14.000000000000206
13-10-2025,Karnataka,Mysuru,570032,2,0,0,2.000000000000001
13-10-2025,Karnataka,Mysuru,571104,1,0,0,0.99999999999998
13-10-2025,Karnataka,Mysuru,571107,1,0,0,0.99999999999998
13-10-2025,Karnataka,Mysuru,571121,3,0,0,3.0000000000000218
13-10-2025,Karnataka,Mysuru,571301,1,0,0,0.99999999999998
13-10-2025,Karnataka,Mysuru,571311,1,0,0,0.99999999999998
13-10-2025,Karnataka,Mysuru,571314,1,0,0,0.99999999999998
13-10-2025,Karnataka,Mysuru,571602,1,0,0,0.99999999999998
13-10-2025,Karnataka,Mysuru,571603,1,0,0,0.99999999999998
13-10-2025,Karnataka,Raichur,584101,13,2,1,16.000000000000163
13-10-2025,Karnataka,Raichur,584128,11,2,1,14.000000000000124
13-10-2025,Karnataka,Raichur,584132,8,3,1,12.000000000000037
13-10-2025,Karnataka,Raichur,584202,2,0,0,2.000000000000001
13-10-2025,Karnataka,Ramanagar,562120,5,0,0,5.000000000000064
13-10-2025,Karnataka,Shimoga,577202,3,0,0,3.0000000000000218
13-10-2025,Karnataka,Shimoga,577203,1,0,0,0.99999999999998
13-10-2025,Karnataka,Shimoga,577233,1,0,0,0.99999999999998
13-10-2025,Karnataka,Shimoga,577427,2,0,0,2.000000000000001
13-10-2025,Karnataka,Shimoga,577432,2,0,0,2.000000000000001
13-10-2025,Karnataka,Shimoga,577436,1,0,0,0.99999999999998
13-10-2025,Karnataka,Shivamogga,577205,1,0,0,0.99999999999998
13-10-2025,Karnataka,Shivamogga,577243,1,0,0,0.99999999999998
13-10-2025,Karnataka,Shivamogga,577429,1,1,0,1.999999999999955
13-10-2025,Karnataka,Tumakuru,572102,3,0,0,3.0000000000000218
13-10-2025,Karnataka,Tumakuru,572117,1,0,0,0.99999999999998
13-10-2025,Karnataka,Tumakuru,572122,1,0,0,0.99999999999998
13-10-2025,Karnataka,Tumakuru,572222,1,0,0,0.99999999999998
13-10-2025,Karnataka,Tumkur,572113,3,0,0,3.0000000000000218
13-10-2025,Karnataka,Tumkur,572116,2,0,0,2.000000000000001
13-10-2025,Karnataka,Tumkur,572126,1,0,0,0.99999999999998
13-10-2025,Karnataka,Tumkur,572129,3,0,0,3.0000000000000218
13-10-2025,Karnataka,Tumkur,572138,1,0,0,0.99999999999998
13-10-2025,Karnataka,Tumkur,572142,1,0,0,0.99999999999998
13-10-2025,Karnataka,Tumkur,572175,0,1,0,0.999999999999934
13-10-2025,Karnataka,Tumkur,572214,1,0,0,0.99999999999998
13-10-2025,Karnataka,Tumkur,572216,2,0,0,2.000000000000001
13-10-2025,Karnataka,Tumkur,572228,1,0,0,0.99999999999998
13-10-2025,Karnataka,Udupi,574103,1,0,0,0.99999999999998
13-10-2025,Karnataka,Udupi,574104,1,0,0,0.99999999999998
13-10-2025,Karnataka,Udupi,574106,2,1,0,2.999999999999976
13-10-2025,Karnataka,Udupi,574117,2,0,0,2.000000000000001
13-10-2025,Karnataka,Udupi,576106,1,0,0,0.99999999999998
13-10-2025,Karnataka,Udupi,576112,1,0,0,0.99999999999998
13-10-2025,Karnataka,Udupi,576212,10,0,0,10.000000000000169
13-10-2025,Karnataka,Udupi,576213,5,0,0,5.000000000000064
13-10-2025,Karnataka,Udupi,576214,1,0,0,0.99999999999998
13-10-2025,Karnataka,Udupi,576218,1,0,0,0.99999999999998
13-10-2025,Karnataka,Udupi,576222,12,1,0,13.000000000000185
13-10-2025,Karnataka,Udupi,576235,2,0,0,2.000000000000001
13-10-2025,Karnataka,Udupi,576257,3,0,0,3.0000000000000218
13-10-2025,Karnataka,Udupi,576283,1,0,0,0.99999999999998
13-10-2025,Karnataka,Uttara Kannada,581314,7,0,0,7.000000000000105
13-10-2025,Karnataka,Uttara Kannada,581320,6,1,0,7.0000000000000595
13-10-2025,Karnataka,Uttara Kannada,581322,2,1,0,2.999999999999976
13-10-2025,Karnataka,Uttara Kannada,581326,4,0,0,4.000000000000043
13-10-2025,Karnataka,Uttara Kannada,581340,1,0,0,0.99999999999998
13-10-2025,Karnataka,Uttara Kannada,581359,2,1,0,2.999999999999976
13-10-2025,Karnataka,Uttara Kannada,581401,1,0,0,0.99999999999998
13-10-2025,Karnataka,Uttara Kannada,581412,1,0,0,0.99999999999998
13-10-2025,Karnataka,Vijayanagara,583130,1,0,0,0.99999999999998
13-10-2025,Karnataka,Vijayanagara,583131,1,0,0,0.99999999999998
13-10-2025,Karnataka,Vijayanagara,583211,2,0,0,2.000000000000001
13-10-2025,Karnataka,Vijayanagara,583219,5,1,0,6.000000000000038
13-10-2025,Karnataka,Vijayanagara,583220,3,1,0,3.9999999999999964
13-10-2025,Karnataka,Vijayapura,586103,2,0,0,2.000000000000001
13-10-2025,Karnataka,Vijayapura,586109,3,0,0,3.0000000000000218
13-10-2025,Karnataka,Vijayapura,586113,2,1,0,2.999999999999976
13-10-2025,Karnataka,Vijayapura,586120,3,0,0,3.0000000000000218
13-10-2025,Karnataka,Vijayapura,586125,2,0,0,2.000000000000001
13-10-2025,Karnataka,Vijayapura,586202,2,1,0,2.999999999999976
13-10-2025,Karnataka,Vijayapura,586207,5,0,0,5.000000000000064
13-10-2025,Karnataka,Vijayapura,586208,1,0,0,0.99999999999998
13-10-2025,Karnataka,Vijayapura,586209,9,1,0,10.000000000000123
13-10-2025,Karnataka,Vijayapura,586216,1,0,0,0.99999999999998
13-10-2025,Karnataka,Yadgir,585220,1,3,0,3.9999999999999045
13-10-2025,Karnataka,Yadgir,585237,8,4,0,12.000000000000027
13-10-2025,Karnataka,Yadgir,585304,3,0,0,3.0000000000000218
13-10-2025,Karnataka,Yadgir,585323,3,2,0,4.999999999999972
13-10-2025,Karnataka,yadgir,585223,2,1,0,2.999999999999976
13-10-2025,Karnataka,yadgir,585290,1,0,0,0.99999999999998
16-10-2025,Karnataka,Bagalkot,587103,5,1,0,6.000000000000038
16-10-2025,Karnataka,Bagalkot,587121,1,0,0,0.99999999999998
16-10-2025,Karnataka,Bagalkot,587202,2,0,0,2.000000000000001
16-10-2025,Karnataka,Bagalkot,587205,2,0,0,2.000000000000001
16-10-2025,Karnataka,Ballari,583101,4,1,0,5.000000000000018
16-10-2025,Karnataka,Bangalore,560011,1,0,0,0.99999999999998
16-10-2025,Karnataka,Bangalore,560049,1,0,0,0.99999999999998
16-10-2025,Karnataka,Bangalore,560078,1,0,0,0.99999999999998
16-10-2025,Karnataka,Bangalore,560083,1,1,0,1.999999999999955
16-10-2025,Karnataka,Bangalore,560096,1,0,0,0.99999999999998
16-10-2025,Karnataka,Bangalore,560105,0,1,0,0.999999999999934
16-10-2025,Karnataka,Bangalore Rural,561203,1,0,0,0.99999999999998
16-10-2025,Karnataka,Bangalore Rural,562123,1,0,0,0.99999999999998
16-10-2025,Karnataka,Bangalore Rural,562135,2,1,0,2.999999999999976
16-10-2025,Karnataka,Bangalore Rural,562149,1,0,0,0.99999999999998
16-10-2025,Karnataka,Belagavi,590016,1,2,1,3.999999999999915
16-10-2025,Karnataka,Belagavi,591124,1,0,0,0.99999999999998
16-10-2025,Karnataka,Belagavi,591127,1,0,0,0.99999999999998
16-10-2025,Karnataka,Belagavi,591220,2,0,0,2.000000000000001
16-10-2025,Karnataka,Belagavi,591235,1,0,0,0.99999999999998
16-10-2025,Karnataka,Belagavi,591248,1,0,0,0.99999999999998
16-10-2025,Karnataka,Belagavi,591287,1,0,0,0.99999999999998
16-10-2025,Karnataka,Belagavi,591309,3,0,0,3.0000000000000218
16-10-2025,Karnataka,Belgaum,591222,2,1,0,2.999999999999976
16-10-2025,Karnataka,Bellary,583101,2,0,0,2.000000000000001
16-10-2025,Karnataka,Bellary,583115,2,0,0,2.000000000000001
16-10-2025,Karnataka,Bellary,583119,1,0,0,0.99999999999998
16-10-2025,Karnataka,Bellary,583220,1,3,0,3.9999999999999045
16-10-2025,Karnataka,Bengaluru,560015,1,1,0,1.999999999999955
16-10-2025,Karnataka,Bengaluru,560018,2,0,0,2.000000000000001
16-10-2025,Karnataka,Bengaluru,560027,0,1,0,0.999999999999934
16-10-2025,Karnataka,Bengaluru,560041,1,0,0,0.99999999999998
16-10-2025,Karnataka,Bengaluru,560054,1,0,0,0.99999999999998
16-10-2025,Karnataka,Bengaluru,560061,2,1,1,3.999999999999962
16-10-2025,Karnataka,Bengaluru,560076,2,0,1,2.9999999999999862
16-10-2025,Karnataka,Bengaluru,560100,3,1,2,5.999999999999967
16-10-2025,Karnataka,Bengaluru,560105,1,0,0,0.99999999999998
16-10-2025,Karnataka,Bidar,585412,1,1,0,1.999999999999955
16-10-2025,Karnataka,Bijapur,586114,0,1,0,0.999999999999934
16-10-2025,Karnataka,Chamarajanagar,571490,1,0,0,0.99999999999998
16-10-2025,Karnataka,Chamrajnagar,571439,1,0,0,0.99999999999998
16-10-2025,Karnataka,Chickmagalur,577136,1,0,0,0.99999999999998
16-10-2025,Karnataka,Chickmagalur,577144,1,0,0,0.99999999999998
16-10-2025,Karnataka,Chikkaballapur,562101,3,0,0,3.0000000000000218
16-10-2025,Karnataka,Chikkamagaluru,577168,1,0,0,0.99999999999998
16-10-2025,Karnataka,Chikkamagaluru,577228,1,0,0,0.99999999999998
16-10-2025,Karnataka,Chitradurga,577515,1,0,0,0.99999999999998
16-10-2025,Karnataka,Chitradurga,577555,2,0,0,2.000000000000001
16-10-2025,Karnataka,Chitradurga,577557,1,0,0,0.99999999999998
16-10-2025,Karnataka,Dakshina Kannada,574144,0,0,2,1.99999999999993
16-10-2025,Karnataka,Dakshina Kannada,574229,1,0,0,0.99999999999998
16-10-2025,Karnataka,Dakshina Kannada,574233,1,0,0,0.99999999999998
16-10-2025,Karnataka,Dakshina Kannada,574314,1,0,0,0.99999999999998
16-10-2025,Karnataka,Dakshina Kannada,575002,0,1,5,5.9999999999998614
16-10-2025,Karnataka,Dakshina Kannada,575023,1,0,0,0.99999999999998
16-10-2025,Karnataka,Davangere,577004,1,0,0,0.99999999999998
16-10-2025,Karnataka,Davangere,577219,1,0,0,0.99999999999998
16-10-2025,Karnataka,Davangere,577514,1,0,0,0.99999999999998
16-10-2025,Karnataka,Davangere,577551,1,0,0,0.99999999999998
16-10-2025,Karnataka,Dharwad,580029,1,0,0,0.99999999999998
16-10-2025,Karnataka,Dharwad,580030,3,0,0,3.0000000000000218
16-10-2025,Karnataka,Dharwad,581107,1,0,0,0.99999999999998
16-10-2025,Karnataka,Dharwad,581212,2,0,0,2.000000000000001
16-10-2025,Karnataka,Gadag,582102,1,0,0,0.99999999999998
16-10-2025,Karnataka,Gadag *,582116,1,0,0,0.99999999999998
16-10-2025,Karnataka,Gulbarga,585102,1,0,0,0.99999999999998
16-10-2025,Karnataka,Gulbarga,585311,1,0,0,0.99999999999998
16-10-2025,Karnataka,Hasan,573125,1,0,0,0.99999999999998
16-10-2025,Karnataka,Hasan,573131,1,1,0,1.999999999999955
16-10-2025,Karnataka,Hasan,573211,1,0,0,0.99999999999998
16-10-2025,Karnataka,Hassan,573115,2,0,0,2.000000000000001
16-10-2025,Karnataka,Hassan,573130,1,0,0,0.99999999999998
16-10-2025,Karnataka,Hassan,573131,1,0,0,0.99999999999998
16-10-2025,Karnataka,Hassan,573137,1,0,0,0.99999999999998
16-10-2025,Karnataka,Hassan,573211,3,0,0,3.0000000000000218
16-10-2025,Karnataka,Hassan,573212,1,0,0,0.99999999999998
16-10-2025,Karnataka,Hassan,573218,2,0,0,2.000000000000001
16-10-2025,Karnataka,Haveri,581109,1,0,0,0.99999999999998
16-10-2025,Karnataka,Haveri,581110,1,0,0,0.99999999999998
16-10-2025,Karnataka,Haveri,581111,2,0,0,2.000000000000001
16-10-2025,Karnataka,Haveri,581112,2,0,0,2.000000000000001
16-10-2025,Karnataka,Haveri,581210,1,0,0,0.99999999999998
16-10-2025,Karnataka,Kalaburagi,585302,1,1,0,1.999999999999955
16-10-2025,Karnataka,Kalaburagi,585308,1,0,0,0.99999999999998
16-10-2025,Karnataka,Kodagu,571251,1,0,0,0.99999999999998
16-10-2025,Karnataka,Kolar,563114,3,0,1,4.000000000000007
16-10-2025,Karnataka,Koppal,583229,2,2,0,3.9999999999999507
16-10-2025,Karnataka,Koppal,583230,1,1,0,1.999999999999955
16-10-2025,Karnataka,Koppal,583268,1,0,0,0.99999999999998
16-10-2025,Karnataka,Koppal,583280,4,1,0,5.000000000000018
16-10-2025,Karnataka,Koppal,584130,1,0,0,0.99999999999998
16-10-2025,Karnataka,Mandya,571405,1,0,0,0.99999999999998
16-10-2025,Karnataka,Mandya,571415,1,0,0,0.99999999999998
16-10-2025,Karnataka,Mandya,571429,1,0,0,0.99999999999998
16-10-2025,Karnataka,Mysore,570001,1,0,0,0.99999999999998
16-10-2025,Karnataka,Mysore,570007,1,0,0,0.99999999999998
16-10-2025,Karnataka,Mysore,570019,1,0,0,0.99999999999998
16-10-2025,Karnataka,Mysore,571124,1,0,0,0.99999999999998
16-10-2025,Karnataka,Mysore,571189,1,0,0,0.99999999999998
16-10-2025,Karnataka,Mysore,571311,1,0,0,0.99999999999998
16-10-2025,Karnataka,Mysore,571604,1,0,0,0.99999999999998
16-10-2025,Karnataka,Mysuru,570008,2,0,0,2.000000000000001
16-10-2025,Karnataka,Mysuru,570011,1,0,0,0.99999999999998
16-10-2025,Karnataka,Mysuru,570024,1,0,0,0.99999999999998
16-10-2025,Karnataka,Raichur,584116,3,0,0,3.0000000000000218
16-10-2025,Karnataka,Raichur,584123,3,0,0,3.0000000000000218
16-10-2025,Karnataka,Raichur,584132,1,0,0,0.99999999999998
16-10-2025,Karnataka,Ramanagar,562109,4,0,0,4.000000000000043
16-10-2025,Karnataka,Shimoga,577201,1,0,0,0.99999999999998
16-10-2025,Karnataka,Shimoga,577205,1,0,0,0.99999999999998
16-10-2025,Karnataka,Shimoga,577418,1,0,0,0.99999999999998
16-10-2025,Karnataka,Shimoga,577447,1,0,0,0.99999999999998
16-10-2025,Karnataka,Shimoga,577450,1,0,0,0.99999999999998
16-10-2025,Karnataka,Shivamogga,577205,1,0,0,0.99999999999998
16-10-2025,Karnataka,Shivamogga,577227,1,0,0,0.99999999999998
16-10-2025,Karnataka,Shivamogga,577427,2,0,0,2.000000000000001
16-10-2025,Karnataka,Shivamogga,577447,1,0,0,0.99999999999998
16-10-2025,Karnataka,Tumakuru,572101,1,0,0,0.99999999999998
16-10-2025,Karnataka,Tumakuru,572119,1,0,0,0.99999999999998
16-10-2025,Karnataka,Tumakuru,572121,1,0,0,0.99999999999998
16-10-2025,Karnataka,Tumakuru,572134,0,1,0,0.999999999999934
16-10-2025,Karnataka,Tumakuru,572226,1,0,0,0.99999999999998
16-10-2025,Karnataka,Tumakuru,572228,2,0,0,2.000000000000001
16-10-2025,Karnataka,Tumkur,572101,1,0,0,0.99999999999998
16-10-2025,Karnataka,Tumkur,572220,1,0,0,0.99999999999998
16-10-2025,Karnataka,Tumkur,572222,1,0,0,0.99999999999998
16-10-2025,Karnataka,Udupi,576201,1,0,0,0.99999999999998
16-10-2025,Karnataka,Udupi,576211,3,0,0,3.0000000000000218
16-10-2025,Karnataka,Uttara Kannada,581320,1,0,0,0.99999999999998
16-10-2025,Karnataka,Uttara Kannada,581326,1,0,0,0.99999999999998
16-10-2025,Karnataka,Uttara Kannada,581339,1,0,0,0.99999999999998
16-10-2025,Karnataka,Uttara Kannada,581359,1,0,0,0.99999999999998
16-10-2025,Karnataka,Vijayanagara,583137,1,0,0,0.99999999999998
16-10-2025,Karnataka,Vijayapura,586101,1,1,0,1.999999999999955
16-10-2025,Karnataka,Vijayapura,586125,2,0,0,2.000000000000001
16-10-2025,Karnataka,Yadgir,585220,2,1,0,2.999999999999976
16-10-2025,Karnataka,Yadgir,585223,3,3,0,5.999999999999947
15-10-2025,Karnataka,Bagalkot,587111,1,1,0,1.999999999999955
15-10-2025,Karnataka,Bagalkot,587112,1,0,0,0.99999999999998
15-10-2025,Karnataka,Bagalkot,587118,1,0,0,0.99999999999998
15-10-2025,Karnataka,Bagalkot,587155,1,1,0,1.999999999999955
15-10-2025,Karnataka,Bagalkot,587203,1,1,0,1.999999999999955
15-10-2025,Karnataka,Bagalkot,587205,2,0,0,2.000000000000001
15-10-2025,Karnataka,Bagalkot,587315,1,1,0,1.999999999999955
15-10-2025,Karnataka,Ballari,583103,2,0,0,2.000000000000001
15-10-2025,Karnataka,Ballari,583113,1,0,0,0.99999999999998
15-10-2025,Karnataka,Ballari,583115,2,0,0,2.000000000000001
15-10-2025,Karnataka,Ballari,583116,1,0,0,0.99999999999998
15-10-2025,Karnataka,Ballari,583217,1,0,0,0.99999999999998
15-10-2025,Karnataka,Ballari,583224,2,0,0,2.000000000000001
15-10-2025,Karnataka,Bangalore,560008,1,0,0,0.99999999999998
15-10-2025,Karnataka,Bangalore,560056,1,0,0,0.99999999999998
15-10-2025,Karnataka,Bangalore,560057,2,0,0,2.000000000000001
15-10-2025,Karnataka,Bangalore,560072,0,1,0,0.999999999999934
15-10-2025,Karnataka,Bangalore,560073,1,0,0,0.99999999999998
15-10-2025,Karnataka,Bangalore,560083,1,0,0,0.99999999999998
15-10-2025,Karnataka,Bangalore,560099,1,0,0,0.99999999999998
15-10-2025,Karnataka,Bangalore Rural,562114,4,2,0,5.999999999999993
15-10-2025,Karnataka,Belagavi,591102,5,0,0,5.000000000000064
15-10-2025,Karnataka,Belagavi,591112,3,0,0,3.0000000000000218
15-10-2025,Karnataka,Belagavi,591114,1,0,0,0.99999999999998
15-10-2025,Karnataka,Belagavi,591126,2,1,0,2.999999999999976
15-10-2025,Karnataka,Belagavi,591127,1,0,0,0.99999999999998
15-10-2025,Karnataka,Belagavi,591143,1,0,0,0.99999999999998
15-10-2025,Karnataka,Belagavi,591201,1,0,0,0.99999999999998
15-10-2025,Karnataka,Belagavi,591220,2,0,1,2.9999999999999862
15-10-2025,Karnataka,Belagavi,591226,1,0,0,0.99999999999998
15-10-2025,Karnataka,Belagavi,591231,3,1,0,3.9999999999999964
15-10-2025,Karnataka,Belagavi,591241,0,1,0,0.999999999999934
15-10-2025,Karnataka,Belagavi,591243,2,0,0,2.000000000000001
15-10-2025,Karnataka,Belagavi,591263,1,0,0,0.99999999999998
15-10-2025,Karnataka,Belagavi,591265,2,0,0,2.000000000000001
15-10-2025,Karnataka,Belagavi,591306,1,0,0,0.99999999999998
15-10-2025,Karnataka,Belgaum,590010,1,0,0,0.99999999999998
15-10-2025,Karnataka,Belgaum,591114,1,0,0,0.99999999999998
15-10-2025,Karnataka,Belgaum,591115,3,0,0,3.0000000000000218
15-10-2025,Karnataka,Belgaum,591117,2,1,0,2.999999999999976
15-10-2025,Karnataka,Belgaum,591126,3,0,0,3.0000000000000218
15-10-2025,Karnataka,Belgaum,591127,3,0,0,3.0000000000000218
15-10-2025,Karnataka,Belgaum,591130,1,0,0,0.99999999999998
15-10-2025,Karnataka,Belgaum,591211,0,1,0,0.999999999999934
15-10-2025,Karnataka,Belgaum,591220,1,1,0,1.999999999999955
15-10-2025,Karnataka,Belgaum,591224,1,0,0,0.99999999999998
15-10-2025,Karnataka,Belgaum,591226,2,0,0,2.000000000000001
15-10-2025,Karnataka,Belgaum,591228,1,0,0,0.99999999999998
15-10-2025,Karnataka,Belgaum,591237,1,0,0,0.99999999999998
15-10-2025,Karnataka,Bellary,583123,1,0,0,0.99999999999998
15-10-2025,Karnataka,Bellary,583201,1,0,0,0.99999999999998
15-10-2025,Karnataka,Bellary,583217,2,0,0,2.000000000000001
15-10-2025,Karnataka,Bengaluru,560003,1,0,0,0.99999999999998
15-10-2025,Karnataka,Bengaluru,560006,3,0,0,3.0000000000000218
15-10-2025,Karnataka,Bengaluru,560011,3,0,0,3.0000000000000218
15-10-2025,Karnataka,Bengaluru,560015,0,1,0,0.999999999999934
15-10-2025,Karnataka,Bengaluru,560017,1,0,0,0.99999999999998
15-10-2025,Karnataka,Bengaluru,560022,0,1,0,0.999999999999934
15-10-2025,Karnataka,Bengaluru,560023,4,0,1,5.000000000000028
15-10-2025,Karnataka,Bengaluru,560030,1,0,0,0.99999999999998
15-10-2025,Karnataka,Bengaluru,560032,6,3,1,9.999999999999995
15-10-2025,Karnataka,Bengaluru,560038,1,0,0,0.99999999999998
15-10-2025,Karnataka,Bengaluru,560041,1,0,0,0.99999999999998
15-10-2025,Karnataka,Bengaluru,560049,2,1,1,3.999999999999962
15-10-2025,Karnataka,Bengaluru,560057,1,0,0,0.99999999999998
15-10-2025,Karnataka,Bengaluru,560061,3,1,0,3.9999999999999964
15-10-2025,Karnataka,Bengaluru,560064,4,3,1,7.999999999999953
15-10-2025,Karnataka,Bengaluru,560067,2,2,1,4.999999999999936
15-10-2025,Karnataka,Bengaluru,560072,3,0,0,3.0000000000000218
15-10-2025,Karnataka,Bengaluru,560075,1,0,0,0.99999999999998
15-10-2025,Karnataka,Bengaluru,560078,4,1,0,5.000000000000018
15-10-2025,Karnataka,Bengaluru,560079,1,0,0,0.99999999999998
15-10-2025,Karnataka,Bengaluru,560082,0,1,0,0.999999999999934
15-10-2025,Karnataka,Bengaluru,560090,2,0,0,2.000000000000001
15-10-2025,Karnataka,Bengaluru,560092,1,0,0,0.99999999999998
15-10-2025,Karnataka,Bidar,585227,3,1,0,3.9999999999999964
15-10-2025,Karnataka,Bidar,585327,5,1,1,7.000000000000024
15-10-2025,Karnataka,Bidar,585416,1,1,0,1.999999999999955
15-10-2025,Karnataka,Bidar,585418,6,0,0,6.000000000000084
15-10-2025,Karnataka,Bijapur,586108,1,0,0,0.99999999999998
15-10-2025,Karnataka,Bijapur,586118,2,0,0,2.000000000000001
15-10-2025,Karnataka,Bijapur,586210,1,0,0,0.99999999999998
15-10-2025,Karnataka,Bijapur,586212,1,0,0,0.99999999999998
15-10-2025,Karnataka,Chamrajanagar,571313,1,0,0,0.99999999999998
15-10-2025,Karnataka,Chamrajanagar,571441,1,0,0,0.99999999999998
15-10-2025,Karnataka,Chamrajanagar,571444,11,3,0,14.000000000000114
15-10-2025,Karnataka,Chamrajnagar,571440,1,0,0,0.99999999999998
15-10-2025,Karnataka,Chamrajnagar,571490,1,1,0,1.999999999999955
15-10-2025,Karnataka,Chickmagalur,577139,2,0,0,2.000000000000001
15-10-2025,Karnataka,Chickmagalur,577548,3,0,0,3.0000000000000218
15-10-2025,Karnataka,Chikkaballapur,561206,2,0,0,2.000000000000001
15-10-2025,Karnataka,Chikkamagaluru,577144,0,1,0,0.999999999999934
15-10-2025,Karnataka,Chikkamagaluru,577168,1,0,0,0.99999999999998
15-10-2025,Karnataka,Chikkamagaluru,577180,1,0,0,0.99999999999998
15-10-2025,Karnataka,Chitradurga,577511,1,2,0,2.99999999999993
15-10-2025,Karnataka,Chitradurga,577521,1,0,0,0.99999999999998
15-10-2025,Karnataka,Chitradurga,577531,1,0,0,0.99999999999998
15-10-2025,Karnataka,Chitradurga,577542,1,0,0,0.99999999999998
15-10-2025,Karnataka,Dakshina Kannada,574145,1,0,0,0.99999999999998
15-10-2025,Karnataka,Dakshina Kannada,574199,1,0,0,0.99999999999998
15-10-2025,Karnataka,Dakshina Kannada,574210,0,1,0,0.999999999999934
15-10-2025,Karnataka,Dakshina Kannada,574211,2,1,0,2.999999999999976
15-10-2025,Karnataka,Dakshina Kannada,574214,1,0,0,0.99999999999998
15-10-2025,Karnataka,Dakshina Kannada,574219,3,0,0,3.0000000000000218
15-10-2025,Karnataka,Dakshina Kannada,574221,2,0,0,2.000000000000001
15-10-2025,Karnataka,Dakshina Kannada,574227,1,0,0,0.99999999999998
15-10-2025,Karnataka,Dakshina Kannada,574228,1,0,0,0.99999999999998
15-10-2025,Karnataka,Dakshina Kannada,574243,2,2,0,3.9999999999999507
15-10-2025,Karnataka,Dakshina Kannada,574279,1,0,0,0.99999999999998
15-10-2025,Karnataka,Dakshina Kannada,574324,1,0,0,0.99999999999998
15-10-2025,Karnataka,Dakshina Kannada,574509,1,0,0,0.99999999999998
15-10-2025,Karnataka,Dakshina Kannada,575001,15,1,0,16.00000000000025
15-10-2025,Karnataka,Dakshina Kannada,575003,5,0,0,5.000000000000064
15-10-2025,Karnataka,Dakshina Kannada,575005,1,0,0,0.99999999999998
15-10-2025,Karnataka,Dakshina Kannada,575013,3,0,0,3.0000000000000218
15-10-2025,Karnataka,Davanagere,577221,1,0,0,0.99999999999998
15-10-2025,Karnataka,Davangere,577002,3,0,0,3.0000000000000218
15-10-2025,Karnataka,Davangere,577218,1,0,0,0.99999999999998
15-10-2025,Karnataka,Davangere,577513,5,1,0,6.000000000000038
15-10-2025,Karnataka,Davangere,577528,4,1,1,6.0000000000000036
15-10-2025,Karnataka,Davangere,577551,2,0,0,2.000000000000001
15-10-2025,Karnataka,Davangere,577589,1,0,0,0.99999999999998
15-10-2025,Karnataka,Dharwad,580007,7,0,0,7.000000000000105
15-10-2025,Karnataka,Gadag,582113,4,0,0,4.000000000000043
15-10-2025,Karnataka,Gadag,582114,7,0,0,7.000000000000105
15-10-2025,Karnataka,Gadag,582118,4,0,0,4.000000000000043
15-10-2025,Karnataka,Gadag,582120,1,0,0,0.99999999999998
15-10-2025,Karnataka,Gadag,582205,1,0,0,0.99999999999998
15-10-2025,Karnataka,Gulbarga,585213,1,0,0,0.99999999999998
15-10-2025,Karnataka,Gulbarga,585214,2,0,0,2.000000000000001
15-10-2025,Karnataka,Gulbarga,585310,4,1,0,5.000000000000018
15-10-2025,Karnataka,Gulbarga,585318,2,1,0,2.999999999999976
15-10-2025,Karnataka,Gulbarga,585324,1,0,0,0.99999999999998
15-10-2025,Karnataka,Gulbarga,585325,1,1,0,1.999999999999955
15-10-2025,Karnataka,Hasan,573120,1,0,0,0.99999999999998
15-10-2025,Karnataka,Hasan,573125,2,0,0,2.000000000000001
15-10-2025,Karnataka,Hasan,573126,1,0,0,0.99999999999998
15-10-2025,Karnataka,Hasan,573128,1,0,0,0.99999999999998
15-10-2025,Karnataka,Hasan,573133,1,0,0,0.99999999999998
15-10-2025,Karnataka,Hasan,573136,1,0,0,0.99999999999998
15-10-2025,Karnataka,Hasan,573213,0,1,0,0.999999999999934
15-10-2025,Karnataka,Hassan,573101,1,0,0,0.99999999999998
15-10-2025,Karnataka,Hassan,573103,7,0,0,7.000000000000105
15-10-2025,Karnataka,Hassan,573119,1,0,0,0.99999999999998
15-10-2025,Karnataka,Hassan,573122,3,1,0,3.9999999999999964
15-10-2025,Karnataka,Hassan,573125,1,0,0,0.99999999999998
15-10-2025,Karnataka,Hassan,573131,1,0,0,0.99999999999998
15-10-2025,Karnataka,Hassan,573136,1,0,0,0.99999999999998
15-10-2025,Karnataka,Hassan,573150,1,1,0,1.999999999999955
15-10-2025,Karnataka,Hassan,573210,1,0,0,0.99999999999998
15-10-2025,Karnataka,Haveri,581104,1,0,2,2.999999999999951
15-10-2025,Karnataka,Haveri,581203,1,0,0,0.99999999999998
15-10-2025,Karnataka,Haveri,581205,3,0,0,3.0000000000000218
15-10-2025,Karnataka,Haveri,581210,1,0,0,0.99999999999998
15-10-2025,Karnataka,Kalaburagi,585213,1,0,0,0.99999999999998
15-10-2025,Karnataka,Kalaburagi,585265,3,0,0,3.0000000000000218
15-10-2025,Karnataka,Kalaburagi,585292,1,0,0,0.99999999999998
15-10-2025,Karnataka,Kalaburagi,585318,2,0,0,2.000000000000001
15-10-2025,Karnataka,Kodagu,571213,1,1,0,1.999999999999955
15-10-2025,Karnataka,Kodagu,571219,0,0,1,0.9999999999999446
15-10-2025,Karnataka,Kodagu,571232,2,0,0,2.000000000000001
15-10-2025,Karnataka,Kolar,563113,2,0,0,2.000000000000001
15-10-2025,Karnataka,Kolar,563120,1,0,0,0.99999999999998
15-10-2025,Karnataka,Kolar,563128,1,0,0,0.99999999999998
15-10-2025,Karnataka,Kolar,563129,2,0,0,2.000000000000001
15-10-2025,Karnataka,Kolar,563131,9,0,0,9.000000000000147
15-10-2025,Karnataka,Kolar,563162,1,0,0,0.99999999999998
15-10-2025,Karnataka,Koppal,583268,1,1,0,1.999999999999955
15-10-2025,Karnataka,Mandya,571423,2,0,0,2.000000000000001
15-10-2025,Karnataka,Mandya,571426,2,0,0,2.000000000000001
15-10-2025,Karnataka,Mandya,571432,1,0,0,0.99999999999998
15-10-2025,Karnataka,Mandya,571438,2,0,0,2.000000000000001
15-10-2025,Karnataka,Mysore,570010,3,0,0,3.0000000000000218
15-10-2025,Karnataka,Mysore,570022,2,0,0,2.000000000000001
15-10-2025,Karnataka,Mysore,571102,3,0,0,3.0000000000000218
15-10-2025,Karnataka,Mysore,571107,1,0,0,0.99999999999998
15-10-2025,Karnataka,Mysore,571110,2,0,0,2.000000000000001
15-10-2025,Karnataka,Mysore,571118,2,0,0,2.000000000000001
15-10-2025,Karnataka,Mysore,571119,2,0,0,2.000000000000001
15-10-2025,Karnataka,Mysore,571129,2,0,0,2.000000000000001
15-10-2025,Karnataka,Mysuru,570008,3,0,0,3.0000000000000218
15-10-2025,Karnataka,Mysuru,571105,3,0,0,3.0000000000000218
15-10-2025,Karnataka,Mysuru,571116,1,0,0,0.99999999999998
15-10-2025,Karnataka,Mysuru,571301,1,0,0,0.99999999999998
15-10-2025,Karnataka,Mysuru,571604,1,0,0,0.99999999999998
15-10-2025,Karnataka,Raichur,584101,9,1,0,10.000000000000123
15-10-2025,Karnataka,Raichur,584102,1,0,0,0.99999999999998
15-10-2025,Karnataka,Raichur,584113,1,1,0,1.999999999999955
15-10-2025,Karnataka,Raichur,584128,7,4,0,11.000000000000005
15-10-2025,Karnataka,Raichur,584133,2,0,0,2.000000000000001
15-10-2025,Karnataka,Raichur,584138,2,0,0,2.000000000000001
15-10-2025,Karnataka,Raichur,584167,5,0,0,5.000000000000064
15-10-2025,Karnataka,Ramanagar,562112,3,0,0,3.0000000000000218
15-10-2025,Karnataka,Ramanagar,562117,4,0,0,4.000000000000043
15-10-2025,Karnataka,Shimoga,577229,1,0,0,0.99999999999998
15-10-2025,Karnataka,Shimoga,577233,1,0,0,0.99999999999998
15-10-2025,Karnataka,Shimoga,577413,1,0,0,0.99999999999998
15-10-2025,Karnataka,Shimoga,577427,2,0,0,2.000000000000001
15-10-2025,Karnataka,Shimoga,577450,1,0,0,0.99999999999998
15-10-2025,Karnataka,Shivamogga,577201,2,0,0,2.000000000000001
15-10-2025,Karnataka,Shivamogga,577205,0,1,0,0.999999999999934
15-10-2025,Karnataka,Shivamogga,577419,1,0,0,0.99999999999998
15-10-2025,Karnataka,Shivamogga,577421,1,0,0,0.99999999999998
15-10-2025,Karnataka,Shivamogga,577431,1,0,0,0.99999999999998
15-10-2025,Karnataka,Shivamogga,577433,1,0,0,0.99999999999998
15-10-2025,Karnataka,Tumakuru,572101,2,0,0,2.000000000000001
15-10-2025,Karnataka,Tumakuru,572113,1,1,0,1.999999999999955
15-10-2025,Karnataka,Tumakuru,572227,1,0,0,0.99999999999998
15-10-2025,Karnataka,Tumakuru,572228,1,0,0,0.99999999999998
15-10-2025,Karnataka,Tumkur,572101,3,0,0,3.0000000000000218
15-10-2025,Karnataka,Tumkur,572102,0,1,0,0.999999999999934
15-10-2025,Karnataka,Tumkur,572105,1,0,0,0.99999999999998
15-10-2025,Karnataka,Tumkur,572116,3,0,0,3.0000000000000218
15-10-2025,Karnataka,Tumkur,572119,1,0,0,0.99999999999998
15-10-2025,Karnataka,Tumkur,572120,2,0,0,2.000000000000001
15-10-2025,Karnataka,Tumkur,572217,1,0,0,0.99999999999998
15-10-2025,Karnataka,Udupi,574105,2,0,0,2.000000000000001
15-10-2025,Karnataka,Udupi,576104,1,0,0,0.99999999999998
15-10-2025,Karnataka,Udupi,576115,2,0,0,2.000000000000001
15-10-2025,Karnataka,Udupi,576212,3,0,0,3.0000000000000218
15-10-2025,Karnataka,Udupi,576217,1,0,0,0.99999999999998
15-10-2025,Karnataka,Udupi,576222,10,0,0,10.000000000000169
15-10-2025,Karnataka,Udupi,576229,2,0,0,2.000000000000001
15-10-2025,Karnataka,Udupi,576230,2,0,0,2.000000000000001
15-10-2025,Karnataka,Uttara Kannada,581323,1,0,0,0.99999999999998
15-10-2025,Karnataka,Uttara Kannada,581332,1,0,0,0.99999999999998
15-10-2025,Karnataka,Uttara Kannada,581336,1,0,0,0.99999999999998
15-10-2025,Karnataka,Uttara Kannada,581342,1,0,0,0.99999999999998
15-10-2025,Karnataka,Uttara Kannada,581363,1,0,0,0.99999999999998
15-10-2025,Karnataka,Uttara Kannada,581384,1,0,0,0.99999999999998
15-10-2025,Karnataka,Uttara Kannada,581403,0,1,0,0.999999999999934
15-10-2025,Karnataka,Uttara Kannada,581412,1,0,0,0.99999999999998
15-10-2025,Karnataka,Uttara Kannada,581421,1,0,0,0.99999999999998
15-10-2025,Karnataka,Vijayanagara,583127,1,1,0,1.999999999999955
15-10-2025,Karnataka,Vijayanagara,583134,0,1,0,0.999999999999934
15-10-2025,Karnataka,Vijayanagara,583136,1,0,0,0.99999999999998
15-10-2025,Karnataka,Vijayanagara,583137,1,0,0,0.99999999999998
15-10-2025,Karnataka,Vijayanagara,583239,1,0,0,0.99999999999998
15-10-2025,Karnataka,Vijayapura,586104,2,1,0,2.999999999999976
15-10-2025,Karnataka,Vijayapura,586118,2,0,0,2.000000000000001
15-10-2025,Karnataka,Vijayapura,586202,1,0,0,0.99999999999998
15-10-2025,Karnataka,Vijayapura,586204,2,0,0,2.000000000000001
15-10-2025,Karnataka,Vijayapura,586215,2,0,0,2.000000000000001
15-10-2025,Karnataka,Vijayapura,586217,1,1,0,1.999999999999955
15-10-2025,Karnataka,Vijayapura,586245,1,0,0,0.99999999999998
15-10-2025,Karnataka,Yadgir,585214,4,0,0,4.000000000000043
15-10-2025,Karnataka,Yadgir,585216,0,2,0,1.999999999999909
15-10-2025,Karnataka,Yadgir,585219,1,0,0,0.99999999999998
15-10-2025,Karnataka,Yadgir,585287,2,0,0,2.000000000000001
15-10-2025,Karnataka,Yadgir,585321,1,1,0,1.999999999999955
15-10-2025,Karnataka,yadgir,585202,2,0,0,2.000000000000001
18-10-2025,Karnataka,Hasan,573216,1,0,0,0.99999999999998
18-10-2025,Karnataka,Hassan,573101,1,0,0,0.99999999999998
18-10-2025,Karnataka,Hassan,573102,1,0,0,0.99999999999998
18-10-2025,Karnataka,Hassan,573119,2,0,0,2.000000000000001
18-10-2025,Karnataka,Hassan,573201,1,0,0,0.99999999999998
18-10-2025,Karnataka,Haveri,581119,1,0,0,0.99999999999998
18-10-2025,Karnataka,Haveri,581120,1,0,0,0.99999999999998
18-10-2025,Karnataka,Haveri,581145,2,0,0,2.000000000000001
18-10-2025,Karnataka,Haveri,581210,2,0,0,2.000000000000001
18-10-2025,Karnataka,Kalaburagi,585101,1,0,0,0.99999999999998
18-10-2025,Karnataka,Kalaburagi,585222,6,0,0,6.000000000000084
18-10-2025,Karnataka,Kalaburagi,585302,4,0,0,4.000000000000043
18-10-2025,Karnataka,Kalaburagi,585312,1,0,0,0.99999999999998
18-10-2025,Karnataka,Kalaburagi,585313,2,0,0,2.000000000000001
18-10-2025,Karnataka,Kodagu,571214,1,0,0,0.99999999999998
18-10-2025,Karnataka,Kodagu,571218,0,0,3,2.9999999999999156
18-10-2025,Karnataka,Kodagu,571236,1,0,0,0.99999999999998
18-10-2025,Karnataka,Kolar,563133,2,0,0,2.000000000000001
18-10-2025,Karnataka,Kolar,563160,2,0,0,2.000000000000001
18-10-2025,Karnataka,Koppal,583231,2,2,0,3.9999999999999507
18-10-2025,Karnataka,Koppal,583236,1,0,0,0.99999999999998
18-10-2025,Karnataka,Koppal,584130,1,0,0,0.99999999999998
18-10-2025,Karnataka,Mandya,571405,1,0,0,0.99999999999998
18-10-2025,Karnataka,Mandya,571417,0,1,0,0.999999999999934
18-10-2025,Karnataka,Mandya,571422,2,0,0,2.000000000000001
18-10-2025,Karnataka,Mandya,571424,3,0,0,3.0000000000000218
18-10-2025,Karnataka,Mandya,571426,4,0,0,4.000000000000043
18-10-2025,Karnataka,Mandya,571427,1,0,0,0.99999999999998
18-10-2025,Karnataka,Mandya,571428,1,0,0,0.99999999999998
18-10-2025,Karnataka,Mandya,571436,1,0,0,0.99999999999998
18-10-2025,Karnataka,Mandya,571446,1,0,0,0.99999999999998
18-10-2025,Karnataka,Mysore,570001,1,0,0,0.99999999999998
18-10-2025,Karnataka,Mysore,570002,1,0,0,0.99999999999998
18-10-2025,Karnataka,Mysore,570008,2,0,0,2.000000000000001
18-10-2025,Karnataka,Mysore,570010,1,0,0,0.99999999999998
18-10-2025,Karnataka,Mysore,571101,4,0,0,4.000000000000043
18-10-2025,Karnataka,Mysore,571114,1,0,0,0.99999999999998
18-10-2025,Karnataka,Mysore,571122,2,0,0,2.000000000000001
18-10-2025,Karnataka,Mysore,571129,1,0,0,0.99999999999998
18-10-2025,Karnataka,Mysuru,570002,1,0,0,0.99999999999998
18-10-2025,Karnataka,Mysuru,570007,2,0,0,2.000000000000001
18-10-2025,Karnataka,Mysuru,570016,1,0,0,0.99999999999998
18-10-2025,Karnataka,Mysuru,571114,1,0,0,0.99999999999998
18-10-2025,Karnataka,Raichur,584111,1,0,0,0.99999999999998
18-10-2025,Karnataka,Raichur,584120,6,1,0,7.0000000000000595
18-10-2025,Karnataka,Raichur,584122,9,3,0,12.000000000000071
18-10-2025,Karnataka,Raichur,584125,5,1,0,6.000000000000038
18-10-2025,Karnataka,Raichur,584138,3,0,0,3.0000000000000218
18-10-2025,Karnataka,Raichur,584143,3,1,0,3.9999999999999964
18-10-2025,Karnataka,Ramanagar,562119,1,0,0,0.99999999999998
18-10-2025,Karnataka,Ramanagar,562131,3,0,0,3.0000000000000218
18-10-2025,Karnataka,Ramanagar,562138,2,0,0,2.000000000000001
18-10-2025,Karnataka,Ramanagar,562160,7,0,0,7.000000000000105
18-10-2025,Karnataka,Shimoga,577201,1,0,0,0.99999999999998
18-10-2025,Karnataka,Shimoga,577216,1,0,0,0.99999999999998
18-10-2025,Karnataka,Shimoga,577429,2,1,0,2.999999999999976
18-10-2025,Karnataka,Shivamogga,577214,1,0,0,0.99999999999998
18-10-2025,Karnataka,Shivamogga,577216,1,0,0,0.99999999999998
18-10-2025,Karnataka,Shivamogga,577401,2,0,0,2.000000000000001
18-10-2025,Karnataka,Tumakuru,561202,1,0,0,0.99999999999998
18-10-2025,Karnataka,Tumakuru,572140,1,0,0,0.99999999999998
18-10-2025,Karnataka,Tumakuru,572223,1,0,0,0.99999999999998
18-10-2025,Karnataka,Tumakuru,572227,1,0,0,0.99999999999998
18-10-2025,Karnataka,Tumkur,572101,1,1,0,1.999999999999955
18-10-2025,Karnataka,Tumkur,572107,1,0,0,0.99999999999998
18-10-2025,Karnataka,Tumkur,572117,3,0,0,3.0000000000000218
18-10-2025,Karnataka,Tumkur,572121,1,0,0,0.99999999999998
18-10-2025,Karnataka,Tumkur,572132,3,1,0,3.9999999999999964
18-10-2025,Karnataka,Tumkur,572137,2,0,0,2.000000000000001
18-10-2025,Karnataka,Udupi,574107,4,1,0,5.000000000000018
18-10-2025,Karnataka,Udupi,574116,5,0,1,6.00000000000005
18-10-2025,Karnataka,Udupi,576112,1,0,0,0.99999999999998
18-10-2025,Karnataka,Udupi,576210,2,1,0,2.999999999999976
18-10-2025,Karnataka,Udupi,576222,3,0,0,3.0000000000000218
18-10-2025,Karnataka,Udupi,576234,1,0,0,0.99999999999998
18-10-2025,Karnataka,Uttara Kannada,581307,1,0,0,0.99999999999998
18-10-2025,Karnataka,Uttara Kannada,581334,0,0,1,0.9999999999999446
18-10-2025,Karnataka,Uttara Kannada,581348,1,0,0,0.99999999999998
18-10-2025,Karnataka,Vijayanagara,583135,6,0,0,6.000000000000084
18-10-2025,Karnataka,Vijayanagara,583136,1,0,0,0.99999999999998
18-10-2025,Karnataka,Vijayanagara,583137,3,0,0,3.0000000000000218
18-10-2025,Karnataka,Vijayanagara,583216,1,0,0,0.99999999999998
18-10-2025,Karnataka,Vijayanagara,583224,1,0,0,0.99999999999998
18-10-2025,Karnataka,Vijayapura,586215,1,0,0,0.99999999999998
18-10-2025,Karnataka,Yadgir,585223,6,1,0,7.0000000000000595
18-10-2025,Karnataka,Yadgir,585291,11,1,0,12.000000000000163
18-10-2025,Karnataka,Yadgir,585309,2,0,0,2.000000000000001
18-10-2025,Karnataka,Yadgir,585319,4,0,0,4.000000000000043
18-10-2025,Karnataka,Yadgir,585323,2,1,0,2.999999999999976
18-10-2025,Karnataka,Bagalkot,587125,3,1,0,3.9999999999999964
18-10-2025,Karnataka,Bagalkot,587155,3,1,0,3.9999999999999964
18-10-2025,Karnataka,Bagalkot,587330,3,0,0,3.0000000000000218
18-10-2025,Karnataka,Ballari,583112,1,0,0,0.99999999999998
18-10-2025,Karnataka,Ballari,583122,1,0,0,0.99999999999998
18-10-2025,Karnataka,Ballari,583214,1,0,0,0.99999999999998
18-10-2025,Karnataka,Ballari,583223,1,0,0,0.99999999999998
18-10-2025,Karnataka,Bangalore,560001,1,1,0,1.999999999999955
18-10-2025,Karnataka,Bangalore,560008,2,0,0,2.000000000000001
18-10-2025,Karnataka,Bangalore,560017,1,0,0,0.99999999999998
18-10-2025,Karnataka,Bangalore,560027,2,0,0,2.000000000000001
18-10-2025,Karnataka,Bangalore,560049,1,1,0,1.999999999999955
18-10-2025,Karnataka,Bangalore,560073,2,1,0,2.999999999999976
18-10-2025,Karnataka,Bangalore,560076,1,0,0,0.99999999999998
18-10-2025,Karnataka,Bangalore,560078,4,0,0,4.000000000000043
18-10-2025,Karnataka,Bangalore,560100,1,0,0,0.99999999999998
18-10-2025,Karnataka,Bangalore,562157,1,0,0,0.99999999999998
18-10-2025,Karnataka,Bangalore Rural,562110,3,0,0,3.0000000000000218
18-10-2025,Karnataka,Bangalore Rural,562123,3,0,3,5.999999999999978
18-10-2025,Karnataka,Belagavi,590006,1,0,0,0.99999999999998
18-10-2025,Karnataka,Belagavi,591102,5,0,0,5.000000000000064
18-10-2025,Karnataka,Belagavi,591109,2,0,0,2.000000000000001
18-10-2025,Karnataka,Belagavi,591114,1,0,0,0.99999999999998
18-10-2025,Karnataka,Belagavi,591143,1,0,0,0.99999999999998
18-10-2025,Karnataka,Belagavi,591156,0,1,0,0.999999999999934
18-10-2025,Karnataka,Belagavi,591213,2,0,0,2.000000000000001
18-10-2025,Karnataka,Belagavi,591222,4,0,0,4.000000000000043
18-10-2025,Karnataka,Belagavi,591227,1,0,0,0.99999999999998
18-10-2025,Karnataka,Belagavi,591235,1,0,0,0.99999999999998
18-10-2025,Karnataka,Belagavi,591302,3,0,0,3.0000000000000218
18-10-2025,Karnataka,Belgaum,590016,1,0,0,0.99999999999998
18-10-2025,Karnataka,Belgaum,591104,1,0,0,0.99999999999998
18-10-2025,Karnataka,Belgaum,591107,1,0,0,0.99999999999998
18-10-2025,Karnataka,Belgaum,591114,0,1,0,0.999999999999934
18-10-2025,Karnataka,Belgaum,591120,3,0,0,3.0000000000000218
18-10-2025,Karnataka,Belgaum,591127,1,0,0,0.99999999999998
18-10-2025,Karnataka,Belgaum,591215,1,0,0,0.99999999999998
18-10-2025,Karnataka,Belgaum,591217,1,0,0,0.99999999999998
18-10-2025,Karnataka,Belgaum,591221,1,0,0,0.99999999999998
18-10-2025,Karnataka,Belgaum,591226,1,0,0,0.99999999999998
18-10-2025,Karnataka,Belgaum,591312,1,0,0,0.99999999999998
18-10-2025,Karnataka,Bellary,583117,2,0,0,2.000000000000001
18-10-2025,Karnataka,Bellary,583121,1,1,0,1.999999999999955
18-10-2025,Karnataka,Bellary,583122,2,1,0,2.999999999999976
18-10-2025,Karnataka,Bellary,583126,1,0,0,0.99999999999998
18-10-2025,Karnataka,Bellary,583214,1,0,0,0.99999999999998
18-10-2025,Karnataka,Bellary,583219,1,0,0,0.99999999999998
18-10-2025,Karnataka,Bengaluru,560024,1,0,0,0.99999999999998
18-10-2025,Karnataka,Bengaluru,560029,2,1,0,2.999999999999976
18-10-2025,Karnataka,Bengaluru,560043,1,3,1,4.99999999999989
18-10-2025,Karnataka,Bengaluru,560058,1,1,0,1.999999999999955
18-10-2025,Karnataka,Bengaluru,560067,1,0,4,4.999999999999922
18-10-2025,Karnataka,Bengaluru,560076,4,1,0,5.000000000000018
18-10-2025,Karnataka,Bengaluru,560078,1,1,0,1.999999999999955
18-10-2025,Karnataka,Bengaluru,560085,2,0,0,2.000000000000001
18-10-2025,Karnataka,Bengaluru,560087,5,0,2,7.000000000000035
18-10-2025,Karnataka,Bengaluru,560099,1,0,0,0.99999999999998
18-10-2025,Karnataka,Bengaluru,560108,1,0,0,0.99999999999998
18-10-2025,Karnataka,Bengaluru,560109,1,0,0,0.99999999999998
18-10-2025,Karnataka,Bengaluru,562162,1,0,0,0.99999999999998
18-10-2025,Karnataka,Bidar,585326,3,1,0,3.9999999999999964
18-10-2025,Karnataka,Bidar,585413,2,0,0,2.000000000000001
18-10-2025,Karnataka,Bidar,585417,1,0,0,0.99999999999998
18-10-2025,Karnataka,Bijapur,586211,0,2,0,1.999999999999909
18-10-2025,Karnataka,Chamrajanagar,571109,1,0,0,0.99999999999998
18-10-2025,Karnataka,Chamrajanagar,571111,3,0,0,3.0000000000000218
18-10-2025,Karnataka,Chamrajanagar,571117,1,0,0,0.99999999999998
18-10-2025,Karnataka,Chamrajanagar,571444,6,2,0,8.000000000000034
18-10-2025,Karnataka,Chamrajnagar,571440,2,0,0,2.000000000000001
18-10-2025,Karnataka,Chamrajnagar,571443,1,0,0,0.99999999999998
18-10-2025,Karnataka,Chamrajnagar,571444,1,0,0,0.99999999999998
18-10-2025,Karnataka,Chikkaballapur,561210,3,0,0,3.0000000000000218
18-10-2025,Karnataka,Chikkaballapur,562101,5,1,0,6.000000000000038
18-10-2025,Karnataka,Chikkaballapur,562102,1,0,0,0.99999999999998
18-10-2025,Karnataka,Chikkaballapur,563128,2,0,0,2.000000000000001
18-10-2025,Karnataka,Chikkamagaluru,577101,2,0,0,2.000000000000001
18-10-2025,Karnataka,Chikkamagaluru,577137,1,0,0,0.99999999999998
18-10-2025,Karnataka,Chitradurga,577527,1,1,0,1.999999999999955
18-10-2025,Karnataka,Chitradurga,577540,8,1,0,9.000000000000101
18-10-2025,Karnataka,Chitradurga,577542,1,0,0,0.99999999999998
18-10-2025,Karnataka,Chitradurga,577598,3,0,0,3.0000000000000218
18-10-2025,Karnataka,Chitradurga,577599,2,0,0,2.000000000000001
18-10-2025,Karnataka,Dakshina Kannada,574153,1,0,0,0.99999999999998
18-10-2025,Karnataka,Dakshina Kannada,574154,2,0,0,2.000000000000001
18-10-2025,Karnataka,Dakshina Kannada,574213,0,1,0,0.999999999999934
18-10-2025,Karnataka,Dakshina Kannada,574216,1,1,0,1.999999999999955
18-10-2025,Karnataka,Dakshina Kannada,574217,1,0,0,0.99999999999998
18-10-2025,Karnataka,Dakshina Kannada,574233,1,0,0,0.99999999999998
18-10-2025,Karnataka,Dakshina Kannada,574239,1,0,0,0.99999999999998
18-10-2025,Karnataka,Dakshina Kannada,574242,1,1,0,1.999999999999955
18-10-2025,Karnataka,Dakshina Kannada,574324,3,0,0,3.0000000000000218
18-10-2025,Karnataka,Dakshina Kannada,574326,1,0,0,0.99999999999998
18-10-2025,Karnataka,Dakshina Kannada,575001,2,0,0,2.000000000000001
18-10-2025,Karnataka,Dakshina Kannada,575005,1,0,0,0.99999999999998
18-10-2025,Karnataka,Dakshina Kannada,575010,1,0,0,0.99999999999998
18-10-2025,Karnataka,Dakshina Kannada,575018,1,0,0,0.99999999999998
18-10-2025,Karnataka,Dakshina Kannada,575019,9,0,0,9.000000000000147
18-10-2025,Karnataka,Dakshina Kannada,575022,2,0,0,2.000000000000001
18-10-2025,Karnataka,Dakshina Kannada,575025,1,0,0,0.99999999999998
18-10-2025,Karnataka,Davanagere,577004,1,0,0,0.99999999999998
18-10-2025,Karnataka,Davangere,577006,2,0,0,2.000000000000001
18-10-2025,Karnataka,Davangere,577219,3,1,0,3.9999999999999964
18-10-2025,Karnataka,Davangere,577512,1,0,1,1.9999999999999654
18-10-2025,Karnataka,Davangere,577516,1,0,0,0.99999999999998
18-10-2025,Karnataka,Davangere,577521,1,0,0,0.99999999999998
18-10-2025,Karnataka,Davangere,577544,1,0,0,0.99999999999998
18-10-2025,Karnataka,Dharwad,580118,1,0,0,0.99999999999998
18-10-2025,Karnataka,Gadag,582102,2,0,0,2.000000000000001
18-10-2025,Karnataka,Gadag,582114,1,0,0,0.99999999999998
18-10-2025,Karnataka,Gadag,582204,2,0,0,2.000000000000001
18-10-2025,Karnataka,Gulbarga,585265,1,0,0,0.99999999999998
18-10-2025,Karnataka,Gulbarga,585301,1,1,0,1.999999999999955
18-10-2025,Karnataka,Gulbarga,585302,3,0,0,3.0000000000000218
18-10-2025,Karnataka,Gulbarga,585306,2,0,0,2.000000000000001
18-10-2025,Karnataka,Gulbarga,585310,2,0,0,2.000000000000001
17-10-2025,Karnataka,Davangere,577516,8,0,0,8.000000000000126
17-10-2025,Karnataka,Davangere,577601,5,0,0,5.000000000000064
17-10-2025,Karnataka,Dharwad,580002,2,0,0,2.000000000000001
17-10-2025,Karnataka,Dharwad,580008,2,1,0,2.999999999999976
17-10-2025,Karnataka,Dharwad,580023,10,1,0,11.000000000000142
17-10-2025,Karnataka,Dharwad,580026,1,0,0,0.99999999999998
17-10-2025,Karnataka,Dharwad,580030,0,1,0,0.999999999999934
17-10-2025,Karnataka,Dharwad,581113,1,1,0,1.999999999999955
17-10-2025,Karnataka,Dharwad,581117,1,0,0,0.99999999999998
17-10-2025,Karnataka,Dharwad,581201,2,0,0,2.000000000000001
17-10-2025,Karnataka,Dharwad,581206,3,0,0,3.0000000000000218
17-10-2025,Karnataka,Dharwad,581207,2,0,0,2.000000000000001
17-10-2025,Karnataka,Gulbarga,585217,0,1,0,0.999999999999934
17-10-2025,Karnataka,Gulbarga,585220,1,0,0,0.99999999999998
17-10-2025,Karnataka,Gulbarga,585265,1,0,0,0.99999999999998
17-10-2025,Karnataka,Gulbarga,585307,1,1,0,1.999999999999955
17-10-2025,Karnataka,Gulbarga,585311,1,0,0,0.99999999999998
17-10-2025,Karnataka,Gulbarga,585317,2,0,0,2.000000000000001
17-10-2025,Karnataka,Hasan,573111,1,0,0,0.99999999999998
17-10-2025,Karnataka,Hasan,573117,2,0,0,2.000000000000001
17-10-2025,Karnataka,Hasan,573131,2,0,0,2.000000000000001
17-10-2025,Karnataka,Hassan,573122,2,0,0,2.000000000000001
17-10-2025,Karnataka,Hassan,573134,1,0,0,0.99999999999998
17-10-2025,Karnataka,Hassan,573150,2,0,0,2.000000000000001
17-10-2025,Karnataka,Hassan,573164,2,0,0,2.000000000000001
17-10-2025,Karnataka,Haveri,581109,2,0,0,2.000000000000001
17-10-2025,Karnataka,Haveri,581208,2,0,0,2.000000000000001
17-10-2025,Karnataka,Kalaburagi,585102,7,1,0,8.00000000000008
17-10-2025,Karnataka,Kalaburagi,585104,20,1,0,21.000000000000348
17-10-2025,Karnataka,Kalaburagi,585301,2,0,0,2.000000000000001
17-10-2025,Karnataka,Kalaburagi,585306,1,0,0,0.99999999999998
17-10-2025,Karnataka,Kalaburagi,585324,1,0,0,0.99999999999998
17-10-2025,Karnataka,Kodagu,571213,1,0,0,0.99999999999998
17-10-2025,Karnataka,Kodagu,571218,3,0,0,3.0000000000000218
17-10-2025,Karnataka,Kodagu,571234,5,0,0,5.000000000000064
17-10-2025,Karnataka,Kolar,563114,6,2,1,9.00000000000002
17-10-2025,Karnataka,Kolar,563116,1,0,0,0.99999999999998
17-10-2025,Karnataka,Kolar,563122,4,2,0,5.999999999999993
17-10-2025,Karnataka,Kolar,563160,1,0,0,0.99999999999998
17-10-2025,Karnataka,Kolar,563162,2,0,0,2.000000000000001
17-10-2025,Karnataka,Koppal,583235,3,2,0,4.999999999999972
17-10-2025,Karnataka,Koppal,583281,2,0,0,2.000000000000001
17-10-2025,Karnataka,Mandya,571402,3,0,0,3.0000000000000218
17-10-2025,Karnataka,Mandya,571403,2,0,0,2.000000000000001
17-10-2025,Karnataka,Mandya,571415,2,0,0,2.000000000000001
17-10-2025,Karnataka,Mandya,571424,1,0,0,0.99999999999998
17-10-2025,Karnataka,Mandya,571426,3,0,0,3.0000000000000218
17-10-2025,Karnataka,Mandya,571431,1,0,0,0.99999999999998
17-10-2025,Karnataka,Mandya,571434,6,0,0,6.000000000000084
17-10-2025,Karnataka,Mysore,570002,1,0,0,0.99999999999998
17-10-2025,Karnataka,Mysore,570007,4,1,0,5.000000000000018
17-10-2025,Karnataka,Mysore,571107,4,0,0,4.000000000000043
17-10-2025,Karnataka,Mysore,571108,1,0,0,0.99999999999998
17-10-2025,Karnataka,Mysore,571122,1,0,0,0.99999999999998
17-10-2025,Karnataka,Mysore,571129,2,0,0,2.000000000000001
17-10-2025,Karnataka,Mysore,571134,1,0,0,0.99999999999998
17-10-2025,Karnataka,Mysore,571189,1,0,0,0.99999999999998
17-10-2025,Karnataka,Mysore,571602,2,0,0,2.000000000000001
17-10-2025,Karnataka,Mysuru,570008,2,0,0,2.000000000000001
17-10-2025,Karnataka,Mysuru,570023,2,0,0,2.000000000000001
17-10-2025,Karnataka,Mysuru,571101,5,0,0,5.000000000000064
17-10-2025,Karnataka,Mysuru,571118,1,0,0,0.99999999999998
17-10-2025,Karnataka,Mysuru,571124,4,0,0,4.000000000000043
17-10-2025,Karnataka,Mysuru,571125,1,0,0,0.99999999999998
17-10-2025,Karnataka,Mysuru,571302,2,0,0,2.000000000000001
17-10-2025,Karnataka,Raichur,584113,1,0,0,0.99999999999998
17-10-2025,Karnataka,Raichur,584135,4,3,0,6.999999999999967
17-10-2025,Karnataka,Raichur,584138,1,0,0,0.99999999999998
17-10-2025,Karnataka,Ramanagar,561101,3,0,0,3.0000000000000218
17-10-2025,Karnataka,Ramanagar,562117,8,0,0,8.000000000000126
17-10-2025,Karnataka,Ramanagar,562160,12,3,0,15.000000000000133
17-10-2025,Karnataka,Shimoga,577205,2,0,0,2.000000000000001
17-10-2025,Karnataka,Shimoga,577243,2,0,0,2.000000000000001
17-10-2025,Karnataka,Shimoga,577301,1,2,0,2.99999999999993
17-10-2025,Karnataka,Shimoga,577401,3,0,0,3.0000000000000218
17-10-2025,Karnataka,Shimoga,577428,1,0,0,0.99999999999998
17-10-2025,Karnataka,Shivamogga,577211,1,0,0,0.99999999999998
17-10-2025,Karnataka,Shivamogga,577229,2,0,0,2.000000000000001
17-10-2025,Karnataka,Shivamogga,577427,1,0,0,0.99999999999998
17-10-2025,Karnataka,Shivamogga,577429,1,0,0,0.99999999999998
17-10-2025,Karnataka,Shivamogga,577447,1,0,0,0.99999999999998
17-10-2025,Karnataka,Shivamogga,577450,2,0,0,2.000000000000001
17-10-2025,Karnataka,Tumakuru,561202,1,0,0,0.99999999999998
17-10-2025,Karnataka,Tumakuru,572114,1,0,0,0.99999999999998
17-10-2025,Karnataka,Tumakuru,572117,1,1,0,1.999999999999955
17-10-2025,Karnataka,Tumakuru,572129,1,0,0,0.99999999999998
17-10-2025,Karnataka,Tumakuru,572137,2,1,0,2.999999999999976
17-10-2025,Karnataka,Tumakuru,572211,2,0,0,2.000000000000001
17-10-2025,Karnataka,Tumakuru,572214,3,0,0,3.0000000000000218
17-10-2025,Karnataka,Tumkur,572104,0,1,0,0.999999999999934
17-10-2025,Karnataka,Tumkur,572120,1,0,0,0.99999999999998
17-10-2025,Karnataka,Tumkur,572121,1,0,0,0.99999999999998
17-10-2025,Karnataka,Tumkur,572132,6,0,0,6.000000000000084
17-10-2025,Karnataka,Tumkur,572136,1,0,0,0.99999999999998
17-10-2025,Karnataka,Tumkur,572137,1,0,0,0.99999999999998
17-10-2025,Karnataka,Tumkur,572140,1,0,0,0.99999999999998
17-10-2025,Karnataka,Tumkur,572213,1,0,0,0.99999999999998
17-10-2025,Karnataka,Tumkur,572216,3,0,0,3.0000000000000218
17-10-2025,Karnataka,Tumkur,572217,2,0,0,2.000000000000001
17-10-2025,Karnataka,Tumkur,572218,1,0,0,0.99999999999998
17-10-2025,Karnataka,Udupi,576108,1,1,0,1.999999999999955
17-10-2025,Karnataka,Udupi,576117,1,0,0,0.99999999999998
17-10-2025,Karnataka,Udupi,576124,1,0,0,0.99999999999998
17-10-2025,Karnataka,Udupi,576211,6,0,0,6.000000000000084
17-10-2025,Karnataka,Udupi,576216,1,0,0,0.99999999999998
17-10-2025,Karnataka,Udupi,576229,2,0,0,2.000000000000001
17-10-2025,Karnataka,Udupi,576230,2,0,0,2.000000000000001
17-10-2025,Karnataka,Udupi,576282,2,0,0,2.000000000000001
17-10-2025,Karnataka,Udupi,576283,2,0,0,2.000000000000001
17-10-2025,Karnataka,Uttara Kannada,581314,5,0,0,5.000000000000064
17-10-2025,Karnataka,Uttara Kannada,581320,1,1,0,1.999999999999955
17-10-2025,Karnataka,Uttara Kannada,581360,1,0,0,0.99999999999998
17-10-2025,Karnataka,Uttara Kannada,581440,1,0,0,0.99999999999998
17-10-2025,Karnataka,Vijayanagara,583125,2,0,0,2.000000000000001
17-10-2025,Karnataka,Vijayanagara,583134,6,1,1,8.000000000000044
17-10-2025,Karnataka,Vijayanagara,583136,2,0,0,2.000000000000001
17-10-2025,Karnataka,Vijayanagara,583201,2,0,0,2.000000000000001
17-10-2025,Karnataka,Vijayanagara,583222,1,0,0,0.99999999999998
17-10-2025,Karnataka,Vijayapura,586111,3,0,0,3.0000000000000218
17-10-2025,Karnataka,Vijayapura,586117,5,3,0,7.999999999999988
17-10-2025,Karnataka,Vijayapura,586125,2,0,0,2.000000000000001
17-10-2025,Karnataka,Vijayapura,586129,3,0,0,3.0000000000000218
17-10-2025,Karnataka,Vijayapura,586205,2,0,0,2.000000000000001
17-10-2025,Karnataka,Vijayapura,586206,2,0,0,2.000000000000001
17-10-2025,Karnataka,Vijayapura,586245,1,0,0,0.99999999999998
17-10-2025,Karnataka,Yadgir,585201,2,0,0,2.000000000000001
17-10-2025,Karnataka,Yadgir,585202,5,0,0,5.000000000000064
17-10-2025,Karnataka,Yadgir,585223,9,4,0,13.000000000000046
17-10-2025,Karnataka,Yadgir,585237,8,1,0,9.000000000000101
17-10-2025,Karnataka,Yadgir,585287,2,1,0,2.999999999999976
17-10-2025,Karnataka,Yadgir,585291,24,1,0,25.000000000000433
17-10-2025,Karnataka,Yadgir,585323,3,0,0,3.0000000000000218
17-10-2025,Karnataka,Bagalkot,586126,0,1,0,0.999999999999934
17-10-2025,Karnataka,Bagalkot,587112,1,0,0,0.99999999999998
17-10-2025,Karnataka,Bagalkot,587125,11,0,0,11.000000000000188
17-10-2025,Karnataka,Bagalkot,587314,0,1,0,0.999999999999934
17-10-2025,Karnataka,Bagalkot,587330,3,2,0,4.999999999999972
17-10-2025,Karnataka,Bagalkot *,587313,1,1,0,1.999999999999955
17-10-2025,Karnataka,Ballari,583101,7,0,0,7.000000000000105
17-10-2025,Karnataka,Ballari,583117,3,0,0,3.0000000000000218
17-10-2025,Karnataka,Ballari,583122,1,0,0,0.99999999999998
17-10-2025,Karnataka,Ballari,583132,1,1,0,1.999999999999955
17-10-2025,Karnataka,Bangalore,560004,2,1,0,2.999999999999976
17-10-2025,Karnataka,Bangalore,560010,1,0,0,0.99999999999998
17-10-2025,Karnataka,Bangalore,560013,1,0,0,0.99999999999998
17-10-2025,Karnataka,Bangalore,560018,1,0,0,0.99999999999998
17-10-2025,Karnataka,Bangalore,560021,1,0,0,0.99999999999998
17-10-2025,Karnataka,Bangalore,560029,4,0,0,4.000000000000043
17-10-2025,Karnataka,Bangalore,560041,2,1,0,2.999999999999976
17-10-2025,Karnataka,Bangalore,560056,3,0,0,3.0000000000000218
17-10-2025,Karnataka,Bangalore,560057,1,0,0,0.99999999999998
17-10-2025,Karnataka,Bangalore,560061,2,0,0,2.000000000000001
17-10-2025,Karnataka,Bangalore,560068,1,0,0,0.99999999999998
17-10-2025,Karnataka,Bangalore,560077,1,2,0,2.99999999999993
17-10-2025,Karnataka,Bangalore,560085,2,0,0,2.000000000000001
17-10-2025,Karnataka,Bangalore,560093,1,0,0,0.99999999999998
17-10-2025,Karnataka,Bangalore,562149,1,0,0,0.99999999999998
17-10-2025,Karnataka,Bangalore Rural,560049,0,0,1,0.9999999999999446
17-10-2025,Karnataka,Bangalore Rural,562122,3,0,0,3.0000000000000218
17-10-2025,Karnataka,Belagavi,590006,1,0,0,0.99999999999998
17-10-2025,Karnataka,Belagavi,591112,1,0,0,0.99999999999998
17-10-2025,Karnataka,Belagavi,591224,1,0,0,0.99999999999998
17-10-2025,Karnataka,Belagavi,591226,5,1,0,6.000000000000038
17-10-2025,Karnataka,Belagavi,591230,1,0,0,0.99999999999998
17-10-2025,Karnataka,Belagavi,591235,2,0,0,2.000000000000001
17-10-2025,Karnataka,Belagavi,591248,1,0,0,0.99999999999998
17-10-2025,Karnataka,Belagavi,591304,1,1,0,1.999999999999955
17-10-2025,Karnataka,Belgaum,590005,5,0,0,5.000000000000064
17-10-2025,Karnataka,Belgaum,591110,1,0,0,0.99999999999998
17-10-2025,Karnataka,Belgaum,591147,1,0,0,0.99999999999998
17-10-2025,Karnataka,Belgaum,591153,1,0,0,0.99999999999998
17-10-2025,Karnataka,Belgaum,591219,1,0,0,0.99999999999998
17-10-2025,Karnataka,Belgaum,591220,4,1,0,5.000000000000018
17-10-2025,Karnataka,Belgaum,591221,1,0,0,0.99999999999998
17-10-2025,Karnataka,Belgaum,591229,2,0,0,2.000000000000001
17-10-2025,Karnataka,Belgaum,591244,1,0,0,0.99999999999998
17-10-2025,Karnataka,Belgaum,591311,3,0,0,3.0000000000000218
17-10-2025,Karnataka,Belgaum,591312,7,0,0,7.000000000000105
17-10-2025,Karnataka,Belgaum,591317,9,1,0,10.000000000000123
17-10-2025,Karnataka,Bellary,583114,2,0,0,2.000000000000001
17-10-2025,Karnataka,Bellary,583123,1,0,0,0.99999999999998
17-10-2025,Karnataka,Bellary,583211,1,0,0,0.99999999999998
17-10-2025,Karnataka,Bellary,583212,3,2,0,4.999999999999972
17-10-2025,Karnataka,Bellary,583239,1,1,0,1.999999999999955
17-10-2025,Karnataka,Bengaluru,560002,1,0,0,0.99999999999998
17-10-2025,Karnataka,Bengaluru,560005,1,1,0,1.999999999999955
17-10-2025,Karnataka,Bengaluru,560008,3,0,0,3.0000000000000218
17-10-2025,Karnataka,Bengaluru,560010,2,2,0,3.9999999999999507
17-10-2025,Karnataka,Bengaluru,560013,1,0,0,0.99999999999998
17-10-2025,Karnataka,Bengaluru,560024,2,0,1,2.9999999999999862
17-10-2025,Karnataka,Bengaluru,560026,13,0,0,13.000000000000231
17-10-2025,Karnataka,Bengaluru,560027,1,0,1,1.9999999999999654
17-10-2025,Karnataka,Bengaluru,560029,2,1,0,2.999999999999976
17-10-2025,Karnataka,Bengaluru,560030,2,1,0,2.999999999999976
17-10-2025,Karnataka,Bengaluru,560045,14,2,1,17.000000000000185
17-10-2025,Karnataka,Bengaluru,560048,2,1,2,4.999999999999947
17-10-2025,Karnataka,Bengaluru,560049,7,1,0,8.00000000000008
17-10-2025,Karnataka,Bengaluru,560064,2,1,1,3.999999999999962
17-10-2025,Karnataka,Bengaluru,560066,1,3,1,4.99999999999989
17-10-2025,Karnataka,Bengaluru,560073,4,1,0,5.000000000000018
17-10-2025,Karnataka,Bengaluru,560087,7,1,0,8.00000000000008
17-10-2025,Karnataka,Bengaluru,560102,0,0,1,0.9999999999999446
17-10-2025,Karnataka,Bengaluru,562106,1,0,0,0.99999999999998
17-10-2025,Karnataka,Bidar,585327,11,5,0,16.000000000000064
17-10-2025,Karnataka,Bidar,585413,5,1,0,6.000000000000038
17-10-2025,Karnataka,Bidar,585436,0,1,0,0.999999999999934
17-10-2025,Karnataka,Bidar,585443,2,0,0,2.000000000000001
17-10-2025,Karnataka,Bijapur,586111,1,0,0,0.99999999999998
17-10-2025,Karnataka,Bijapur,586112,1,0,0,0.99999999999998
17-10-2025,Karnataka,Bijapur,586113,2,0,0,2.000000000000001
17-10-2025,Karnataka,Bijapur,586119,0,1,0,0.999999999999934
17-10-2025,Karnataka,Bijapur,586202,2,1,0,2.999999999999976
17-10-2025,Karnataka,Bijapur,586204,2,0,0,2.000000000000001
17-10-2025,Karnataka,Bijapur,586211,0,2,0,1.999999999999909
17-10-2025,Karnataka,Bijapur,586215,2,0,0,2.000000000000001
17-10-2025,Karnataka,Chamarajanagar,571441,2,0,0,2.000000000000001
17-10-2025,Karnataka,Chamrajanagar,571127,2,0,0,2.000000000000001
17-10-2025,Karnataka,Chamrajanagar,571342,3,0,0,3.0000000000000218
17-10-2025,Karnataka,Chamrajanagar,571440,6,0,0,6.000000000000084
17-10-2025,Karnataka,Chamrajanagar,571443,4,0,0,4.000000000000043
17-10-2025,Karnataka,Chamrajanagar,571444,13,4,0,17.000000000000128
17-10-2025,Karnataka,Chickmagalur,577111,1,0,0,0.99999999999998
17-10-2025,Karnataka,Chickmagalur,577134,1,0,0,0.99999999999998
17-10-2025,Karnataka,Chickmagalur,577228,1,0,0,0.99999999999998
17-10-2025,Karnataka,Chikkaballapur,561206,1,0,0,0.99999999999998
17-10-2025,Karnataka,Chikkaballapur,562101,9,1,0,10.000000000000123
17-10-2025,Karnataka,Chikkaballapur,562103,3,0,0,3.0000000000000218
17-10-2025,Karnataka,Chikkaballapur,563123,1,1,0,1.999999999999955
17-10-2025,Karnataka,Chikkaballapur,563124,1,0,0,0.99999999999998
17-10-2025,Karnataka,Chikkaballapur,563125,10,1,0,11.000000000000142
17-10-2025,Karnataka,Chikkaballapur,563128,2,0,0,2.000000000000001
17-10-2025,Karnataka,Chikkamagaluru,577132,1,0,0,0.99999999999998
17-10-2025,Karnataka,Chikkamagaluru,577136,1,0,0,0.99999999999998
17-10-2025,Karnataka,Chitradurga,577517,2,0,0,2.000000000000001
17-10-2025,Karnataka,Chitradurga,577520,2,0,0,2.000000000000001
17-10-2025,Karnataka,Chitradurga,577523,1,1,0,1.999999999999955
17-10-2025,Karnataka,Chitradurga,577532,3,0,0,3.0000000000000218
17-10-2025,Karnataka,Chitradurga,577533,1,0,1,1.9999999999999654
17-10-2025,Karnataka,Chitradurga,577535,11,1,0,12.000000000000163
17-10-2025,Karnataka,Chitradurga,577541,1,0,0,0.99999999999998
17-10-2025,Karnataka,Dakshina Kannada,574142,3,0,0,3.0000000000000218
17-10-2025,Karnataka,Dakshina Kannada,574151,1,0,0,0.99999999999998
17-10-2025,Karnataka,Dakshina Kannada,574217,1,0,0,0.99999999999998
17-10-2025,Karnataka,Dakshina Kannada,574219,1,0,0,0.99999999999998
17-10-2025,Karnataka,Dakshina Kannada,574221,1,0,0,0.99999999999998
17-10-2025,Karnataka,Dakshina Kannada,574227,2,1,0,2.999999999999976
17-10-2025,Karnataka,Dakshina Kannada,574231,3,0,0,3.0000000000000218
17-10-2025,Karnataka,Dakshina Kannada,574232,3,0,0,3.0000000000000218
17-10-2025,Karnataka,Dakshina Kannada,574243,3,0,0,3.0000000000000218
17-10-2025,Karnataka,Dakshina Kannada,574313,2,0,0,2.000000000000001
17-10-2025,Karnataka,Dakshina Kannada,574314,1,0,0,0.99999999999998
17-10-2025,Karnataka,Dakshina Kannada,574326,10,0,0,10.000000000000169
17-10-2025,Karnataka,Dakshina Kannada,575001,9,1,0,10.000000000000123
17-10-2025,Karnataka,Dakshina Kannada,575004,2,1,0,2.999999999999976
17-10-2025,Karnataka,Dakshina Kannada,575005,1,0,0,0.99999999999998
17-10-2025,Karnataka,Dakshina Kannada,575013,1,0,0,0.99999999999998
17-10-2025,Karnataka,Dakshina Kannada,575017,2,0,0,2.000000000000001
17-10-2025,Karnataka,Dakshina Kannada,575019,1,0,0,0.99999999999998
17-10-2025,Karnataka,Davanagere,577215,1,0,0,0.99999999999998
17-10-2025,Karnataka,Davanagere,577589,1,0,0,0.99999999999998
17-10-2025,Karnataka,Davangere,577006,2,1,0,2.999999999999976
17-10-2025,Karnataka,Davangere,577219,2,0,0,2.000000000000001
17-10-2025,Karnataka,Davangere,577225,2,1,0,2.999999999999976
20-10-2025,Karnataka,Bagalkot,587111,1,0,0,0.99999999999998
20-10-2025,Karnataka,Bagalkot,587122,0,1,0,0.999999999999934
20-10-2025,Karnataka,Ballari,583102,1,0,0,0.99999999999998
20-10-2025,Karnataka,Bangalore,560010,2,0,0,2.000000000000001
20-10-2025,Karnataka,Bangalore,560027,1,0,0,0.99999999999998
20-10-2025,Karnataka,Bangalore,560032,1,0,0,0.99999999999998
20-10-2025,Karnataka,Bangalore,560051,1,0,0,0.99999999999998
20-10-2025,Karnataka,Bangalore,560058,1,0,0,0.99999999999998
20-10-2025,Karnataka,Bangalore,560066,1,0,0,0.99999999999998
20-10-2025,Karnataka,Bangalore,560068,1,0,0,0.99999999999998
20-10-2025,Karnataka,Bangalore,560082,1,0,0,0.99999999999998
20-10-2025,Karnataka,Belagavi,590010,0,1,0,0.999999999999934
20-10-2025,Karnataka,Belagavi,591104,1,0,0,0.99999999999998
20-10-2025,Karnataka,Belgaum,590006,1,0,0,0.99999999999998
20-10-2025,Karnataka,Belgaum,591122,1,0,0,0.99999999999998
20-10-2025,Karnataka,Belgaum,591222,1,0,0,0.99999999999998
20-10-2025,Karnataka,Belgaum,591307,1,0,0,0.99999999999998
20-10-2025,Karnataka,Bellary,583135,0,1,0,0.999999999999934
20-10-2025,Karnataka,Bellary,583223,1,0,0,0.99999999999998
20-10-2025,Karnataka,Bengaluru,560001,0,1,0,0.999999999999934
20-10-2025,Karnataka,Bengaluru,560003,2,0,0,2.000000000000001
20-10-2025,Karnataka,Bengaluru,560030,1,0,0,0.99999999999998
20-10-2025,Karnataka,Bengaluru,560032,1,0,0,0.99999999999998
20-10-2025,Karnataka,Bengaluru,560061,0,1,0,0.999999999999934
20-10-2025,Karnataka,Bengaluru,560086,1,0,0,0.99999999999998
20-10-2025,Karnataka,Bidar,585227,1,1,0,1.999999999999955
20-10-2025,Karnataka,Bidar,585328,0,1,0,0.999999999999934
20-10-2025,Karnataka,Bidar,585331,0,1,0,0.999999999999934
20-10-2025,Karnataka,Bidar,585403,2,0,0,2.000000000000001
20-10-2025,Karnataka,Bijapur,586101,2,0,0,2.000000000000001
20-10-2025,Karnataka,Bijapur,586118,0,1,0,0.999999999999934
20-10-2025,Karnataka,Bijapur,586128,2,0,0,2.000000000000001
20-10-2025,Karnataka,Bijapur,586204,1,0,0,0.99999999999998
20-10-2025,Karnataka,Chamarajanagar *,571441,1,0,0,0.99999999999998
20-10-2025,Karnataka,Chitradurga,577511,2,0,0,2.000000000000001
20-10-2025,Karnataka,Dakshina Kannada,574143,1,0,0,0.99999999999998
20-10-2025,Karnataka,Dakshina Kannada,575001,1,0,0,0.99999999999998
20-10-2025,Karnataka,Davangere,577530,2,0,0,2.000000000000001
20-10-2025,Karnataka,Dharwad,580030,2,0,0,2.000000000000001
20-10-2025,Karnataka,Dharwad,581105,1,0,0,0.99999999999998
20-10-2025,Karnataka,Dharwad,582208,1,0,0,0.99999999999998
20-10-2025,Karnataka,Gadag,582117,1,0,0,0.99999999999998
20-10-2025,Karnataka,Haveri,581115,4,0,0,4.000000000000043
20-10-2025,Karnataka,Kalaburagi,585214,1,0,0,0.99999999999998
20-10-2025,Karnataka,Kodagu,571212,1,0,0,0.99999999999998
20-10-2025,Karnataka,Kolar,563135,1,0,0,0.99999999999998
20-10-2025,Karnataka,Koppal,583228,1,0,0,0.99999999999998
20-10-2025,Karnataka,Koppal,583238,1,0,0,0.99999999999998
20-10-2025,Karnataka,Mandya,571430,2,0,0,2.000000000000001
20-10-2025,Karnataka,Mysore,571103,1,0,0,0.99999999999998
20-10-2025,Karnataka,Mysore,571122,1,0,0,0.99999999999998
20-10-2025,Karnataka,Mysore,571602,1,0,0,0.99999999999998
20-10-2025,Karnataka,Mysuru,571101,1,0,0,0.99999999999998
20-10-2025,Karnataka,Mysuru,571311,1,0,0,0.99999999999998
20-10-2025,Karnataka,Raichur,584102,1,0,0,0.99999999999998
20-10-2025,Karnataka,Raichur,584115,0,1,0,0.999999999999934
20-10-2025,Karnataka,Raichur,584116,1,0,0,0.99999999999998
20-10-2025,Karnataka,Raichur,584126,0,2,0,1.999999999999909
20-10-2025,Karnataka,Raichur,584127,3,1,0,3.9999999999999964
20-10-2025,Karnataka,Raichur,584138,3,0,0,3.0000000000000218
20-10-2025,Karnataka,Shivamogga,577225,1,0,0,0.99999999999998
20-10-2025,Karnataka,Shivamogga,577428,1,0,0,0.99999999999998
20-10-2025,Karnataka,Tumakuru,572141,1,0,0,0.99999999999998
20-10-2025,Karnataka,Tumkur,561202,1,0,0,0.99999999999998
20-10-2025,Karnataka,Vijayanagara,583131,1,0,0,0.99999999999998
20-10-2025,Karnataka,Vijayapura,586101,0,1,0,0.999999999999934
20-10-2025,Karnataka,Vijayapura,586216,1,0,0,0.99999999999998
20-10-2025,Karnataka,Yadgir,585355,1,0,0,0.99999999999998
19-10-2025,Karnataka,Bagalkot,587101,2,0,0,2.000000000000001
19-10-2025,Karnataka,Bagalkot,587102,1,0,0,0.99999999999998
19-10-2025,Karnataka,Bagalkot,587115,2,0,0,2.000000000000001
19-10-2025,Karnataka,Bagalkot,587116,6,0,0,6.000000000000084
19-10-2025,Karnataka,Bagalkot,587121,1,0,0,0.99999999999998
19-10-2025,Karnataka,Bagalkot,587201,3,0,0,3.0000000000000218
19-10-2025,Karnataka,Bagalkot,587206,1,1,0,1.999999999999955
19-10-2025,Karnataka,Bagalkot,587301,12,3,0,15.000000000000133
19-10-2025,Karnataka,Bagalkot *,587207,1,0,0,0.99999999999998
19-10-2025,Karnataka,Ballari,583102,1,0,0,0.99999999999998
19-10-2025,Karnataka,Ballari,583104,2,2,0,3.9999999999999507
19-10-2025,Karnataka,Ballari,583122,1,0,0,0.99999999999998
19-10-2025,Karnataka,Ballari,583201,1,1,0,1.999999999999955
19-10-2025,Karnataka,Ballari,583212,1,0,0,0.99999999999998
19-10-2025,Karnataka,Ballari,583224,1,0,0,0.99999999999998
19-10-2025,Karnataka,Bangalore,560002,1,1,0,1.999999999999955
19-10-2025,Karnataka,Bangalore,560023,3,0,0,3.0000000000000218
19-10-2025,Karnataka,Bangalore,560025,1,0,0,0.99999999999998
19-10-2025,Karnataka,Bangalore,560029,1,1,0,1.999999999999955
19-10-2025,Karnataka,Bangalore,560037,2,0,0,2.000000000000001
19-10-2025,Karnataka,Bangalore,560045,6,3,0,9.000000000000009
19-10-2025,Karnataka,Bangalore,560062,1,0,0,0.99999999999998
19-10-2025,Karnataka,Bangalore,560064,2,0,0,2.000000000000001
19-10-2025,Karnataka,Bangalore,560097,1,0,0,0.99999999999998
19-10-2025,Karnataka,Bangalore,562149,1,0,0,0.99999999999998
19-10-2025,Karnataka,Bangalore Rural,561205,1,0,0,0.99999999999998
19-10-2025,Karnataka,Bangalore Rural,562129,1,0,0,0.99999999999998
19-10-2025,Karnataka,Belagavi,590006,1,0,0,0.99999999999998
19-10-2025,Karnataka,Belagavi,590009,1,0,0,0.99999999999998
19-10-2025,Karnataka,Belagavi,590010,2,0,0,2.000000000000001
19-10-2025,Karnataka,Belagavi,591102,3,0,0,3.0000000000000218
19-10-2025,Karnataka,Belagavi,591109,1,0,0,0.99999999999998
19-10-2025,Karnataka,Belagavi,591117,4,0,0,4.000000000000043
19-10-2025,Karnataka,Belagavi,591129,2,0,0,2.000000000000001
19-10-2025,Karnataka,Belagavi,591143,2,0,0,2.000000000000001
19-10-2025,Karnataka,Belagavi,591216,1,0,0,0.99999999999998
19-10-2025,Karnataka,Belagavi,591229,1,0,0,0.99999999999998
19-10-2025,Karnataka,Belagavi,591240,3,0,0,3.0000000000000218
19-10-2025,Karnataka,Belagavi,591248,2,1,0,2.999999999999976
19-10-2025,Karnataka,Belgaum,590010,3,0,0,3.0000000000000218
19-10-2025,Karnataka,Belgaum,591103,1,0,0,0.99999999999998
19-10-2025,Karnataka,Belgaum,591119,1,0,0,0.99999999999998
19-10-2025,Karnataka,Belgaum,591147,1,0,0,0.99999999999998
19-10-2025,Karnataka,Belgaum,591153,2,0,0,2.000000000000001
19-10-2025,Karnataka,Belgaum,591224,3,0,0,3.0000000000000218
19-10-2025,Karnataka,Belgaum,591235,0,2,0,1.999999999999909
19-10-2025,Karnataka,Belgaum,591236,1,0,0,0.99999999999998
19-10-2025,Karnataka,Belgaum,591240,4,0,0,4.000000000000043
19-10-2025,Karnataka,Belgaum,591303,1,0,0,0.99999999999998
19-10-2025,Karnataka,Belgaum,591304,4,0,0,4.000000000000043
19-10-2025,Karnataka,Bellary,583117,2,0,0,2.000000000000001
19-10-2025,Karnataka,Bellary,583201,3,1,0,3.9999999999999964
19-10-2025,Karnataka,Bellary,583216,1,0,0,0.99999999999998
19-10-2025,Karnataka,Bellary,583217,2,0,0,2.000000000000001
19-10-2025,Karnataka,Bengaluru,560006,1,0,0,0.99999999999998
19-10-2025,Karnataka,Bengaluru,560008,1,0,0,0.99999999999998
19-10-2025,Karnataka,Bengaluru,560011,3,0,0,3.0000000000000218
19-10-2025,Karnataka,Bengaluru,560045,14,0,0,14.00000000000025
19-10-2025,Karnataka,Bengaluru,560049,5,0,0,5.000000000000064
19-10-2025,Karnataka,Bengaluru,560053,1,1,0,1.999999999999955
19-10-2025,Karnataka,Bengaluru,560056,2,2,0,3.9999999999999507
19-10-2025,Karnataka,Bengaluru,560061,2,2,1,4.999999999999936
19-10-2025,Karnataka,Bengaluru,560066,1,2,1,3.999999999999915
19-10-2025,Karnataka,Bengaluru,560078,6,1,0,7.0000000000000595
19-10-2025,Karnataka,Bengaluru,560083,5,4,0,8.999999999999963
19-10-2025,Karnataka,Bengaluru,560085,6,0,0,6.000000000000084
19-10-2025,Karnataka,Bengaluru,560086,3,1,0,3.9999999999999964
19-10-2025,Karnataka,Bengaluru,560089,1,0,0,0.99999999999998
19-10-2025,Karnataka,Bengaluru,560093,1,0,0,0.99999999999998
19-10-2025,Karnataka,Bengaluru,560100,10,0,2,12.00000000000014
19-10-2025,Karnataka,Bengaluru,560110,1,0,0,0.99999999999998
19-10-2025,Karnataka,Bengaluru,560114,1,0,0,0.99999999999998
19-10-2025,Karnataka,Bidar,585226,6,0,0,6.000000000000084
19-10-2025,Karnataka,Bidar,585353,0,2,0,1.999999999999909
19-10-2025,Karnataka,Bidar,585403,1,0,0,0.99999999999998
19-10-2025,Karnataka,Bijapur,586116,1,0,0,0.99999999999998
19-10-2025,Karnataka,Bijapur,586121,2,0,1,2.9999999999999862
19-10-2025,Karnataka,Bijapur,586125,1,0,0,0.99999999999998
19-10-2025,Karnataka,Bijapur,586128,6,0,0,6.000000000000084
19-10-2025,Karnataka,Bijapur,586129,1,0,0,0.99999999999998
19-10-2025,Karnataka,Bijapur,586212,1,1,0,1.999999999999955
19-10-2025,Karnataka,Bijapur,586217,3,1,0,3.9999999999999964
19-10-2025,Karnataka,Chamarajanagar *,571441,1,0,0,0.99999999999998
19-10-2025,Karnataka,Chamrajanagar,571127,2,1,0,2.999999999999976
19-10-2025,Karnataka,Chamrajanagar,571439,1,0,0,0.99999999999998
19-10-2025,Karnataka,Chamrajanagar,571441,2,0,0,2.000000000000001
19-10-2025,Karnataka,Chamrajnagar,571444,2,0,0,2.000000000000001
19-10-2025,Karnataka,Chickmagalur,577113,2,0,0,2.000000000000001
19-10-2025,Karnataka,Chickmagalur,577129,1,0,0,0.99999999999998
19-10-2025,Karnataka,Chickmagalur,577131,1,0,0,0.99999999999998
19-10-2025,Karnataka,Chickmagalur,577138,2,0,0,2.000000000000001
19-10-2025,Karnataka,Chickmagalur,577146,0,1,0,0.999999999999934
19-10-2025,Karnataka,Chikkaballapur,561208,0,1,0,0.999999999999934
19-10-2025,Karnataka,Chikkaballapur,562104,2,1,0,2.999999999999976
19-10-2025,Karnataka,Chikkaballapur,562105,6,0,0,6.000000000000084
19-10-2025,Karnataka,Chikkaballapur,563146,1,0,0,0.99999999999998
19-10-2025,Karnataka,Chikkamagaluru,577112,1,0,0,0.99999999999998
19-10-2025,Karnataka,Chitradurga,577502,0,1,0,0.999999999999934
19-10-2025,Karnataka,Chitradurga,577526,3,1,0,3.9999999999999964
19-10-2025,Karnataka,Chitradurga,577527,3,0,0,3.0000000000000218
19-10-2025,Karnataka,Chitradurga,577533,3,1,0,3.9999999999999964
19-10-2025,Karnataka,Chitradurga,577535,12,0,0,12.00000000000021
19-10-2025,Karnataka,Chitradurga,577536,4,1,0,5.000000000000018
19-10-2025,Karnataka,Chitradurga,577537,3,0,0,3.0000000000000218
19-10-2025,Karnataka,Chitradurga,577543,3,0,0,3.0000000000000218
19-10-2025,Karnataka,Chitradurga,577555,3,0,0,3.0000000000000218
19-10-2025,Karnataka,Dakshina Kannada,574153,2,0,0,2.000000000000001
19-10-2025,Karnataka,Dakshina Kannada,574212,2,0,0,2.000000000000001
19-10-2025,Karnataka,Dakshina Kannada,574221,0,1,0,0.999999999999934
19-10-2025,Karnataka,Dakshina Kannada,574241,4,0,0,4.000000000000043
19-10-2025,Karnataka,Dakshina Kannada,574253,1,0,0,0.99999999999998
19-10-2025,Karnataka,Dakshina Kannada,575002,6,0,0,6.000000000000084
19-10-2025,Karnataka,Dakshina Kannada,575010,1,0,0,0.99999999999998
19-10-2025,Karnataka,Dakshina Kannada,575020,3,1,0,3.9999999999999964
19-10-2025,Karnataka,Davanagere,577514,1,0,0,0.99999999999998
19-10-2025,Karnataka,Davangere,577223,1,0,0,0.99999999999998
19-10-2025,Karnataka,Davangere,577514,3,0,0,3.0000000000000218
19-10-2025,Karnataka,Davangere,577530,1,0,0,0.99999999999998
19-10-2025,Karnataka,Davangere,577556,3,1,0,3.9999999999999964
19-10-2025,Karnataka,Davangere,577601,5,1,0,6.000000000000038
19-10-2025,Karnataka,Dharwad,580008,2,0,0,2.000000000000001
19-10-2025,Karnataka,Dharwad,580021,1,0,0,0.99999999999998
19-10-2025,Karnataka,Dharwad,580029,1,0,0,0.99999999999998
19-10-2025,Karnataka,Dharwad,580112,2,0,0,2.000000000000001
19-10-2025,Karnataka,Gadag,582101,3,1,0,3.9999999999999964
19-10-2025,Karnataka,Gadag,582112,6,0,0,6.000000000000084
19-10-2025,Karnataka,Gadag,582119,3,1,0,3.9999999999999964
19-10-2025,Karnataka,Gadag,582120,2,1,0,2.999999999999976
19-10-2025,Karnataka,Gulbarga,585211,3,0,0,3.0000000000000218
19-10-2025,Karnataka,Gulbarga,585228,2,0,0,2.000000000000001
19-10-2025,Karnataka,Gulbarga,585306,1,0,0,0.99999999999998
19-10-2025,Karnataka,Gulbarga,585324,3,0,0,3.0000000000000218
19-10-2025,Karnataka,Hasan,573128,1,0,0,0.99999999999998
19-10-2025,Karnataka,Hasan,573211,1,0,0,0.99999999999998
19-10-2025,Karnataka,Hassan,573122,0,1,0,0.999999999999934
19-10-2025,Karnataka,Hassan,573128,1,0,0,0.99999999999998
19-10-2025,Karnataka,Hassan,573135,1,0,0,0.99999999999998
19-10-2025,Karnataka,Hassan,573211,6,0,0,6.000000000000084
19-10-2025,Karnataka,Haveri,581102,2,0,0,2.000000000000001
19-10-2025,Karnataka,Haveri,581110,6,1,0,7.0000000000000595
19-10-2025,Karnataka,Haveri,581123,3,0,0,3.0000000000000218
19-10-2025,Karnataka,Kalaburagi,585104,8,1,0,9.000000000000101
19-10-2025,Karnataka,Kalaburagi,585301,3,1,0,3.9999999999999964
19-10-2025,Karnataka,Kalaburagi,585305,2,0,0,2.000000000000001
19-10-2025,Karnataka,Kalaburagi,585307,2,0,0,2.000000000000001
19-10-2025,Karnataka,Kalaburagi,585312,4,0,0,4.000000000000043
19-10-2025,Karnataka,Kalaburagi,585316,3,0,0,3.0000000000000218
19-10-2025,Karnataka,Kodagu,571235,0,1,0,0.999999999999934
19-10-2025,Karnataka,Kolar,563116,2,0,0,2.000000000000001
19-10-2025,Karnataka,Kolar,563121,1,0,0,0.99999999999998
19-10-2025,Karnataka,Kolar,563133,2,0,0,2.000000000000001
19-10-2025,Karnataka,Kolar,563134,1,0,0,0.99999999999998
19-10-2025,Karnataka,Kolar,563139,3,0,0,3.0000000000000218
19-10-2025,Karnataka,Kolar,563162,2,0,0,2.000000000000001
19-10-2025,Karnataka,Koppal,583228,0,1,0,0.999999999999934
19-10-2025,Karnataka,Koppal,583230,3,0,0,3.0000000000000218
19-10-2025,Karnataka,Koppal,583234,1,0,0,0.99999999999998
19-10-2025,Karnataka,Koppal,583236,4,0,0,4.000000000000043
19-10-2025,Karnataka,Koppal,583283,8,1,0,9.000000000000101
19-10-2025,Karnataka,Mandya,571401,2,0,0,2.000000000000001
19-10-2025,Karnataka,Mandya,571428,6,0,0,6.000000000000084
19-10-2025,Karnataka,Mandya,571433,2,0,0,2.000000000000001
19-10-2025,Karnataka,Mandya,571455,3,0,0,3.0000000000000218
19-10-2025,Karnataka,Mandya,571812,2,0,0,2.000000000000001
19-10-2025,Karnataka,Mysore,570011,1,0,0,0.99999999999998
19-10-2025,Karnataka,Mysore,570017,3,1,0,3.9999999999999964
19-10-2025,Karnataka,Mysore,570026,2,0,0,2.000000000000001
19-10-2025,Karnataka,Mysore,571124,2,1,0,2.999999999999976
19-10-2025,Karnataka,Mysore,571130,1,0,0,0.99999999999998
19-10-2025,Karnataka,Mysore,571617,3,0,0,3.0000000000000218
19-10-2025,Karnataka,Mysuru,571114,0,1,0,0.999999999999934
19-10-2025,Karnataka,Mysuru,571119,1,0,0,0.99999999999998
19-10-2025,Karnataka,Mysuru,571129,1,0,0,0.99999999999998
19-10-2025,Karnataka,Mysuru,571301,2,1,0,2.999999999999976
19-10-2025,Karnataka,Mysuru,571312,1,0,0,0.99999999999998
19-10-2025,Karnataka,Raichur,584116,4,0,0,4.000000000000043
19-10-2025,Karnataka,Raichur,584124,3,3,0,5.999999999999947
19-10-2025,Karnataka,Raichur,584132,8,2,0,10.000000000000076
19-10-2025,Karnataka,Ramanagar,562108,2,0,0,2.000000000000001
19-10-2025,Karnataka,Ramanagar,562119,4,0,0,4.000000000000043
19-10-2025,Karnataka,Ramanagar,562128,1,0,0,0.99999999999998
19-10-2025,Karnataka,Ramanagar,562131,2,0,0,2.000000000000001
19-10-2025,Karnataka,Ramanagar,562160,5,0,0,5.000000000000064
19-10-2025,Karnataka,Shimoga,577201,1,0,0,0.99999999999998
19-10-2025,Karnataka,Shimoga,577222,3,0,0,3.0000000000000218
19-10-2025,Karnataka,Shimoga,577225,2,0,0,2.000000000000001
19-10-2025,Karnataka,Shimoga,577432,0,1,0,0.999999999999934
19-10-2025,Karnataka,Shivamogga,577203,1,0,0,0.99999999999998
19-10-2025,Karnataka,Shivamogga,577205,1,0,0,0.99999999999998
19-10-2025,Karnataka,Shivamogga,577225,2,0,0,2.000000000000001
19-10-2025,Karnataka,Shivamogga,577229,2,0,0,2.000000000000001
19-10-2025,Karnataka,Shivamogga,577413,1,0,0,0.99999999999998
19-10-2025,Karnataka,Shivamogga,577427,1,0,0,0.99999999999998
19-10-2025,Karnataka,Shivamogga,577450,1,0,0,0.99999999999998
19-10-2025,Karnataka,Tumakuru,561202,3,0,0,3.0000000000000218
19-10-2025,Karnataka,Tumakuru,572112,1,0,0,0.99999999999998
19-10-2025,Karnataka,Tumakuru,572116,0,0,1,0.9999999999999446
19-10-2025,Karnataka,Tumakuru,572120,1,0,0,0.99999999999998
19-10-2025,Karnataka,Tumkur,561202,4,0,0,4.000000000000043
19-10-2025,Karnataka,Tumkur,572107,3,0,0,3.0000000000000218
19-10-2025,Karnataka,Tumkur,572114,1,0,0,0.99999999999998
19-10-2025,Karnataka,Tumkur,572117,3,0,0,3.0000000000000218
19-10-2025,Karnataka,Tumkur,572118,1,0,0,0.99999999999998
19-10-2025,Karnataka,Tumkur,572137,4,0,0,4.000000000000043
19-10-2025,Karnataka,Tumkur,572213,1,0,0,0.99999999999998
19-10-2025,Karnataka,Tumkur,572219,2,0,0,2.000000000000001
19-10-2025,Karnataka,Tumkur,572225,1,0,0,0.99999999999998
19-10-2025,Karnataka,Tumkur,572227,1,0,0,0.99999999999998
19-10-2025,Karnataka,Udupi,574102,1,0,1,1.9999999999999654
19-10-2025,Karnataka,Udupi,574104,1,0,1,1.9999999999999654
19-10-2025,Karnataka,Udupi,574107,4,0,0,4.000000000000043
19-10-2025,Karnataka,Udupi,574114,1,0,0,0.99999999999998
19-10-2025,Karnataka,Udupi,574116,1,0,1,1.9999999999999654
19-10-2025,Karnataka,Udupi,574129,1,0,0,0.99999999999998
19-10-2025,Karnataka,Udupi,576121,0,1,0,0.999999999999934
19-10-2025,Karnataka,Uttara Kannada,581325,5,0,0,5.000000000000064
19-10-2025,Karnataka,Uttara Kannada,581343,1,1,0,1.999999999999955
19-10-2025,Karnataka,Uttara Kannada,581344,1,0,0,0.99999999999998
19-10-2025,Karnataka,Uttara Kannada,581353,1,0,0,0.99999999999998
19-10-2025,Karnataka,Uttara Kannada,581402,1,3,0,3.9999999999999045
19-10-2025,Karnataka,Vijayanagara,583125,4,0,0,4.000000000000043
19-10-2025,Karnataka,Vijayanagara,583131,6,0,0,6.000000000000084
19-10-2025,Karnataka,Vijayanagara,583134,2,0,0,2.000000000000001
19-10-2025,Karnataka,Vijayanagara,583135,1,0,0,0.99999999999998
19-10-2025,Karnataka,Vijayanagara,583137,4,0,0,4.000000000000043
19-10-2025,Karnataka,Vijayanagara,583221,1,1,0,1.999999999999955
19-10-2025,Karnataka,Vijayapura,586101,4,0,0,4.000000000000043
19-10-2025,Karnataka,Vijayapura,586104,2,1,0,2.999999999999976
19-10-2025,Karnataka,Vijayapura,586121,1,0,0,0.99999999999998
19-10-2025,Karnataka,Vijayapura,586127,1,0,0,0.99999999999998
19-10-2025,Karnataka,Vijayapura,586128,6,1,0,7.0000000000000595
19-10-2025,Karnataka,Vijayapura,586129,2,1,0,2.999999999999976
19-10-2025,Karnataka,Vijayapura,586203,0,1,0,0.999999999999934
19-10-2025,Karnataka,Vijayapura,586204,3,0,0,3.0000000000000218
19-10-2025,Karnataka,Vijayapura,586214,2,0,0,2.000000000000001
19-10-2025,Karnataka,Yadgir,585215,2,1,0,2.999999999999976
19-10-2025,Karnataka,Yadgir,585290,7,1,0,8.00000000000008
19-10-2025,Karnataka,Yadgir,585304,4,0,0,4.000000000000043
19-10-2025,Karnataka,Yadgir,585319,4,0,0,4.000000000000043
19-10-2025,Karnataka,Yadgir,585323,5,0,0,5.000000000000064
19-10-2025,Karnataka,yadgir,585202,1,0,0,0.99999999999998
19-10-2025,Karnataka,yadgir,585224,2,0,0,2.000000000000001
19-10-2025,Karnataka,yadgir,585237,1,0,0,0.99999999999998
24-10-2025,Karnataka,Bagalkot,587103,1,0,0,0.99999999999998
24-10-2025,Karnataka,Bagalkot,587116,3,0,0,3.0000000000000218
24-10-2025,Karnataka,Bagalkot,587117,3,0,0,3.0000000000000218
24-10-2025,Karnataka,Bagalkot,587202,1,0,0,0.99999999999998
24-10-2025,Karnataka,Bagalkot,587312,1,0,0,0.99999999999998
24-10-2025,Karnataka,Ballari,583102,2,0,0,2.000000000000001
24-10-2025,Karnataka,Ballari,583103,1,0,0,0.99999999999998
24-10-2025,Karnataka,Bangalore,560002,1,0,0,0.99999999999998
24-10-2025,Karnataka,Bangalore,560008,0,1,0,0.999999999999934
24-10-2025,Karnataka,Bangalore,560010,0,1,0,0.999999999999934
24-10-2025,Karnataka,Bangalore,560018,3,0,0,3.0000000000000218
24-10-2025,Karnataka,Bangalore,560033,1,0,0,0.99999999999998
24-10-2025,Karnataka,Bangalore,560045,2,1,0,2.999999999999976
24-10-2025,Karnataka,Bangalore,560078,1,0,0,0.99999999999998
24-10-2025,Karnataka,Bangalore,560090,1,1,0,1.999999999999955
24-10-2025,Karnataka,Bangalore,560097,0,1,0,0.999999999999934
24-10-2025,Karnataka,Bangalore,560099,1,0,0,0.99999999999998
24-10-2025,Karnataka,Bangalore,560104,0,1,0,0.999999999999934
24-10-2025,Karnataka,Bangalore Rural,562111,1,0,0,0.99999999999998
24-10-2025,Karnataka,Bangalore Rural,562122,2,0,0,2.000000000000001
24-10-2025,Karnataka,Bangalore Rural,562132,1,0,0,0.99999999999998
24-10-2025,Karnataka,Belagavi,590016,5,0,0,5.000000000000064
24-10-2025,Karnataka,Belagavi,591102,2,0,0,2.000000000000001
24-10-2025,Karnataka,Belagavi,591123,1,0,0,0.99999999999998
24-10-2025,Karnataka,Belagavi,591129,1,0,0,0.99999999999998
24-10-2025,Karnataka,Belagavi,591136,0,1,0,0.999999999999934
24-10-2025,Karnataka,Belagavi,591143,1,0,0,0.99999999999998
24-10-2025,Karnataka,Belagavi,591302,1,0,1,1.9999999999999654
24-10-2025,Karnataka,Belagavi,591304,1,0,0,0.99999999999998
24-10-2025,Karnataka,Belagavi,591312,1,0,0,0.99999999999998
24-10-2025,Karnataka,Belagavi,591317,2,0,0,2.000000000000001
24-10-2025,Karnataka,Belgaum,590001,1,0,0,0.99999999999998
24-10-2025,Karnataka,Belgaum,591119,1,0,0,0.99999999999998
24-10-2025,Karnataka,Belgaum,591216,1,0,0,0.99999999999998
24-10-2025,Karnataka,Belgaum,591222,0,1,0,0.999999999999934
24-10-2025,Karnataka,Bellary,583116,0,1,0,0.999999999999934
24-10-2025,Karnataka,Bellary,583216,1,0,0,0.99999999999998
24-10-2025,Karnataka,Bellary,583218,1,0,0,0.99999999999998
24-10-2025,Karnataka,Bengaluru,560008,0,0,1,0.9999999999999446
24-10-2025,Karnataka,Bengaluru,560016,1,1,1,2.9999999999999405
24-10-2025,Karnataka,Bengaluru,560017,0,1,0,0.999999999999934
24-10-2025,Karnataka,Bengaluru,560018,1,2,0,2.99999999999993
24-10-2025,Karnataka,Bengaluru,560036,2,1,1,3.999999999999962
24-10-2025,Karnataka,Bengaluru,560038,2,1,0,2.999999999999976
24-10-2025,Karnataka,Bengaluru,560045,4,3,0,6.999999999999967
24-10-2025,Karnataka,Bengaluru,560068,4,5,1,9.999999999999902
24-10-2025,Karnataka,Bengaluru,560082,1,0,0,0.99999999999998
24-10-2025,Karnataka,Bengaluru,562130,1,0,0,0.99999999999998
24-10-2025,Karnataka,Bidar,585403,3,1,0,3.9999999999999964
24-10-2025,Karnataka,Bidar,585416,2,0,0,2.000000000000001
24-10-2025,Karnataka,Bijapur,586113,1,0,0,0.99999999999998
24-10-2025,Karnataka,Bijapur,586117,2,0,0,2.000000000000001
24-10-2025,Karnataka,Bijapur,586125,0,1,0,0.999999999999934
24-10-2025,Karnataka,Chamrajanagar,571490,1,0,0,0.99999999999998
24-10-2025,Karnataka,Chitradurga,577511,1,0,0,0.99999999999998
24-10-2025,Karnataka,Chitradurga,577526,1,0,0,0.99999999999998
24-10-2025,Karnataka,Chitradurga,577540,1,0,0,0.99999999999998
24-10-2025,Karnataka,Dakshina Kannada,574198,1,0,0,0.99999999999998
24-10-2025,Karnataka,Dakshina Kannada,574210,1,1,0,1.999999999999955
24-10-2025,Karnataka,Dakshina Kannada,574239,2,0,0,2.000000000000001
24-10-2025,Karnataka,Dakshina Kannada,574241,3,0,0,3.0000000000000218
24-10-2025,Karnataka,Dakshina Kannada,575006,1,0,0,0.99999999999998
24-10-2025,Karnataka,Dakshina Kannada,575014,2,2,0,3.9999999999999507
24-10-2025,Karnataka,Dakshina Kannada,575022,1,0,0,0.99999999999998
24-10-2025,Karnataka,Davangere,577002,1,0,0,0.99999999999998
24-10-2025,Karnataka,Davangere,577217,1,0,0,0.99999999999998
24-10-2025,Karnataka,Davangere,577219,1,0,0,0.99999999999998
24-10-2025,Karnataka,Davangere,577530,0,1,0,0.999999999999934
24-10-2025,Karnataka,Davangere,577556,2,0,0,2.000000000000001
24-10-2025,Karnataka,Davangere,577589,1,0,0,0.99999999999998
24-10-2025,Karnataka,Dharwad,580008,2,0,0,2.000000000000001
24-10-2025,Karnataka,Dharwad,580023,2,0,0,2.000000000000001
24-10-2025,Karnataka,Dharwad,580030,1,0,0,0.99999999999998
24-10-2025,Karnataka,Dharwad,581201,1,0,0,0.99999999999998
24-10-2025,Karnataka,Gadag,582117,1,0,0,0.99999999999998
24-10-2025,Karnataka,Gadag,582119,1,0,0,0.99999999999998
24-10-2025,Karnataka,Gulbarga,585212,0,1,0,0.999999999999934
24-10-2025,Karnataka,Gulbarga,585228,1,0,0,0.99999999999998
24-10-2025,Karnataka,Hassan,573126,1,0,0,0.99999999999998
24-10-2025,Karnataka,Hassan,573201,3,1,0,3.9999999999999964
24-10-2025,Karnataka,Haveri,581110,1,0,0,0.99999999999998
24-10-2025,Karnataka,Kalaburagi,585101,2,0,0,2.000000000000001
24-10-2025,Karnataka,Kalaburagi,585104,3,0,0,3.0000000000000218
24-10-2025,Karnataka,Kalaburagi,585228,3,0,0,3.0000000000000218
24-10-2025,Karnataka,Kalaburagi,585292,1,0,0,0.99999999999998
24-10-2025,Karnataka,Kalaburagi,585302,2,0,0,2.000000000000001
24-10-2025,Karnataka,Kolar,563130,2,0,0,2.000000000000001
24-10-2025,Karnataka,Kolar,563134,1,0,0,0.99999999999998
24-10-2025,Karnataka,Kolar,563136,1,0,0,0.99999999999998
24-10-2025,Karnataka,Kolar,563137,1,0,0,0.99999999999998
24-10-2025,Karnataka,Kolar,563139,1,0,0,0.99999999999998
24-10-2025,Karnataka,Kolar,563160,1,0,0,0.99999999999998
24-10-2025,Karnataka,Koppal,583277,0,1,0,0.999999999999934
24-10-2025,Karnataka,Mandya,571404,1,0,0,0.99999999999998
24-10-2025,Karnataka,Mandya,571425,2,0,0,2.000000000000001
24-10-2025,Karnataka,Mandya,571436,1,0,0,0.99999999999998
24-10-2025,Karnataka,Mandya,571438,1,0,0,0.99999999999998
24-10-2025,Karnataka,Mandya,571607,1,0,0,0.99999999999998
24-10-2025,Karnataka,Mysore,570004,1,0,0,0.99999999999998
24-10-2025,Karnataka,Mysore,570026,1,0,0,0.99999999999998
24-10-2025,Karnataka,Mysuru,571601,1,0,0,0.99999999999998
24-10-2025,Karnataka,Raichur,584123,4,1,0,5.000000000000018
24-10-2025,Karnataka,Raichur,584135,2,0,0,2.000000000000001
24-10-2025,Karnataka,Raichur,584202,1,0,0,0.99999999999998
24-10-2025,Karnataka,Ramanagar,561101,2,0,0,2.000000000000001
24-10-2025,Karnataka,Ramanagar,562126,1,0,0,0.99999999999998
24-10-2025,Karnataka,Shimoga,577301,1,0,0,0.99999999999998
24-10-2025,Karnataka,Shimoga,577418,1,0,0,0.99999999999998
24-10-2025,Karnataka,Shivamogga,577201,4,2,0,5.999999999999993
24-10-2025,Karnataka,Shivamogga,577301,1,0,0,0.99999999999998
24-10-2025,Karnataka,Tumakuru,572218,1,0,0,0.99999999999998
24-10-2025,Karnataka,Tumkur,572104,1,0,0,0.99999999999998
24-10-2025,Karnataka,Tumkur,572114,1,0,0,0.99999999999998
24-10-2025,Karnataka,Tumkur,572120,1,0,0,0.99999999999998
24-10-2025,Karnataka,Tumkur,572227,1,0,0,0.99999999999998
24-10-2025,Karnataka,Udupi,574104,1,0,0,0.99999999999998
24-10-2025,Karnataka,Udupi,574105,1,0,0,0.99999999999998
24-10-2025,Karnataka,Udupi,576223,1,0,0,0.99999999999998
24-10-2025,Karnataka,Udupi,576227,1,0,0,0.99999999999998
24-10-2025,Karnataka,Udupi,576247,1,0,0,0.99999999999998
24-10-2025,Karnataka,Udupi,576283,1,0,0,0.99999999999998
24-10-2025,Karnataka,Uttara Kannada,581326,1,0,0,0.99999999999998
24-10-2025,Karnataka,Uttara Kannada,581329,2,0,0,2.000000000000001
24-10-2025,Karnataka,Uttara Kannada,581341,1,0,0,0.99999999999998
24-10-2025,Karnataka,Uttara Kannada,581353,1,0,1,1.9999999999999654
24-10-2025,Karnataka,Vijayanagara,583126,1,0,0,0.99999999999998
24-10-2025,Karnataka,Vijayanagara,583220,1,0,0,0.99999999999998
24-10-2025,Karnataka,Vijayapura,586117,0,1,0,0.999999999999934
24-10-2025,Karnataka,Vijayapura,586130,1,0,0,0.99999999999998
24-10-2025,Karnataka,Vijayapura,586245,1,0,0,0.99999999999998
24-10-2025,Karnataka,Yadgir,585214,3,1,0,3.9999999999999964
24-10-2025,Karnataka,Yadgir,585287,0,1,0,0.999999999999934
21-10-2025,Karnataka,Bagalkot,587155,1,0,0,0.99999999999998
21-10-2025,Karnataka,Ballari,583117,0,1,0,0.999999999999934
21-10-2025,Karnataka,Bangalore,560002,1,0,0,0.99999999999998
21-10-2025,Karnataka,Bangalore,560045,1,0,0,0.99999999999998
21-10-2025,Karnataka,Bangalore,560054,1,0,0,0.99999999999998
21-10-2025,Karnataka,Bangalore,560084,1,0,0,0.99999999999998
21-10-2025,Karnataka,Bangalore,560099,2,0,0,2.000000000000001
21-10-2025,Karnataka,Belagavi,590014,1,0,0,0.99999999999998
21-10-2025,Karnataka,Belagavi,591173,1,0,0,0.99999999999998
21-10-2025,Karnataka,Belagavi,591254,1,0,0,0.99999999999998
21-10-2025,Karnataka,Belagavi,591302,1,0,0,0.99999999999998
21-10-2025,Karnataka,Belagavi,591312,2,0,0,2.000000000000001
21-10-2025,Karnataka,Belgaum,591220,1,0,0,0.99999999999998
21-10-2025,Karnataka,Belgaum,591317,2,0,0,2.000000000000001
21-10-2025,Karnataka,Bellary,583224,2,0,0,2.000000000000001
21-10-2025,Karnataka,Bengaluru,560023,2,0,0,2.000000000000001
21-10-2025,Karnataka,Bengaluru,560059,0,0,1,0.9999999999999446
21-10-2025,Karnataka,Bengaluru,560062,1,0,0,0.99999999999998
21-10-2025,Karnataka,Bengaluru,560067,2,0,1,2.9999999999999862
21-10-2025,Karnataka,Bengaluru,560082,1,0,0,0.99999999999998
21-10-2025,Karnataka,Bengaluru,560097,2,0,0,2.000000000000001
21-10-2025,Karnataka,Bidar,585411,1,0,0,0.99999999999998
21-10-2025,Karnataka,Bijapur,586101,1,1,0,1.999999999999955
21-10-2025,Karnataka,Bijapur,586113,0,1,0,0.999999999999934
21-10-2025,Karnataka,Bijapur,586119,0,1,0,0.999999999999934
21-10-2025,Karnataka,Bijapur,586205,1,0,0,0.99999999999998
21-10-2025,Karnataka,Bijapur,586212,1,0,0,0.99999999999998
21-10-2025,Karnataka,Bijapur,586215,1,0,0,0.99999999999998
21-10-2025,Karnataka,Chamrajnagar,571439,1,0,0,0.99999999999998
21-10-2025,Karnataka,Chikkaballapur,563125,1,0,0,0.99999999999998
21-10-2025,Karnataka,Chikkamagaluru,577116,1,0,0,0.99999999999998
21-10-2025,Karnataka,Chitradurga,577501,5,0,0,5.000000000000064
21-10-2025,Karnataka,Dakshina Kannada,574144,1,0,0,0.99999999999998
21-10-2025,Karnataka,Dakshina Kannada,574222,1,0,0,0.99999999999998
21-10-2025,Karnataka,Dakshina Kannada,574229,1,0,0,0.99999999999998
21-10-2025,Karnataka,Dakshina Kannada,575001,3,0,0,3.0000000000000218
21-10-2025,Karnataka,Dakshina Kannada,575005,0,1,0,0.999999999999934
21-10-2025,Karnataka,Davangere,577601,0,1,0,0.999999999999934
21-10-2025,Karnataka,Dharwad,581201,3,0,0,3.0000000000000218
21-10-2025,Karnataka,Gadag,582211,1,0,0,0.99999999999998
21-10-2025,Karnataka,Gulbarga,585102,2,0,0,2.000000000000001
21-10-2025,Karnataka,Gulbarga,585212,1,0,0,0.99999999999998
21-10-2025,Karnataka,Gulbarga,585218,1,1,0,1.999999999999955
21-10-2025,Karnataka,Gulbarga,585318,1,0,0,0.99999999999998
21-10-2025,Karnataka,Hassan,573121,1,0,0,0.99999999999998
21-10-2025,Karnataka,Haveri,581101,1,0,0,0.99999999999998
21-10-2025,Karnataka,Haveri,581115,1,0,0,0.99999999999998
21-10-2025,Karnataka,Haveri,581202,1,0,0,0.99999999999998
21-10-2025,Karnataka,Kolar,563139,1,0,0,0.99999999999998
21-10-2025,Karnataka,Koppal,583231,1,0,0,0.99999999999998
21-10-2025,Karnataka,Koppal,583237,0,1,0,0.999999999999934
21-10-2025,Karnataka,Mandya,571401,1,1,0,1.999999999999955
21-10-2025,Karnataka,Mandya,571428,1,0,0,0.99999999999998
21-10-2025,Karnataka,Mandya,571430,3,0,0,3.0000000000000218
21-10-2025,Karnataka,Mandya,571446,1,0,0,0.99999999999998
21-10-2025,Karnataka,Mysuru,571121,1,0,0,0.99999999999998
21-10-2025,Karnataka,Mysuru,571601,1,0,0,0.99999999999998
21-10-2025,Karnataka,Raichur,584116,1,0,0,0.99999999999998
21-10-2025,Karnataka,Raichur,584143,2,0,0,2.000000000000001
21-10-2025,Karnataka,Ramanagar,562159,3,2,0,4.999999999999972
21-10-2025,Karnataka,Shimoga,577201,2,0,0,2.000000000000001
21-10-2025,Karnataka,Shivamogga,577401,1,0,0,0.99999999999998
21-10-2025,Karnataka,Tumakuru,572132,1,0,0,0.99999999999998
21-10-2025,Karnataka,Vijayanagara,583219,1,0,0,0.99999999999998
21-10-2025,Karnataka,Vijayapura,586104,1,0,0,0.99999999999998
21-10-2025,Karnataka,Vijayapura,586111,0,0,1,0.9999999999999446
21-10-2025,Karnataka,Vijayapura,586117,0,0,1,0.9999999999999446
21-10-2025,Karnataka,Yadgir,585309,1,0,0,0.99999999999998
27-10-2025,Karnataka,Bagalkot,587113,1,0,0,0.99999999999998
27-10-2025,Karnataka,Bagalkot,587121,1,0,0,0.99999999999998
27-10-2025,Karnataka,Bagalkot,587203,1,0,0,0.99999999999998
27-10-2025,Karnataka,Ballari,583117,1,0,0,0.99999999999998
27-10-2025,Karnataka,Ballari,583216,1,0,0,0.99999999999998
27-10-2025,Karnataka,Bangalore,560002,1,0,0,0.99999999999998
27-10-2025,Karnataka,Bangalore,560076,0,1,0,0.999999999999934
27-10-2025,Karnataka,Bangalore,560077,2,0,0,2.000000000000001
27-10-2025,Karnataka,Bangalore Rural,561203,1,0,0,0.99999999999998
27-10-2025,Karnataka,Bangalore Rural,562110,1,0,0,0.99999999999998
27-10-2025,Karnataka,Belagavi,590006,0,1,0,0.999999999999934
27-10-2025,Karnataka,Belagavi,591201,1,0,0,0.99999999999998
27-10-2025,Karnataka,Belagavi,591222,1,0,0,0.99999999999998
27-10-2025,Karnataka,Belagavi,591239,0,1,0,0.999999999999934
27-10-2025,Karnataka,Belgaum,591107,1,0,0,0.99999999999998
27-10-2025,Karnataka,Belgaum,591220,0,1,0,0.999999999999934
27-10-2025,Karnataka,Belgaum,591306,0,1,0,0.999999999999934
27-10-2025,Karnataka,Bellary,583115,2,0,0,2.000000000000001
27-10-2025,Karnataka,Bellary,583135,1,0,0,0.99999999999998
27-10-2025,Karnataka,Bengaluru,560029,0,1,0,0.999999999999934
27-10-2025,Karnataka,Bengaluru,560036,0,1,0,0.999999999999934
27-10-2025,Karnataka,Bengaluru,560037,2,0,0,2.000000000000001
27-10-2025,Karnataka,Bengaluru,560040,1,0,0,0.99999999999998
27-10-2025,Karnataka,Bengaluru,560068,2,2,0,3.9999999999999507
27-10-2025,Karnataka,Bengaluru,560086,0,0,1,0.9999999999999446
27-10-2025,Karnataka,Bengaluru,560087,0,2,0,1.999999999999909
27-10-2025,Karnataka,Bengaluru,560103,1,0,0,0.99999999999998
27-10-2025,Karnataka,Bidar,585226,1,0,0,0.99999999999998
27-10-2025,Karnataka,Bijapur,586120,1,0,0,0.99999999999998
27-10-2025,Karnataka,Bijapur,586205,1,0,0,0.99999999999998
27-10-2025,Karnataka,Bijapur,586213,1,0,0,0.99999999999998
27-10-2025,Karnataka,Chikkaballapur,561210,1,0,0,0.99999999999998
27-10-2025,Karnataka,Chikkamagaluru,577129,1,0,0,0.99999999999998
27-10-2025,Karnataka,Chikmagalur,577116,1,0,0,0.99999999999998
27-10-2025,Karnataka,Chitradurga,577537,2,0,0,2.000000000000001
27-10-2025,Karnataka,Dakshina Kannada,574223,1,0,0,0.99999999999998
27-10-2025,Karnataka,Dakshina Kannada,575006,0,1,0,0.999999999999934
27-10-2025,Karnataka,Dakshina Kannada,575020,0,1,0,0.999999999999934
27-10-2025,Karnataka,Davangere,577217,1,0,0,0.99999999999998
27-10-2025,Karnataka,Davangere,577528,1,0,0,0.99999999999998
27-10-2025,Karnataka,Dharwad,580112,1,0,0,0.99999999999998
27-10-2025,Karnataka,Gadag,582101,0,1,0,0.999999999999934
27-10-2025,Karnataka,Gadag,582113,2,0,0,2.000000000000001
27-10-2025,Karnataka,Gadag,582114,1,0,0,0.99999999999998
27-10-2025,Karnataka,Gadag,582209,1,0,0,0.99999999999998
27-10-2025,Karnataka,Gulbarga,585222,3,0,0,3.0000000000000218
27-10-2025,Karnataka,Gulbarga,585265,0,1,0,0.999999999999934
27-10-2025,Karnataka,Gulbarga,585302,0,1,0,0.999999999999934
27-10-2025,Karnataka,Gulbarga,585316,1,0,0,0.99999999999998
27-10-2025,Karnataka,Hasan,573216,0,1,0,0.999999999999934
27-10-2025,Karnataka,Hassan,573103,1,0,0,0.99999999999998
27-10-2025,Karnataka,Hassan,573125,1,0,0,0.99999999999998
27-10-2025,Karnataka,Hassan,573137,1,0,0,0.99999999999998
27-10-2025,Karnataka,Haveri,581109,1,0,0,0.99999999999998
27-10-2025,Karnataka,Haveri,581115,4,0,0,4.000000000000043
27-10-2025,Karnataka,Kalaburagi,585313,1,0,0,0.99999999999998
27-10-2025,Karnataka,Kolar,563137,1,0,0,0.99999999999998
27-10-2025,Karnataka,Koppal,583234,1,0,0,0.99999999999998
27-10-2025,Karnataka,Koppal,583238,1,0,0,0.99999999999998
27-10-2025,Karnataka,Mandya,571415,0,0,1,0.9999999999999446
27-10-2025,Karnataka,Mysore,570015,1,0,0,0.99999999999998
27-10-2025,Karnataka,Mysore,571311,1,0,0,0.99999999999998
27-10-2025,Karnataka,Mysuru,571125,1,0,0,0.99999999999998
27-10-2025,Karnataka,Raichur,584122,2,0,0,2.000000000000001
27-10-2025,Karnataka,Raichur,584125,1,0,0,0.99999999999998
27-10-2025,Karnataka,Raichur,584167,1,0,0,0.99999999999998
27-10-2025,Karnataka,Ramanagar,562112,0,1,0,0.999999999999934
27-10-2025,Karnataka,Ramanagar,562159,3,1,0,3.9999999999999964
27-10-2025,Karnataka,Shimoga,577447,1,0,0,0.99999999999998
27-10-2025,Karnataka,Shivamogga,577452,1,0,0,0.99999999999998
27-10-2025,Karnataka,Tumakuru,572104,1,0,0,0.99999999999998
27-10-2025,Karnataka,Tumakuru,572129,0,0,1,0.9999999999999446
27-10-2025,Karnataka,Tumkur,561202,1,1,0,1.999999999999955
27-10-2025,Karnataka,Tumkur,572107,1,0,0,0.99999999999998
27-10-2025,Karnataka,Udupi,574115,0,0,1,0.9999999999999446
27-10-2025,Karnataka,Udupi,574116,2,0,0,2.000000000000001
27-10-2025,Karnataka,Udupi,574117,1,1,0,1.999999999999955
27-10-2025,Karnataka,Uttara Kannada,581303,1,0,0,0.99999999999998
27-10-2025,Karnataka,Uttara Kannada,581340,0,1,0,0.999999999999934
27-10-2025,Karnataka,Uttara Kannada,581351,2,0,0,2.000000000000001
27-10-2025,Karnataka,Vijayanagara,583222,1,0,0,0.99999999999998
27-10-2025,Karnataka,Vijayapura,586103,1,0,0,0.99999999999998
27-10-2025,Karnataka,Vijayapura,586125,1,1,0,1.999999999999955
27-10-2025,Karnataka,Yadgir,585237,2,1,0,2.999999999999976
27-10-2025,Karnataka,Yadgir,585291,2,1,0,2.999999999999976
27-10-2025,Karnataka,Yadgir,585323,1,0,0,0.99999999999998
27-10-2025,Karnataka,Yadgir,585355,2,0,0,2.000000000000001
28-10-2025,Karnataka,Bagalkot,587103,1,0,0,0.99999999999998
28-10-2025,Karnataka,Bagalkot,587115,1,0,0,0.99999999999998
28-10-2025,Karnataka,Bagalkot,587156,1,0,0,0.99999999999998
28-10-2025,Karnataka,Bagalkot,587207,0,1,0,0.999999999999934
28-10-2025,Karnataka,Ballari,583102,4,0,0,4.000000000000043
28-10-2025,Karnataka,Bangalore,560008,1,0,0,0.99999999999998
28-10-2025,Karnataka,Bangalore,560016,0,1,0,0.999999999999934
28-10-2025,Karnataka,Bangalore,560021,1,0,0,0.99999999999998
28-10-2025,Karnataka,Bangalore,560057,0,1,0,0.999999999999934
28-10-2025,Karnataka,Bangalore,560084,1,0,0,0.99999999999998
28-10-2025,Karnataka,Bangalore,562125,1,0,0,0.99999999999998
28-10-2025,Karnataka,Bangalore Rural,560067,2,0,0,2.000000000000001
28-10-2025,Karnataka,Bangalore Rural,562110,1,0,1,1.9999999999999654
28-10-2025,Karnataka,Bangalore Rural,562111,1,0,0,0.99999999999998
28-10-2025,Karnataka,Bangalore Rural,562129,1,0,0,0.99999999999998
28-10-2025,Karnataka,Belagavi,591102,2,0,0,2.000000000000001
28-10-2025,Karnataka,Belagavi,591104,1,0,0,0.99999999999998
28-10-2025,Karnataka,Belagavi,591126,1,0,0,0.99999999999998
28-10-2025,Karnataka,Belagavi,591224,1,0,0,0.99999999999998
28-10-2025,Karnataka,Belagavi,591247,1,0,0,0.99999999999998
28-10-2025,Karnataka,Belagavi,591248,0,2,0,1.999999999999909
28-10-2025,Karnataka,Belagavi,591301,1,0,0,0.99999999999998
28-10-2025,Karnataka,Belagavi,591311,1,0,0,0.99999999999998
28-10-2025,Karnataka,Belgaum,591108,1,0,0,0.99999999999998
28-10-2025,Karnataka,Belgaum,591109,1,0,0,0.99999999999998
28-10-2025,Karnataka,Belgaum,591122,0,1,0,0.999999999999934
28-10-2025,Karnataka,Belgaum,591304,2,1,0,2.999999999999976
28-10-2025,Karnataka,Bellary,583102,1,0,0,0.99999999999998
28-10-2025,Karnataka,Bellary,583224,0,1,0,0.999999999999934
28-10-2025,Karnataka,Bengaluru,560011,1,1,1,2.9999999999999405
28-10-2025,Karnataka,Bengaluru,560026,1,0,0,0.99999999999998
28-10-2025,Karnataka,Bengaluru,560032,6,2,1,9.00000000000002
28-10-2025,Karnataka,Bengaluru,560036,0,1,0,0.999999999999934
28-10-2025,Karnataka,Bengaluru,560046,1,0,0,0.99999999999998
28-10-2025,Karnataka,Bengaluru,560050,1,0,0,0.99999999999998
28-10-2025,Karnataka,Bengaluru,560059,1,0,0,0.99999999999998
28-10-2025,Karnataka,Bengaluru,560060,4,0,0,4.000000000000043
28-10-2025,Karnataka,Bengaluru,560061,0,1,0,0.999999999999934
28-10-2025,Karnataka,Bengaluru,560071,1,0,0,0.99999999999998
28-10-2025,Karnataka,Bengaluru,560077,4,0,0,4.000000000000043
28-10-2025,Karnataka,Bengaluru,560093,0,1,0,0.999999999999934
28-10-2025,Karnataka,Bengaluru,560094,0,1,0,0.999999999999934
28-10-2025,Karnataka,Bengaluru,562125,0,1,0,0.999999999999934
28-10-2025,Karnataka,Bidar,585327,1,0,0,0.99999999999998
28-10-2025,Karnataka,Bidar,585403,2,1,0,2.999999999999976
28-10-2025,Karnataka,Bidar,585421,1,1,1,2.9999999999999405
28-10-2025,Karnataka,Bidar,585437,3,3,0,5.999999999999947
28-10-2025,Karnataka,Bijapur,586101,1,1,0,1.999999999999955
28-10-2025,Karnataka,Bijapur,586115,1,0,0,0.99999999999998
28-10-2025,Karnataka,Bijapur,586120,0,1,0,0.999999999999934
28-10-2025,Karnataka,Bijapur,586202,2,0,0,2.000000000000001
28-10-2025,Karnataka,Bijapur,586217,2,0,0,2.000000000000001
28-10-2025,Karnataka,Chamarajanagar *,571128,1,0,0,0.99999999999998
28-10-2025,Karnataka,Chamrajanagar,571313,1,0,0,0.99999999999998
28-10-2025,Karnataka,Chamrajanagar,571444,3,0,0,3.0000000000000218
28-10-2025,Karnataka,Chamrajnagar,571490,1,0,0,0.99999999999998
28-10-2025,Karnataka,Chickmagalur,577549,3,0,0,3.0000000000000218
28-10-2025,Karnataka,Chikkaballapur,561208,4,0,0,4.000000000000043
28-10-2025,Karnataka,Chikkaballapur,561209,1,0,0,0.99999999999998
28-10-2025,Karnataka,Chikkaballapur,561212,1,0,0,0.99999999999998
28-10-2025,Karnataka,Chikkaballapur,562101,3,0,0,3.0000000000000218
28-10-2025,Karnataka,Chikkaballapur,563124,0,1,0,0.999999999999934
28-10-2025,Karnataka,Chikkaballapur,563125,5,1,0,6.000000000000038
28-10-2025,Karnataka,Chitradurga,577517,1,0,0,0.99999999999998
28-10-2025,Karnataka,Chitradurga,577522,2,0,0,2.000000000000001
28-10-2025,Karnataka,Chitradurga,577540,0,0,3,2.9999999999999156
28-10-2025,Karnataka,Chitradurga,577541,2,0,0,2.000000000000001
28-10-2025,Karnataka,Chitradurga,577599,1,0,0,0.99999999999998
28-10-2025,Karnataka,Dakshina Kannada,574223,1,0,0,0.99999999999998
28-10-2025,Karnataka,Dakshina Kannada,575014,0,1,0,0.999999999999934
28-10-2025,Karnataka,Dakshina Kannada,575020,1,0,0,0.99999999999998
28-10-2025,Karnataka,Davanagere,577512,1,0,0,0.99999999999998
28-10-2025,Karnataka,Davangere,577004,1,1,0,1.999999999999955
28-10-2025,Karnataka,Davangere,577213,1,0,0,0.99999999999998
28-10-2025,Karnataka,Dharwad,580023,5,1,0,6.000000000000038
28-10-2025,Karnataka,Dharwad,581117,2,0,0,2.000000000000001
28-10-2025,Karnataka,Gadag,582209,2,0,0,2.000000000000001
28-10-2025,Karnataka,Gulbarga,585105,0,1,0,0.999999999999934
28-10-2025,Karnataka,Gulbarga,585214,2,0,0,2.000000000000001
28-10-2025,Karnataka,Gulbarga,585312,0,1,0,0.999999999999934
28-10-2025,Karnataka,Gulbarga,585313,2,0,0,2.000000000000001
28-10-2025,Karnataka,Gulbarga,585316,1,0,0,0.99999999999998
28-10-2025,Karnataka,Hassan,573121,1,0,0,0.99999999999998
28-10-2025,Karnataka,Hassan,573215,1,0,0,0.99999999999998
28-10-2025,Karnataka,Hassan,573216,1,0,0,0.99999999999998
28-10-2025,Karnataka,Haveri,581115,6,2,0,8.000000000000034
28-10-2025,Karnataka,Kalaburagi,585101,2,0,0,2.000000000000001
28-10-2025,Karnataka,Kalaburagi,585211,2,0,0,2.000000000000001
28-10-2025,Karnataka,Kalaburagi,585229,1,0,0,0.99999999999998
28-10-2025,Karnataka,Kalaburagi,585303,2,0,0,2.000000000000001
28-10-2025,Karnataka,Kalaburagi,585313,2,0,0,2.000000000000001
28-10-2025,Karnataka,Kalaburagi,585316,1,0,0,0.99999999999998
28-10-2025,Karnataka,Kalaburagi,585320,2,0,0,2.000000000000001
28-10-2025,Karnataka,Kodagu,571211,1,0,0,0.99999999999998
28-10-2025,Karnataka,Kodagu,571218,1,0,1,1.9999999999999654
28-10-2025,Karnataka,Kolar,563136,2,0,0,2.000000000000001
28-10-2025,Karnataka,Koppal,583232,3,1,0,3.9999999999999964
28-10-2025,Karnataka,Koppal,583279,6,0,0,6.000000000000084
28-10-2025,Karnataka,Mandya,571415,1,0,0,0.99999999999998
28-10-2025,Karnataka,Mandya,571446,1,0,0,0.99999999999998
28-10-2025,Karnataka,Mandya,571802,1,0,0,0.99999999999998
28-10-2025,Karnataka,Mysore,570026,1,0,0,0.99999999999998
28-10-2025,Karnataka,Mysore,571121,1,0,0,0.99999999999998
28-10-2025,Karnataka,Mysuru,570016,1,0,0,0.99999999999998
28-10-2025,Karnataka,Mysuru,570022,0,0,1,0.9999999999999446
28-10-2025,Karnataka,Mysuru,571104,1,0,1,1.9999999999999654
28-10-2025,Karnataka,Mysuru,571125,1,0,0,0.99999999999998
28-10-2025,Karnataka,Mysuru,571129,1,0,0,0.99999999999998
28-10-2025,Karnataka,Raichur,584101,2,0,0,2.000000000000001
28-10-2025,Karnataka,Raichur,584111,7,5,0,11.99999999999998
28-10-2025,Karnataka,Raichur,584139,1,5,0,5.999999999999854
28-10-2025,Karnataka,Ramanagar,562120,1,0,0,0.99999999999998
28-10-2025,Karnataka,Shimoga,577415,1,0,0,0.99999999999998
28-10-2025,Karnataka,Shivamogga,577229,1,0,3,3.9999999999999365
28-10-2025,Karnataka,Shivamogga,577419,1,0,0,0.99999999999998
28-10-2025,Karnataka,Tumakuru,572105,1,0,0,0.99999999999998
28-10-2025,Karnataka,Tumakuru,572124,2,0,0,2.000000000000001
28-10-2025,Karnataka,Tumakuru,572224,1,0,0,0.99999999999998
28-10-2025,Karnataka,Tumkur,572101,1,0,0,0.99999999999998
28-10-2025,Karnataka,Tumkur,572107,1,0,0,0.99999999999998
28-10-2025,Karnataka,Tumkur,572137,2,0,0,2.000000000000001
28-10-2025,Karnataka,Tumkur,572201,2,0,0,2.000000000000001
28-10-2025,Karnataka,Udupi,574108,1,0,0,0.99999999999998
28-10-2025,Karnataka,Udupi,576101,1,0,0,0.99999999999998
28-10-2025,Karnataka,Udupi,576115,1,0,0,0.99999999999998
28-10-2025,Karnataka,Uttara Kannada,581315,1,0,0,0.99999999999998
28-10-2025,Karnataka,Uttara Kannada,581351,1,0,0,0.99999999999998
28-10-2025,Karnataka,Vijayanagara,583125,1,0,0,0.99999999999998
28-10-2025,Karnataka,Vijayanagara,583134,1,0,0,0.99999999999998
28-10-2025,Karnataka,Vijayanagara,583213,2,0,0,2.000000000000001
28-10-2025,Karnataka,Vijayapura,586119,1,0,0,0.99999999999998
28-10-2025,Karnataka,Vijayapura,586123,3,0,0,3.0000000000000218
28-10-2025,Karnataka,Vijayapura,586128,1,0,0,0.99999999999998
28-10-2025,Karnataka,Vijayapura,586204,1,0,0,0.99999999999998
28-10-2025,Karnataka,Vijayapura,586206,0,1,0,0.999999999999934
28-10-2025,Karnataka,Vijayapura,586212,1,0,0,0.99999999999998
28-10-2025,Karnataka,Vijayapura,586217,2,0,0,2.000000000000001
25-10-2025,Karnataka,Bagalkot,587103,1,0,0,0.99999999999998
25-10-2025,Karnataka,Bagalkot,587155,1,0,0,0.99999999999998
25-10-2025,Karnataka,Bagalkot,587205,3,0,0,3.0000000000000218
25-10-2025,Karnataka,Bagalkot,587206,2,0,0,2.000000000000001
25-10-2025,Karnataka,Bagalkot,587207,1,0,0,0.99999999999998
25-10-2025,Karnataka,Ballari,583101,3,1,0,3.9999999999999964
25-10-2025,Karnataka,Ballari,583102,3,1,0,3.9999999999999964
25-10-2025,Karnataka,Ballari,583104,1,0,0,0.99999999999998
25-10-2025,Karnataka,Bangalore,560021,0,1,0,0.999999999999934
25-10-2025,Karnataka,Bangalore,560023,2,0,0,2.000000000000001
25-10-2025,Karnataka,Bangalore,560047,1,0,0,0.99999999999998
25-10-2025,Karnataka,Bangalore,560057,1,0,0,0.99999999999998
25-10-2025,Karnataka,Bangalore,560099,1,0,0,0.99999999999998
25-10-2025,Karnataka,Bangalore,562107,1,0,0,0.99999999999998
25-10-2025,Karnataka,Bangalore Rural,560087,0,0,1,0.9999999999999446
25-10-2025,Karnataka,Bangalore Rural,562110,2,0,0,2.000000000000001
25-10-2025,Karnataka,Belagavi,591104,1,0,0,0.99999999999998
25-10-2025,Karnataka,Belagavi,591114,1,0,0,0.99999999999998
25-10-2025,Karnataka,Belagavi,591130,1,0,0,0.99999999999998
25-10-2025,Karnataka,Belagavi,591226,1,0,0,0.99999999999998
25-10-2025,Karnataka,Belagavi,591241,1,0,0,0.99999999999998
25-10-2025,Karnataka,Belagavi,591248,1,0,0,0.99999999999998
25-10-2025,Karnataka,Belagavi,591305,1,0,0,0.99999999999998
25-10-2025,Karnataka,Belgaum,590016,1,0,0,0.99999999999998
25-10-2025,Karnataka,Belgaum,591106,1,0,0,0.99999999999998
25-10-2025,Karnataka,Belgaum,591222,2,0,0,2.000000000000001
25-10-2025,Karnataka,Belgaum,591243,0,1,0,0.999999999999934
25-10-2025,Karnataka,Belgaum,591302,2,0,0,2.000000000000001
25-10-2025,Karnataka,Belgaum,591303,2,0,0,2.000000000000001
25-10-2025,Karnataka,Belgaum,591312,1,0,0,0.99999999999998
25-10-2025,Karnataka,Bellary,583217,1,0,0,0.99999999999998
25-10-2025,Karnataka,Bellary,583219,2,0,0,2.000000000000001
25-10-2025,Karnataka,Bengaluru,560029,1,0,0,0.99999999999998
25-10-2025,Karnataka,Bengaluru,560032,1,1,0,1.999999999999955
25-10-2025,Karnataka,Bengaluru,560036,1,0,0,0.99999999999998
25-10-2025,Karnataka,Bengaluru,560048,3,1,0,3.9999999999999964
25-10-2025,Karnataka,Bengaluru,560066,3,1,1,4.999999999999982
25-10-2025,Karnataka,Bengaluru,560068,2,1,1,3.999999999999962
25-10-2025,Karnataka,Bengaluru,560070,4,0,1,5.000000000000028
25-10-2025,Karnataka,Bengaluru,560076,4,0,1,5.000000000000028
25-10-2025,Karnataka,Bengaluru,560084,0,1,0,0.999999999999934
25-10-2025,Karnataka,Bengaluru,560085,2,0,0,2.000000000000001
25-10-2025,Karnataka,Bengaluru,560091,2,0,0,2.000000000000001
25-10-2025,Karnataka,Bidar,585227,1,0,0,0.99999999999998
25-10-2025,Karnataka,Bidar,585326,0,2,0,1.999999999999909
25-10-2025,Karnataka,Bidar,585403,2,0,0,2.000000000000001
25-10-2025,Karnataka,Bijapur,586213,1,0,0,0.99999999999998
25-10-2025,Karnataka,Bijapur,586215,1,0,0,0.99999999999998
25-10-2025,Karnataka,Chamrajanagar,571439,2,0,0,2.000000000000001
25-10-2025,Karnataka,Chamrajanagar,571441,0,1,0,0.999999999999934
25-10-2025,Karnataka,Chamrajnagar,571109,1,0,0,0.99999999999998
25-10-2025,Karnataka,Chitradurga,577501,1,0,0,0.99999999999998
25-10-2025,Karnataka,Chitradurga,577522,3,0,0,3.0000000000000218
25-10-2025,Karnataka,Chitradurga,577538,1,0,0,0.99999999999998
25-10-2025,Karnataka,Chitradurga,577543,1,0,0,0.99999999999998
25-10-2025,Karnataka,Chitradurga,577545,1,0,0,0.99999999999998
25-10-2025,Karnataka,Chitradurga,577555,1,0,0,0.99999999999998
25-10-2025,Karnataka,Dakshina Kannada,574143,1,0,0,0.99999999999998
25-10-2025,Karnataka,Dakshina Kannada,574202,1,1,0,1.999999999999955
25-10-2025,Karnataka,Dakshina Kannada,574211,1,0,0,0.99999999999998
25-10-2025,Karnataka,Dakshina Kannada,574260,1,0,0,0.99999999999998
25-10-2025,Karnataka,Dakshina Kannada,574265,1,0,0,0.99999999999998
25-10-2025,Karnataka,Dakshina Kannada,575006,2,0,0,2.000000000000001
25-10-2025,Karnataka,Dakshina Kannada,575020,3,0,0,3.0000000000000218
25-10-2025,Karnataka,Davangere,577217,1,0,0,0.99999999999998
25-10-2025,Karnataka,Davangere,577221,2,0,0,2.000000000000001
25-10-2025,Karnataka,Davangere,577553,1,0,0,0.99999999999998
25-10-2025,Karnataka,Dharwad,580001,3,0,0,3.0000000000000218
25-10-2025,Karnataka,Dharwad,580023,1,0,0,0.99999999999998
25-10-2025,Karnataka,Dharwad,580026,0,1,0,0.999999999999934
25-10-2025,Karnataka,Dharwad,581105,2,0,0,2.000000000000001
25-10-2025,Karnataka,Gadag,582117,1,0,0,0.99999999999998
25-10-2025,Karnataka,Gadag,582205,1,0,0,0.99999999999998
25-10-2025,Karnataka,Gadag,582211,3,0,0,3.0000000000000218
25-10-2025,Karnataka,Gulbarga,585102,1,0,0,0.99999999999998
25-10-2025,Karnataka,Gulbarga,585105,2,0,0,2.000000000000001
25-10-2025,Karnataka,Gulbarga,585213,1,0,0,0.99999999999998
25-10-2025,Karnataka,Gulbarga,585322,1,0,0,0.99999999999998
25-10-2025,Karnataka,Hassan,573115,1,0,0,0.99999999999998
25-10-2025,Karnataka,Hassan,573201,2,0,0,2.000000000000001
25-10-2025,Karnataka,Haveri,581193,1,0,0,0.99999999999998
25-10-2025,Karnataka,Haveri,581202,2,0,0,2.000000000000001
25-10-2025,Karnataka,Kalaburagi,585104,1,0,0,0.99999999999998
25-10-2025,Karnataka,Kalaburagi,585306,1,0,0,0.99999999999998
25-10-2025,Karnataka,Kodagu,571218,1,0,0,0.99999999999998
25-10-2025,Karnataka,Kolar,563139,2,0,0,2.000000000000001
25-10-2025,Karnataka,Koppal,583227,5,0,0,5.000000000000064
25-10-2025,Karnataka,Koppal,583231,1,0,0,0.99999999999998
25-10-2025,Karnataka,Koppal,583268,2,0,0,2.000000000000001
25-10-2025,Karnataka,Koppal,583278,1,0,1,1.9999999999999654
25-10-2025,Karnataka,Koppal,584114,1,0,0,0.99999999999998
25-10-2025,Karnataka,Mandya,571415,1,0,0,0.99999999999998
25-10-2025,Karnataka,Mysore,571116,1,0,0,0.99999999999998
25-10-2025,Karnataka,Mysore,571121,1,0,0,0.99999999999998
25-10-2025,Karnataka,Mysore,571187,1,0,0,0.99999999999998
25-10-2025,Karnataka,Mysuru,570008,1,0,0,0.99999999999998
25-10-2025,Karnataka,Mysuru,571602,1,0,0,0.99999999999998
25-10-2025,Karnataka,Raichur,584122,1,0,0,0.99999999999998
25-10-2025,Karnataka,Raichur,584126,2,1,0,2.999999999999976
25-10-2025,Karnataka,Raichur,584128,2,2,0,3.9999999999999507
25-10-2025,Karnataka,Raichur,584132,3,0,0,3.0000000000000218
25-10-2025,Karnataka,Raichur,584170,1,0,0,0.99999999999998
25-10-2025,Karnataka,Ramanagar,562119,1,0,0,0.99999999999998
25-10-2025,Karnataka,Ramanagar,562159,3,0,0,3.0000000000000218
25-10-2025,Karnataka,Shimoga,577203,1,0,0,0.99999999999998
25-10-2025,Karnataka,Shivamogga,577301,1,0,0,0.99999999999998
25-10-2025,Karnataka,Tumakuru,572223,1,0,0,0.99999999999998
25-10-2025,Karnataka,Tumkur,561202,1,0,0,0.99999999999998
25-10-2025,Karnataka,Udupi,576120,2,0,0,2.000000000000001
25-10-2025,Karnataka,Udupi,576211,1,0,0,0.99999999999998
25-10-2025,Karnataka,Udupi,576217,1,0,0,0.99999999999998
25-10-2025,Karnataka,Udupi,576222,3,0,0,3.0000000000000218
25-10-2025,Karnataka,Uttara Kannada,581301,0,1,0,0.999999999999934
25-10-2025,Karnataka,Uttara Kannada,581317,1,0,0,0.99999999999998
25-10-2025,Karnataka,Uttara Kannada,581318,1,0,0,0.99999999999998
25-10-2025,Karnataka,Uttara Kannada,581325,1,0,0,0.99999999999998
25-10-2025,Karnataka,Vijayapura,586114,1,0,0,0.99999999999998
25-10-2025,Karnataka,Yadgir,585290,1,0,0,0.99999999999998
29-10-2025,Karnataka,Bagalkot,587119,4,0,0,4.000000000000043
29-10-2025,Karnataka,Bagalkot,587313,6,1,0,7.0000000000000595
29-10-2025,Karnataka,Bagalkot *,587102,1,0,0,0.99999999999998
29-10-2025,Karnataka,Ballari,583101,1,0,1,1.9999999999999654
29-10-2025,Karnataka,Ballari,583121,2,0,0,2.000000000000001
29-10-2025,Karnataka,Bangalore,560016,2,1,0,2.999999999999976
29-10-2025,Karnataka,Bangalore,560026,1,1,0,1.999999999999955
29-10-2025,Karnataka,Bangalore,560027,1,2,0,2.99999999999993
29-10-2025,Karnataka,Bangalore,560037,1,1,0,1.999999999999955
29-10-2025,Karnataka,Bangalore,560039,2,0,0,2.000000000000001
29-10-2025,Karnataka,Bangalore,560040,1,0,0,0.99999999999998
29-10-2025,Karnataka,Bangalore,560048,5,0,0,5.000000000000064
29-10-2025,Karnataka,Bangalore,560049,3,0,0,3.0000000000000218
29-10-2025,Karnataka,Bangalore,560062,2,1,0,2.999999999999976
29-10-2025,Karnataka,Bangalore,560064,5,0,0,5.000000000000064
29-10-2025,Karnataka,Bangalore,560083,1,0,0,0.99999999999998
29-10-2025,Karnataka,Bangalore,560102,0,1,0,0.999999999999934
29-10-2025,Karnataka,Bangalore,560103,1,0,0,0.99999999999998
29-10-2025,Karnataka,Bangalore,562130,1,0,0,0.99999999999998
29-10-2025,Karnataka,Bangalore Rural,562122,3,0,0,3.0000000000000218
29-10-2025,Karnataka,Bangalore Rural,562132,2,0,0,2.000000000000001
29-10-2025,Karnataka,Bangalore Rural,562135,2,1,0,2.999999999999976
29-10-2025,Karnataka,Belagavi,590009,1,0,0,0.99999999999998
29-10-2025,Karnataka,Belagavi,591103,3,0,0,3.0000000000000218
29-10-2025,Karnataka,Belagavi,591112,2,0,0,2.000000000000001
29-10-2025,Karnataka,Belagavi,591114,1,0,0,0.99999999999998
29-10-2025,Karnataka,Belagavi,591143,1,0,0,0.99999999999998
29-10-2025,Karnataka,Belagavi,591213,3,0,0,3.0000000000000218
29-10-2025,Karnataka,Belagavi,591221,1,0,0,0.99999999999998
29-10-2025,Karnataka,Belagavi,591231,2,0,0,2.000000000000001
29-10-2025,Karnataka,Belagavi,591241,1,0,0,0.99999999999998
29-10-2025,Karnataka,Belgaum,591117,2,0,0,2.000000000000001
29-10-2025,Karnataka,Belgaum,591143,1,0,0,0.99999999999998
29-10-2025,Karnataka,Belgaum,591228,1,0,0,0.99999999999998
29-10-2025,Karnataka,Belgaum,591232,4,0,0,4.000000000000043
29-10-2025,Karnataka,Belgaum,591233,1,0,0,0.99999999999998
29-10-2025,Karnataka,Belgaum,591307,3,0,0,3.0000000000000218
29-10-2025,Karnataka,Belgaum,591311,2,1,0,2.999999999999976
29-10-2025,Karnataka,Belgaum,591312,3,0,0,3.0000000000000218
29-10-2025,Karnataka,Bellary,583101,8,1,0,9.000000000000101
29-10-2025,Karnataka,Bellary,583126,2,0,0,2.000000000000001
29-10-2025,Karnataka,Bellary,583212,1,1,0,1.999999999999955
29-10-2025,Karnataka,Bellary,583218,1,0,0,0.99999999999998
29-10-2025,Karnataka,Bengaluru,560004,2,0,0,2.000000000000001
29-10-2025,Karnataka,Bengaluru,560011,1,0,0,0.99999999999998
29-10-2025,Karnataka,Bengaluru,560013,1,0,0,0.99999999999998
29-10-2025,Karnataka,Bengaluru,560018,1,0,0,0.99999999999998
29-10-2025,Karnataka,Bengaluru,560039,1,0,0,0.99999999999998
29-10-2025,Karnataka,Bengaluru,560041,3,0,0,3.0000000000000218
29-10-2025,Karnataka,Bengaluru,560051,1,0,0,0.99999999999998
29-10-2025,Karnataka,Bengaluru,560058,1,0,0,0.99999999999998
29-10-2025,Karnataka,Bengaluru,560059,0,1,0,0.999999999999934
29-10-2025,Karnataka,Bengaluru,560076,5,4,0,8.999999999999963
29-10-2025,Karnataka,Bengaluru,560090,1,0,0,0.99999999999998
29-10-2025,Karnataka,Bengaluru,560093,2,0,0,2.000000000000001
29-10-2025,Karnataka,Bengaluru,560098,6,2,0,8.000000000000034
29-10-2025,Karnataka,Bengaluru,560105,3,3,0,5.999999999999947
29-10-2025,Karnataka,Bengaluru,560108,1,1,0,1.999999999999955
29-10-2025,Karnataka,Bengaluru,560109,1,1,0,1.999999999999955
29-10-2025,Karnataka,Bengaluru,560113,1,0,0,0.99999999999998
29-10-2025,Karnataka,Bengaluru,562162,2,0,0,2.000000000000001
29-10-2025,Karnataka,Bidar,585326,8,2,0,10.000000000000076
29-10-2025,Karnataka,Bidar,585402,3,0,0,3.0000000000000218
29-10-2025,Karnataka,Bijapur,586112,1,1,0,1.999999999999955
29-10-2025,Karnataka,Bijapur,586115,1,0,0,0.99999999999998
29-10-2025,Karnataka,Bijapur,586117,0,3,0,2.9999999999998836
29-10-2025,Karnataka,Bijapur,586214,1,0,0,0.99999999999998
29-10-2025,Karnataka,Bijapur,586216,2,0,0,2.000000000000001
29-10-2025,Karnataka,Chamarajanagar,571127,1,0,0,0.99999999999998
29-10-2025,Karnataka,Chamrajanagar,571128,1,0,0,0.99999999999998
29-10-2025,Karnataka,Chamrajanagar,571342,1,0,0,0.99999999999998
29-10-2025,Karnataka,Chamrajanagar,571444,5,1,0,6.000000000000038
29-10-2025,Karnataka,Chamrajnagar,571127,1,0,0,0.99999999999998
29-10-2025,Karnataka,Chamrajnagar,571313,1,0,0,0.99999999999998
29-10-2025,Karnataka,Chickmagalur,577131,1,0,0,0.99999999999998
29-10-2025,Karnataka,Chickmagalur,577180,1,0,0,0.99999999999998
29-10-2025,Karnataka,Chikkaballapur,561210,4,1,0,5.000000000000018
29-10-2025,Karnataka,Chikkaballapur,563125,3,1,0,3.9999999999999964
29-10-2025,Karnataka,Chikkaballapur,563146,1,0,0,0.99999999999998
29-10-2025,Karnataka,Chikkamagaluru,577114,1,0,0,0.99999999999998
29-10-2025,Karnataka,Chikkamagaluru,577139,2,0,0,2.000000000000001
29-10-2025,Karnataka,Chikkamagaluru,577146,2,0,0,2.000000000000001
29-10-2025,Karnataka,Chikkamagaluru,577168,1,0,0,0.99999999999998
29-10-2025,Karnataka,Chitradurga,577515,1,0,0,0.99999999999998
29-10-2025,Karnataka,Chitradurga,577527,8,0,0,8.000000000000126
29-10-2025,Karnataka,Chitradurga,577535,4,0,0,4.000000000000043
29-10-2025,Karnataka,Dakshina Kannada,574202,3,1,0,3.9999999999999964
29-10-2025,Karnataka,Dakshina Kannada,574210,3,0,0,3.0000000000000218
29-10-2025,Karnataka,Dakshina Kannada,574214,1,0,0,0.99999999999998
29-10-2025,Karnataka,Dakshina Kannada,574216,2,0,0,2.000000000000001
29-10-2025,Karnataka,Dakshina Kannada,574220,4,0,0,4.000000000000043
29-10-2025,Karnataka,Dakshina Kannada,574222,1,0,0,0.99999999999998
29-10-2025,Karnataka,Dakshina Kannada,574223,1,0,0,0.99999999999998
29-10-2025,Karnataka,Dakshina Kannada,574227,1,1,0,1.999999999999955
29-10-2025,Karnataka,Dakshina Kannada,574313,2,0,0,2.000000000000001
29-10-2025,Karnataka,Dakshina Kannada,574325,1,1,0,1.999999999999955
29-10-2025,Karnataka,Dakshina Kannada,575015,1,0,0,0.99999999999998
29-10-2025,Karnataka,Dakshina Kannada,575027,1,0,0,0.99999999999998
29-10-2025,Karnataka,Davanagere,577213,2,0,0,2.000000000000001
29-10-2025,Karnataka,Davangere,577219,0,1,0,0.999999999999934
29-10-2025,Karnataka,Davangere,577230,1,0,0,0.99999999999998
29-10-2025,Karnataka,Davangere,577553,2,0,0,2.000000000000001
29-10-2025,Karnataka,Davangere,577601,5,0,0,5.000000000000064
29-10-2025,Karnataka,Dharwad,580031,2,1,0,2.999999999999976
29-10-2025,Karnataka,Dharwad,581107,7,1,0,8.00000000000008
29-10-2025,Karnataka,Dharwad,581117,1,0,0,0.99999999999998
29-10-2025,Karnataka,Dharwad,581204,3,0,0,3.0000000000000218
29-10-2025,Karnataka,Gadag,582210,2,0,0,2.000000000000001
29-10-2025,Karnataka,Gadag,582211,2,0,0,2.000000000000001
29-10-2025,Karnataka,Gulbarga,585222,0,3,0,2.9999999999998836
29-10-2025,Karnataka,Gulbarga,585309,2,0,0,2.000000000000001
29-10-2025,Karnataka,Hasan,573103,1,1,0,1.999999999999955
29-10-2025,Karnataka,Hasan,573115,1,0,0,0.99999999999998
29-10-2025,Karnataka,Hasan,573212,2,0,0,2.000000000000001
29-10-2025,Karnataka,Hassan,573103,2,0,0,2.000000000000001
29-10-2025,Karnataka,Hassan,573111,1,0,0,0.99999999999998
29-10-2025,Karnataka,Hassan,573116,7,0,0,7.000000000000105
29-10-2025,Karnataka,Hassan,573129,1,0,0,0.99999999999998
29-10-2025,Karnataka,Hassan,573131,2,0,0,2.000000000000001
29-10-2025,Karnataka,Hassan,573215,2,0,0,2.000000000000001
29-10-2025,Karnataka,Haveri,581102,5,0,0,5.000000000000064
29-10-2025,Karnataka,Haveri,581108,1,0,0,0.99999999999998
29-10-2025,Karnataka,Haveri,581111,2,0,0,2.000000000000001
29-10-2025,Karnataka,Haveri,581112,1,0,0,0.99999999999998
29-10-2025,Karnataka,Haveri,581115,8,0,0,8.000000000000126
29-10-2025,Karnataka,Haveri,581211,2,0,0,2.000000000000001
29-10-2025,Karnataka,Kalaburagi,585211,2,0,0,2.000000000000001
29-10-2025,Karnataka,Kalaburagi,585225,1,0,0,0.99999999999998
29-10-2025,Karnataka,Kalaburagi,585301,3,0,0,3.0000000000000218
29-10-2025,Karnataka,Kalaburagi,585302,1,1,0,1.999999999999955
29-10-2025,Karnataka,Kalaburagi,585313,2,0,0,2.000000000000001
29-10-2025,Karnataka,Kodagu,571212,2,0,0,2.000000000000001
29-10-2025,Karnataka,Kodagu,571216,1,0,0,0.99999999999998
29-10-2025,Karnataka,Kodagu,571218,3,0,0,3.0000000000000218
29-10-2025,Karnataka,Kodagu,571234,2,0,0,2.000000000000001
29-10-2025,Karnataka,Kolar,563119,2,0,0,2.000000000000001
29-10-2025,Karnataka,Kolar,563129,1,0,0,0.99999999999998
29-10-2025,Karnataka,Kolar,563137,3,0,0,3.0000000000000218
29-10-2025,Karnataka,Koppal,583229,4,0,0,4.000000000000043
29-10-2025,Karnataka,Koppal,583235,5,0,0,5.000000000000064
29-10-2025,Karnataka,Koppal,583238,3,0,0,3.0000000000000218
29-10-2025,Karnataka,Koppal,583282,1,0,0,0.99999999999998
29-10-2025,Karnataka,Koppal,583283,12,0,0,12.00000000000021
29-10-2025,Karnataka,Mandya,571402,4,0,0,4.000000000000043
29-10-2025,Karnataka,Mandya,571403,4,1,0,5.000000000000018
29-10-2025,Karnataka,Mandya,571405,5,0,0,5.000000000000064
29-10-2025,Karnataka,Mandya,571422,3,0,0,3.0000000000000218
29-10-2025,Karnataka,Mandya,571423,3,1,0,3.9999999999999964
29-10-2025,Karnataka,Mandya,571426,1,0,0,0.99999999999998
29-10-2025,Karnataka,Mandya,571428,5,0,0,5.000000000000064
29-10-2025,Karnataka,Mandya,571605,2,0,0,2.000000000000001
29-10-2025,Karnataka,Mandya,571810,1,0,0,0.99999999999998
29-10-2025,Karnataka,Mysore,571134,2,0,0,2.000000000000001
29-10-2025,Karnataka,Mysore,571602,1,0,0,0.99999999999998
29-10-2025,Karnataka,Mysore,571603,1,0,0,0.99999999999998
29-10-2025,Karnataka,Mysore,571617,1,0,0,0.99999999999998
29-10-2025,Karnataka,Mysuru,570004,1,1,0,1.999999999999955
29-10-2025,Karnataka,Mysuru,570016,2,1,0,2.999999999999976
29-10-2025,Karnataka,Mysuru,570019,8,1,0,9.000000000000101
29-10-2025,Karnataka,Mysuru,570022,1,0,0,0.99999999999998
29-10-2025,Karnataka,Mysuru,570023,2,0,0,2.000000000000001
29-10-2025,Karnataka,Mysuru,571103,0,1,0,0.999999999999934
29-10-2025,Karnataka,Mysuru,571116,1,0,0,0.99999999999998
29-10-2025,Karnataka,Mysuru,571189,1,0,0,0.99999999999998
29-10-2025,Karnataka,Mysuru,571311,1,0,0,0.99999999999998
29-10-2025,Karnataka,Mysuru,571312,1,0,0,0.99999999999998
29-10-2025,Karnataka,Mysuru,571315,1,0,0,0.99999999999998
29-10-2025,Karnataka,Mysuru,571617,1,0,0,0.99999999999998
29-10-2025,Karnataka,Raichur,584101,8,2,0,10.000000000000076
29-10-2025,Karnataka,Raichur,584120,2,0,0,2.000000000000001
29-10-2025,Karnataka,Raichur,584125,6,3,0,9.000000000000009
29-10-2025,Karnataka,Raichur,584135,1,2,0,2.99999999999993
29-10-2025,Karnataka,Raichur,584139,15,9,0,24.00000000000005
29-10-2025,Karnataka,Raichur,584167,1,0,0,0.99999999999998
29-10-2025,Karnataka,Raichur,584203,1,0,0,0.99999999999998
29-10-2025,Karnataka,Ramanagar,562119,2,0,0,2.000000000000001
29-10-2025,Karnataka,Ramanagar,562120,4,0,0,4.000000000000043
29-10-2025,Karnataka,Ramanagar,562131,3,0,0,3.0000000000000218
29-10-2025,Karnataka,Shimoga,577216,1,0,0,0.99999999999998
29-10-2025,Karnataka,Shimoga,577412,1,0,0,0.99999999999998
29-10-2025,Karnataka,Shivamogga,577233,1,0,0,0.99999999999998
29-10-2025,Karnataka,Shivamogga,577414,0,0,1,0.9999999999999446
29-10-2025,Karnataka,Shivamogga,577428,1,0,0,0.99999999999998
29-10-2025,Karnataka,Shivamogga,577429,1,1,0,1.999999999999955
29-10-2025,Karnataka,Tumakuru,572122,0,1,0,0.999999999999934
29-10-2025,Karnataka,Tumakuru,572124,1,0,0,0.99999999999998
29-10-2025,Karnataka,Tumakuru,572127,1,0,0,0.99999999999998
29-10-2025,Karnataka,Tumakuru,572128,1,0,0,0.99999999999998
29-10-2025,Karnataka,Tumakuru,572140,2,1,0,2.999999999999976
29-10-2025,Karnataka,Tumakuru,572216,1,0,0,0.99999999999998
29-10-2025,Karnataka,Tumakuru,572221,1,0,0,0.99999999999998
29-10-2025,Karnataka,Tumakuru,572227,1,0,0,0.99999999999998
29-10-2025,Karnataka,Tumkur,572104,1,0,0,0.99999999999998
29-10-2025,Karnataka,Tumkur,572112,1,0,0,0.99999999999998
29-10-2025,Karnataka,Tumkur,572118,3,0,0,3.0000000000000218
29-10-2025,Karnataka,Tumkur,572121,2,0,0,2.000000000000001
29-10-2025,Karnataka,Tumkur,572129,3,0,0,3.0000000000000218
29-10-2025,Karnataka,Tumkur,572132,1,0,0,0.99999999999998
29-10-2025,Karnataka,Tumkur,572140,1,0,0,0.99999999999998
29-10-2025,Karnataka,Udupi,574107,1,0,0,0.99999999999998
29-10-2025,Karnataka,Udupi,574116,2,0,0,2.000000000000001
29-10-2025,Karnataka,Udupi,576113,1,0,0,0.99999999999998
29-10-2025,Karnataka,Udupi,576117,2,1,0,2.999999999999976
29-10-2025,Karnataka,Udupi,576220,1,0,0,0.99999999999998
29-10-2025,Karnataka,Udupi,576229,1,0,0,0.99999999999998
29-10-2025,Karnataka,Udupi,576283,1,0,0,0.99999999999998
29-10-2025,Karnataka,Uttara Kannada,581314,1,0,0,0.99999999999998
29-10-2025,Karnataka,Uttara Kannada,581315,1,0,0,0.99999999999998
29-10-2025,Karnataka,Uttara Kannada,581331,1,0,0,0.99999999999998
29-10-2025,Karnataka,Uttara Kannada,581336,1,1,0,1.999999999999955
29-10-2025,Karnataka,Uttara Kannada,581341,1,0,0,0.99999999999998
29-10-2025,Karnataka,Uttara Kannada,581343,1,0,0,0.99999999999998
29-10-2025,Karnataka,Uttara Kannada,581345,1,0,0,0.99999999999998
29-10-2025,Karnataka,Uttara Kannada,581347,1,0,0,0.99999999999998
29-10-2025,Karnataka,Uttara Kannada,581355,1,0,0,0.99999999999998
29-10-2025,Karnataka,Uttara Kannada,581356,3,0,0,3.0000000000000218
29-10-2025,Karnataka,Uttara Kannada,581361,2,0,0,2.000000000000001
29-10-2025,Karnataka,Vijayanagara,583220,1,0,0,0.99999999999998
29-10-2025,Karnataka,Vijayapura,586102,9,0,0,9.000000000000147
29-10-2025,Karnataka,Vijayapura,586103,1,0,0,0.99999999999998
29-10-2025,Karnataka,Vijayapura,586118,1,1,0,1.999999999999955
29-10-2025,Karnataka,Vijayapura,586209,2,0,0,2.000000000000001
29-10-2025,Karnataka,Vijayapura,586213,2,1,0,2.999999999999976
29-10-2025,Karnataka,Yadgir,585219,1,0,0,0.99999999999998
29-10-2025,Karnataka,Yadgir,585223,6,1,0,7.0000000000000595
29-10-2025,Karnataka,Yadgir,585315,0,1,0,0.999999999999934
29-10-2025,Karnataka,Yadgir,585355,2,1,0,2.999999999999976
29-10-2025,Karnataka,yadgir,585223,2,0,0,2.000000000000001
30-10-2025,Karnataka,Bagalkot,587103,5,0,0,5.000000000000064
30-10-2025,Karnataka,Bagalkot,587124,1,0,0,0.99999999999998
30-10-2025,Karnataka,Bagalkot,587154,7,4,0,11.000000000000005
30-10-2025,Karnataka,Bagalkot,587155,3,1,0,3.9999999999999964
30-10-2025,Karnataka,Bagalkot,587202,6,1,0,7.0000000000000595
30-10-2025,Karnataka,Bagalkot,587203,6,1,0,7.0000000000000595
30-10-2025,Karnataka,Bagalkot,587207,0,1,0,0.999999999999934
30-10-2025,Karnataka,Bagalkot *,587313,1,0,0,0.99999999999998
30-10-2025,Karnataka,Ballari,583103,4,0,0,4.000000000000043
30-10-2025,Karnataka,Ballari,583115,4,1,0,5.000000000000018
30-10-2025,Karnataka,Ballari,583126,1,0,0,0.99999999999998
30-10-2025,Karnataka,Ballari,583132,5,0,0,5.000000000000064
30-10-2025,Karnataka,Ballari,583201,3,0,0,3.0000000000000218
30-10-2025,Karnataka,Ballari,583221,1,0,0,0.99999999999998
30-10-2025,Karnataka,Ballari,583223,1,1,0,1.999999999999955
30-10-2025,Karnataka,Bangalore,560025,1,0,0,0.99999999999998
30-10-2025,Karnataka,Bangalore,560039,3,1,0,3.9999999999999964
30-10-2025,Karnataka,Bangalore,560046,2,0,0,2.000000000000001
30-10-2025,Karnataka,Bangalore,560053,1,0,0,0.99999999999998
30-10-2025,Karnataka,Bangalore,560054,4,0,0,4.000000000000043
30-10-2025,Karnataka,Bangalore,560055,1,0,0,0.99999999999998
30-10-2025,Karnataka,Bangalore,560076,1,0,0,0.99999999999998
30-10-2025,Karnataka,Bangalore,560085,3,0,0,3.0000000000000218
30-10-2025,Karnataka,Bangalore,560087,0,1,0,0.999999999999934
30-10-2025,Karnataka,Bangalore,560088,1,0,0,0.99999999999998
30-10-2025,Karnataka,Bangalore,560094,2,0,0,2.000000000000001
30-10-2025,Karnataka,Bangalore,560095,0,1,0,0.999999999999934
30-10-2025,Karnataka,Bangalore,560097,1,2,0,2.99999999999993
30-10-2025,Karnataka,Bangalore,560099,3,1,0,3.9999999999999964
30-10-2025,Karnataka,Bangalore,562123,1,0,0,0.99999999999998
30-10-2025,Karnataka,Bangalore Rural,561203,10,1,0,11.000000000000142
30-10-2025,Karnataka,Bangalore Rural,561205,1,0,0,0.99999999999998
30-10-2025,Karnataka,Bangalore Rural,562110,8,0,0,8.000000000000126
30-10-2025,Karnataka,Belagavi,590014,5,0,0,5.000000000000064
30-10-2025,Karnataka,Belagavi,591101,0,1,0,0.999999999999934
30-10-2025,Karnataka,Belagavi,591112,3,0,0,3.0000000000000218
30-10-2025,Karnataka,Belagavi,591116,0,1,0,0.999999999999934
30-10-2025,Karnataka,Belagavi,591119,2,0,0,2.000000000000001
30-10-2025,Karnataka,Belagavi,591127,1,0,0,0.99999999999998
30-10-2025,Karnataka,Belagavi,591130,1,0,0,0.99999999999998
30-10-2025,Karnataka,Belagavi,591131,1,0,0,0.99999999999998
30-10-2025,Karnataka,Belagavi,591156,5,1,0,6.000000000000038
30-10-2025,Karnataka,Belagavi,591214,1,1,0,1.999999999999955
30-10-2025,Karnataka,Belagavi,591222,6,2,0,8.000000000000034
30-10-2025,Karnataka,Belagavi,591226,1,0,0,0.99999999999998
30-10-2025,Karnataka,Belagavi,591234,1,0,0,0.99999999999998
30-10-2025,Karnataka,Belagavi,591243,2,1,0,2.999999999999976
30-10-2025,Karnataka,Belagavi,591265,0,1,0,0.999999999999934
30-10-2025,Karnataka,Belagavi,591287,1,0,0,0.99999999999998
30-10-2025,Karnataka,Belagavi,591312,4,0,0,4.000000000000043
30-10-2025,Karnataka,Belgaum,590006,3,0,0,3.0000000000000218
30-10-2025,Karnataka,Belgaum,591104,2,0,0,2.000000000000001
30-10-2025,Karnataka,Belgaum,591108,3,1,0,3.9999999999999964
30-10-2025,Karnataka,Belgaum,591110,2,0,0,2.000000000000001
30-10-2025,Karnataka,Belgaum,591215,1,1,0,1.999999999999955
30-10-2025,Karnataka,Belgaum,591222,5,0,0,5.000000000000064
30-10-2025,Karnataka,Belgaum,591224,1,0,0,0.99999999999998
30-10-2025,Karnataka,Belgaum,591228,1,0,0,0.99999999999998
30-10-2025,Karnataka,Belgaum,591231,2,0,0,2.000000000000001
30-10-2025,Karnataka,Belgaum,591232,5,1,0,6.000000000000038
30-10-2025,Karnataka,Belgaum,591235,7,2,0,9.000000000000055
30-10-2025,Karnataka,Belgaum,591240,2,0,0,2.000000000000001
30-10-2025,Karnataka,Belgaum,591306,2,0,0,2.000000000000001
30-10-2025,Karnataka,Belgaum,591311,6,0,0,6.000000000000084
30-10-2025,Karnataka,Belgaum,591344,1,0,0,0.99999999999998
30-10-2025,Karnataka,Bellary,583101,7,1,0,8.00000000000008
30-10-2025,Karnataka,Bellary,583102,12,1,0,13.000000000000185
30-10-2025,Karnataka,Bellary,583111,1,0,0,0.99999999999998
30-10-2025,Karnataka,Bellary,583114,3,1,0,3.9999999999999964
30-10-2025,Karnataka,Bellary,583132,3,0,0,3.0000000000000218
30-10-2025,Karnataka,Bengaluru,560004,1,0,0,0.99999999999998
30-10-2025,Karnataka,Bengaluru,560018,2,0,0,2.000000000000001
30-10-2025,Karnataka,Bengaluru,560019,2,0,0,2.000000000000001
30-10-2025,Karnataka,Bengaluru,560022,5,0,0,5.000000000000064
30-10-2025,Karnataka,Bengaluru,560026,10,1,0,11.000000000000142
30-10-2025,Karnataka,Bengaluru,560030,3,0,0,3.0000000000000218
30-10-2025,Karnataka,Bengaluru,560033,2,1,0,2.999999999999976
30-10-2025,Karnataka,Bengaluru,560037,6,2,2,10.000000000000005
30-10-2025,Karnataka,Bengaluru,560038,3,0,0,3.0000000000000218
30-10-2025,Karnataka,Bengaluru,560041,1,0,0,0.99999999999998
30-10-2025,Karnataka,Bengaluru,560049,6,2,1,9.00000000000002
30-10-2025,Karnataka,Bengaluru,560063,1,0,0,0.99999999999998
30-10-2025,Karnataka,Bengaluru,560071,0,0,1,0.9999999999999446
30-10-2025,Karnataka,Bengaluru,560075,1,1,0,1.999999999999955
30-10-2025,Karnataka,Bengaluru,560077,10,2,0,12.000000000000117
30-10-2025,Karnataka,Bengaluru,560093,3,1,0,3.9999999999999964
30-10-2025,Karnataka,Bengaluru,560099,6,2,0,8.000000000000034
30-10-2025,Karnataka,Bengaluru,560103,1,1,2,3.999999999999926
30-10-2025,Karnataka,Bengaluru,560115,1,0,0,0.99999999999998
30-10-2025,Karnataka,Bengaluru,562123,1,1,0,1.999999999999955
30-10-2025,Karnataka,Bengaluru,562130,3,0,0,3.0000000000000218
30-10-2025,Karnataka,Bengaluru South,562109,1,0,0,0.99999999999998
30-10-2025,Karnataka,Bidar,585328,5,0,0,5.000000000000064
30-10-2025,Karnataka,Bidar,585402,2,1,0,2.999999999999976
30-10-2025,Karnataka,Bidar,585413,8,0,0,8.000000000000126
30-10-2025,Karnataka,Bidar,585414,3,2,0,4.999999999999972
30-10-2025,Karnataka,Bidar,585415,1,0,0,0.99999999999998
30-10-2025,Karnataka,Bidar,585419,2,0,0,2.000000000000001
30-10-2025,Karnataka,Bijapur,586103,3,0,0,3.0000000000000218
30-10-2025,Karnataka,Bijapur,586112,7,4,0,11.000000000000005
30-10-2025,Karnataka,Bijapur,586119,2,3,0,4.999999999999925
30-10-2025,Karnataka,Bijapur,586125,2,1,0,2.999999999999976
30-10-2025,Karnataka,Bijapur,586128,8,5,0,13.000000000000002
30-10-2025,Karnataka,Bijapur,586130,1,1,0,1.999999999999955
30-10-2025,Karnataka,Bijapur,586204,0,1,0,0.999999999999934
30-10-2025,Karnataka,Chamarajanagar,571440,3,0,0,3.0000000000000218
30-10-2025,Karnataka,Chamrajanagar,571111,2,1,0,2.999999999999976
30-10-2025,Karnataka,Chamrajnagar,571109,1,0,0,0.99999999999998
30-10-2025,Karnataka,Chamrajnagar,571127,1,0,0,0.99999999999998
30-10-2025,Karnataka,Chickmagalur,577128,1,0,0,0.99999999999998
30-10-2025,Karnataka,Chickmagalur,577129,2,0,0,2.000000000000001
30-10-2025,Karnataka,Chickmagalur,577139,2,0,0,2.000000000000001
30-10-2025,Karnataka,Chikkaballapur,562102,8,0,0,8.000000000000126
30-10-2025,Karnataka,Chikkaballapur,563125,14,0,0,14.00000000000025
30-10-2025,Karnataka,Chikkaballapur,563128,5,0,0,5.000000000000064
30-10-2025,Karnataka,Chikkaballapur,563146,2,0,0,2.000000000000001
30-10-2025,Karnataka,Chikkamagaluru,577116,1,0,0,0.99999999999998
30-10-2025,Karnataka,Chikkamagaluru,577123,1,0,0,0.99999999999998
30-10-2025,Karnataka,Chikkamagaluru,577144,1,0,0,0.99999999999998
30-10-2025,Karnataka,Chikkamagaluru,577548,1,0,0,0.99999999999998
30-10-2025,Karnataka,Chitradurga,577515,1,0,0,0.99999999999998
30-10-2025,Karnataka,Chitradurga,577517,1,0,0,0.99999999999998
30-10-2025,Karnataka,Chitradurga,577522,8,1,0,9.000000000000101
30-10-2025,Karnataka,Chitradurga,577536,9,1,0,10.000000000000123
30-10-2025,Karnataka,Chitradurga,577538,8,0,0,8.000000000000126
30-10-2025,Karnataka,Chitradurga,577540,16,0,0,16.00000000000029
30-10-2025,Karnataka,Chitradurga,577542,0,1,0,0.999999999999934
30-10-2025,Karnataka,Dakshina Kannada,574141,1,0,0,0.99999999999998
30-10-2025,Karnataka,Dakshina Kannada,574154,4,0,0,4.000000000000043
30-10-2025,Karnataka,Dakshina Kannada,574197,1,0,0,0.99999999999998
30-10-2025,Karnataka,Dakshina Kannada,574198,1,0,0,0.99999999999998
30-10-2025,Karnataka,Dakshina Kannada,574217,5,0,0,5.000000000000064
30-10-2025,Karnataka,Dakshina Kannada,574223,2,0,0,2.000000000000001
30-10-2025,Karnataka,Dakshina Kannada,574323,1,0,0,0.99999999999998
30-10-2025,Karnataka,Dakshina Kannada,574326,4,0,0,4.000000000000043
30-10-2025,Karnataka,Dakshina Kannada,575007,3,1,0,3.9999999999999964
30-10-2025,Karnataka,Dakshina Kannada,575014,3,0,0,3.0000000000000218
30-10-2025,Karnataka,Dakshina Kannada,575015,1,0,0,0.99999999999998
30-10-2025,Karnataka,Dakshina Kannada,575016,1,0,0,0.99999999999998
30-10-2025,Karnataka,Dakshina Kannada,575022,5,0,0,5.000000000000064
30-10-2025,Karnataka,Dakshina Kannada,575029,1,0,0,0.99999999999998
30-10-2025,Karnataka,Davanagere,577006,1,0,0,0.99999999999998
30-10-2025,Karnataka,Davangere,577002,8,2,0,10.000000000000076
30-10-2025,Karnataka,Davangere,577004,4,1,0,5.000000000000018
30-10-2025,Karnataka,Davangere,577215,5,0,0,5.000000000000064
30-10-2025,Karnataka,Davangere,577218,5,0,0,5.000000000000064
30-10-2025,Karnataka,Davangere,577219,4,1,0,5.000000000000018
30-10-2025,Karnataka,Davangere,577221,1,0,0,0.99999999999998
30-10-2025,Karnataka,Davangere,577516,1,0,0,0.99999999999998
30-10-2025,Karnataka,Davangere,577530,2,0,0,2.000000000000001
30-10-2025,Karnataka,Davangere,577553,0,1,0,0.999999999999934
30-10-2025,Karnataka,Davangere,577556,1,0,0,0.99999999999998
30-10-2025,Karnataka,Davangere,577589,2,1,0,2.999999999999976
30-10-2025,Karnataka,Dharwad,580006,2,0,0,2.000000000000001
30-10-2025,Karnataka,Dharwad,580026,1,0,0,0.99999999999998
30-10-2025,Karnataka,Gadag,582102,5,0,0,5.000000000000064
30-10-2025,Karnataka,Gadag,582113,1,0,0,0.99999999999998
30-10-2025,Karnataka,Gulbarga,585105,1,0,0,0.99999999999998
30-10-2025,Karnataka,Gulbarga,585236,2,2,0,3.9999999999999507
30-10-2025,Karnataka,Gulbarga,585309,1,0,0,0.99999999999998
30-10-2025,Karnataka,Gulbarga,585317,8,1,0,9.000000000000101
30-10-2025,Karnataka,Gulbarga,585320,3,1,0,3.9999999999999964
30-10-2025,Karnataka,Gulbarga,585325,6,0,0,6.000000000000084
30-10-2025,Karnataka,Hasan,573103,3,0,0,3.0000000000000218
30-10-2025,Karnataka,Hasan,573112,2,0,0,2.000000000000001
30-10-2025,Karnataka,Hasan,573118,1,0,0,0.99999999999998
30-10-2025,Karnataka,Hasan,573128,0,1,0,0.999999999999934
30-10-2025,Karnataka,Hasan,573130,2,0,0,2.000000000000001
30-10-2025,Karnataka,Hasan,573142,1,0,0,0.99999999999998
30-10-2025,Karnataka,Hasan,573213,1,0,0,0.99999999999998
30-10-2025,Karnataka,Hassan,573115,1,0,0,0.99999999999998
30-10-2025,Karnataka,Hassan,573125,2,0,0,2.000000000000001
30-10-2025,Karnataka,Hassan,573127,1,0,0,0.99999999999998
30-10-2025,Karnataka,Hassan,573133,2,0,0,2.000000000000001
30-10-2025,Karnataka,Hassan,573142,1,0,0,0.99999999999998
30-10-2025,Karnataka,Hassan,573210,2,0,0,2.000000000000001
30-10-2025,Karnataka,Haveri,581106,5,1,0,6.000000000000038
30-10-2025,Karnataka,Haveri,581145,1,0,0,0.99999999999998
30-10-2025,Karnataka,Haveri,581213,3,2,0,4.999999999999972
30-10-2025,Karnataka,Haveri,583217,0,1,0,0.999999999999934
30-10-2025,Karnataka,Kalaburagi,585101,5,0,0,5.000000000000064
30-10-2025,Karnataka,Kalaburagi,585103,6,1,0,7.0000000000000595
30-10-2025,Karnataka,Kalaburagi,585104,18,2,0,20.000000000000284
30-10-2025,Karnataka,Kalaburagi,585213,2,0,0,2.000000000000001
30-10-2025,Karnataka,Kalaburagi,585265,4,0,0,4.000000000000043
30-10-2025,Karnataka,Kalaburagi,585302,2,1,0,2.999999999999976
30-10-2025,Karnataka,Kalaburagi,585305,1,0,0,0.99999999999998
30-10-2025,Karnataka,Kalaburagi,585312,4,0,0,4.000000000000043
30-10-2025,Karnataka,Kalaburagi,585314,1,0,0,0.99999999999998
30-10-2025,Karnataka,Kalaburagi,585320,2,0,0,2.000000000000001
30-10-2025,Karnataka,Kodagu,571214,3,0,0,3.0000000000000218
30-10-2025,Karnataka,Kodagu,571217,1,0,0,0.99999999999998
30-10-2025,Karnataka,Kodagu,571218,2,0,0,2.000000000000001
30-10-2025,Karnataka,Kodagu,571247,1,0,0,0.99999999999998
30-10-2025,Karnataka,Kodagu,571252,0,1,0,0.999999999999934
30-10-2025,Karnataka,Kolar,561207,0,1,0,0.999999999999934
30-10-2025,Karnataka,Kolar,563119,0,1,0,0.999999999999934
30-10-2025,Karnataka,Kolar,563135,4,0,0,4.000000000000043
30-10-2025,Karnataka,Kolar,563136,3,0,0,3.0000000000000218
30-10-2025,Karnataka,Kolar,563137,4,0,0,4.000000000000043
30-10-2025,Karnataka,Kolar,563139,4,0,0,4.000000000000043
30-10-2025,Karnataka,Kolar,563161,1,1,0,1.999999999999955
30-10-2025,Karnataka,Koppal,583232,5,2,0,7.000000000000013
30-10-2025,Karnataka,Mandya,571404,2,0,0,2.000000000000001
30-10-2025,Karnataka,Mandya,571416,3,0,0,3.0000000000000218
30-10-2025,Karnataka,Mandya,571417,2,0,0,2.000000000000001
30-10-2025,Karnataka,Mandya,571421,5,1,0,6.000000000000038
30-10-2025,Karnataka,Mandya,571422,4,0,0,4.000000000000043
30-10-2025,Karnataka,Mandya,571424,1,0,0,0.99999999999998
30-10-2025,Karnataka,Mandya,571428,4,1,0,5.000000000000018
30-10-2025,Karnataka,Mandya,571433,3,0,0,3.0000000000000218
30-10-2025,Karnataka,Mandya,571434,8,0,0,8.000000000000126
30-10-2025,Karnataka,Mandya,571438,2,1,0,2.999999999999976
30-10-2025,Karnataka,Mandya,571802,1,0,0,0.99999999999998
30-10-2025,Karnataka,Mandya,571812,2,0,0,2.000000000000001
30-10-2025,Karnataka,Mysore,570007,2,0,0,2.000000000000001
30-10-2025,Karnataka,Mysore,570023,1,0,0,0.99999999999998
30-10-2025,Karnataka,Mysore,571104,1,0,0,0.99999999999998
30-10-2025,Karnataka,Mysore,571105,5,0,0,5.000000000000064
30-10-2025,Karnataka,Mysore,571120,5,0,0,5.000000000000064
30-10-2025,Karnataka,Mysore,571125,1,0,0,0.99999999999998
30-10-2025,Karnataka,Mysore,571130,2,0,0,2.000000000000001
30-10-2025,Karnataka,Mysore,571134,1,0,0,0.99999999999998
30-10-2025,Karnataka,Mysore,571315,5,0,0,5.000000000000064
30-10-2025,Karnataka,Mysuru,570007,4,1,0,5.000000000000018
30-10-2025,Karnataka,Mysuru,570008,6,0,0,6.000000000000084
30-10-2025,Karnataka,Mysuru,570017,1,0,0,0.99999999999998
30-10-2025,Karnataka,Mysuru,571101,2,0,0,2.000000000000001
30-10-2025,Karnataka,Mysuru,571102,3,1,0,3.9999999999999964
30-10-2025,Karnataka,Mysuru,571187,2,0,0,2.000000000000001
30-10-2025,Karnataka,Mysuru,571189,1,0,0,0.99999999999998
30-10-2025,Karnataka,Mysuru,571302,2,0,0,2.000000000000001
30-10-2025,Karnataka,Mysuru,571602,6,0,0,6.000000000000084
30-10-2025,Karnataka,Raichur,584113,12,1,0,13.000000000000185
30-10-2025,Karnataka,Raichur,584120,16,4,0,20.000000000000192
30-10-2025,Karnataka,Raichur,584128,17,3,0,20.00000000000024
30-10-2025,Karnataka,Raichur,584133,7,2,0,9.000000000000055
30-10-2025,Karnataka,Raichur,584134,2,1,0,2.999999999999976
30-10-2025,Karnataka,Raichur,584135,2,2,0,3.9999999999999507
30-10-2025,Karnataka,Raichur,584202,1,4,0,4.999999999999879
30-10-2025,Karnataka,Ramanagar,562108,0,1,0,0.999999999999934
30-10-2025,Karnataka,Ramanagar,562109,4,1,0,5.000000000000018
30-10-2025,Karnataka,Ramanagar,562119,3,0,0,3.0000000000000218
30-10-2025,Karnataka,Shimoga,577211,1,0,0,0.99999999999998
30-10-2025,Karnataka,Shimoga,577227,1,0,0,0.99999999999998
30-10-2025,Karnataka,Shimoga,577412,1,0,0,0.99999999999998
30-10-2025,Karnataka,Shimoga,577421,1,0,0,0.99999999999998
30-10-2025,Karnataka,Shivamogga,577205,8,0,0,8.000000000000126
30-10-2025,Karnataka,Shivamogga,577243,1,0,0,0.99999999999998
30-10-2025,Karnataka,Shivamogga,577245,1,0,0,0.99999999999998
30-10-2025,Karnataka,Shivamogga,577301,3,0,0,3.0000000000000218
30-10-2025,Karnataka,Shivamogga,577429,1,0,0,0.99999999999998
30-10-2025,Karnataka,Shivamogga,577430,2,0,0,2.000000000000001
30-10-2025,Karnataka,Shivamogga,577433,4,0,0,4.000000000000043
30-10-2025,Karnataka,Shivamogga,577450,1,0,0,0.99999999999998
30-10-2025,Karnataka,Tumakuru,561202,4,1,0,5.000000000000018
30-10-2025,Karnataka,Tumakuru,572102,4,1,0,5.000000000000018
30-10-2025,Karnataka,Tumakuru,572122,1,0,0,0.99999999999998
30-10-2025,Karnataka,Tumakuru,572132,2,0,0,2.000000000000001
30-10-2025,Karnataka,Tumakuru,572175,1,0,0,0.99999999999998
30-10-2025,Karnataka,Tumkur,572101,3,1,0,3.9999999999999964
30-10-2025,Karnataka,Tumkur,572105,1,0,0,0.99999999999998
30-10-2025,Karnataka,Tumkur,572112,3,0,0,3.0000000000000218
30-10-2025,Karnataka,Tumkur,572121,2,0,0,2.000000000000001
30-10-2025,Karnataka,Tumkur,572127,2,0,0,2.000000000000001
30-10-2025,Karnataka,Tumkur,572128,2,0,0,2.000000000000001
30-10-2025,Karnataka,Tumkur,572138,1,0,0,0.99999999999998
30-10-2025,Karnataka,Tumkur,572139,4,0,0,4.000000000000043
30-10-2025,Karnataka,Tumkur,572213,1,0,0,0.99999999999998
30-10-2025,Karnataka,Tumkur,572218,5,0,0,5.000000000000064
30-10-2025,Karnataka,Udupi,574107,1,0,0,0.99999999999998
30-10-2025,Karnataka,Udupi,574113,1,0,0,0.99999999999998
30-10-2025,Karnataka,Udupi,574116,1,0,0,0.99999999999998
30-10-2025,Karnataka,Udupi,574119,2,0,0,2.000000000000001
30-10-2025,Karnataka,Udupi,576101,3,0,0,3.0000000000000218
30-10-2025,Karnataka,Udupi,576103,3,1,0,3.9999999999999964
30-10-2025,Karnataka,Udupi,576108,1,0,0,0.99999999999998
30-10-2025,Karnataka,Udupi,576214,5,0,0,5.000000000000064
30-10-2025,Karnataka,Udupi,576228,1,0,0,0.99999999999998
30-10-2025,Karnataka,Udupi,576234,1,0,0,0.99999999999998
30-10-2025,Karnataka,Udupi,576257,0,1,0,0.999999999999934
30-10-2025,Karnataka,Udupi,576283,1,0,0,0.99999999999998
30-10-2025,Karnataka,Uttara Kannada,581306,1,0,0,0.99999999999998
30-10-2025,Karnataka,Uttara Kannada,581315,2,0,0,2.000000000000001
30-10-2025,Karnataka,Uttara Kannada,581319,2,0,0,2.000000000000001
30-10-2025,Karnataka,Uttara Kannada,581320,7,0,0,7.000000000000105
30-10-2025,Karnataka,Uttara Kannada,581324,1,0,0,0.99999999999998
30-10-2025,Karnataka,Uttara Kannada,581335,1,0,0,0.99999999999998
30-10-2025,Karnataka,Uttara Kannada,581339,1,0,0,0.99999999999998
30-10-2025,Karnataka,Uttara Kannada,581341,2,0,0,2.000000000000001
30-10-2025,Karnataka,Uttara Kannada,581342,2,0,0,2.000000000000001
30-10-2025,Karnataka,Uttara Kannada,581362,2,0,0,2.000000000000001
30-10-2025,Karnataka,Uttara Kannada,581421,2,0,0,2.000000000000001
30-10-2025,Karnataka,Uttara Kannada,581440,2,0,0,2.000000000000001
30-10-2025,Karnataka,Vijayanagara,583131,2,0,0,2.000000000000001
30-10-2025,Karnataka,Vijayanagara,583212,5,1,0,6.000000000000038
30-10-2025,Karnataka,Vijayanagara,583222,5,0,0,5.000000000000064
30-10-2025,Karnataka,Vijayapura,586112,6,2,1,9.00000000000002
30-10-2025,Karnataka,Vijayapura,586114,2,0,0,2.000000000000001
30-10-2025,Karnataka,Vijayapura,586122,1,2,0,2.99999999999993
30-10-2025,Karnataka,Vijayapura,586202,6,0,0,6.000000000000084
30-10-2025,Karnataka,Vijayapura,586206,1,0,0,0.99999999999998
30-10-2025,Karnataka,Vijayapura,586207,1,0,0,0.99999999999998
30-10-2025,Karnataka,Vijayapura,586209,4,1,0,5.000000000000018
30-10-2025,Karnataka,Vijayapura,586213,4,0,0,4.000000000000043
30-10-2025,Karnataka,Yadgir,585214,7,0,0,7.000000000000105
30-10-2025,Karnataka,Yadgir,585216,21,3,0,24.00000000000032
30-10-2025,Karnataka,Yadgir,585218,1,0,0,0.99999999999998
30-10-2025,Karnataka,Yadgir,585304,3,1,0,3.9999999999999964
30-10-2025,Karnataka,yadgir,585201,4,1,0,5.000000000000018
30-10-2025,Karnataka,yadgir,585290,4,0,0,4.000000000000043
30-10-2025,Karnataka,yadgir,585355,1,0,0,0.99999999999998
31-10-2025,Karnataka,Bagalkot,587111,9,1,0,10.000000000000123
31-10-2025,Karnataka,Bagalkot,587113,13,0,0,13.000000000000231
31-10-2025,Karnataka,Bagalkot,587114,4,0,0,4.000000000000043
31-10-2025,Karnataka,Bagalkot,587122,1,1,0,1.999999999999955
31-10-2025,Karnataka,Bagalkot,587201,8,2,0,10.000000000000076
31-10-2025,Karnataka,Bagalkot,587204,2,0,0,2.000000000000001
31-10-2025,Karnataka,Bagalkot,587313,15,4,0,19.00000000000017
31-10-2025,Karnataka,Bagalkot,587330,6,1,0,7.0000000000000595
31-10-2025,Karnataka,Bagalkot *,586126,0,1,0,0.999999999999934
31-10-2025,Karnataka,Ballari,583118,1,0,0,0.99999999999998
31-10-2025,Karnataka,Bangalore,560003,1,0,0,0.99999999999998
31-10-2025,Karnataka,Bangalore,560018,1,0,0,0.99999999999998
31-10-2025,Karnataka,Bangalore,560029,2,3,0,4.999999999999925
31-10-2025,Karnataka,Bangalore,560033,2,0,0,2.000000000000001
31-10-2025,Karnataka,Bangalore,560043,1,0,0,0.99999999999998
31-10-2025,Karnataka,Bangalore,560045,10,1,0,11.000000000000142
31-10-2025,Karnataka,Bangalore,560053,0,1,0,0.999999999999934
31-10-2025,Karnataka,Bangalore,560064,1,1,0,1.999999999999955
31-10-2025,Karnataka,Bangalore,560075,2,0,0,2.000000000000001
31-10-2025,Karnataka,Bangalore,560083,4,0,0,4.000000000000043
31-10-2025,Karnataka,Bangalore,560086,1,0,0,0.99999999999998
31-10-2025,Karnataka,Bangalore,560087,1,0,0,0.99999999999998
31-10-2025,Karnataka,Bangalore,560091,5,1,0,6.000000000000038
31-10-2025,Karnataka,Bangalore,560102,1,0,0,0.99999999999998
31-10-2025,Karnataka,Bangalore,560104,0,1,0,0.999999999999934
31-10-2025,Karnataka,Bangalore,562107,3,1,0,3.9999999999999964
31-10-2025,Karnataka,Bangalore Rural,560087,0,2,1,2.9999999999998943
31-10-2025,Karnataka,Bangalore Rural,562132,2,0,0,2.000000000000001
31-10-2025,Karnataka,Belagavi,590005,2,0,0,2.000000000000001
31-10-2025,Karnataka,Belagavi,591110,1,0,0,0.99999999999998
31-10-2025,Karnataka,Belagavi,591112,3,0,0,3.0000000000000218
31-10-2025,Karnataka,Belagavi,591122,5,0,0,5.000000000000064
31-10-2025,Karnataka,Belagavi,591126,6,1,0,7.0000000000000595
31-10-2025,Karnataka,Belagavi,591220,6,0,0,6.000000000000084
31-10-2025,Karnataka,Belagavi,591232,3,0,0,3.0000000000000218
31-10-2025,Karnataka,Belagavi,591233,1,0,0,0.99999999999998
31-10-2025,Karnataka,Belagavi,591301,0,1,0,0.999999999999934
31-10-2025,Karnataka,Belagavi,591305,4,0,0,4.000000000000043
31-10-2025,Karnataka,Belagavi,591306,2,0,0,2.000000000000001
31-10-2025,Karnataka,Belagavi,591315,2,0,0,2.000000000000001
31-10-2025,Karnataka,Belgaum,590006,3,1,0,3.9999999999999964
31-10-2025,Karnataka,Belgaum,591110,2,0,0,2.000000000000001
31-10-2025,Karnataka,Belgaum,591111,1,0,0,0.99999999999998
31-10-2025,Karnataka,Belgaum,591120,0,1,0,0.999999999999934
31-10-2025,Karnataka,Belgaum,591122,6,1,0,7.0000000000000595
31-10-2025,Karnataka,Belgaum,591126,9,2,0,11.000000000000098
31-10-2025,Karnataka,Belgaum,591214,1,0,0,0.99999999999998
31-10-2025,Karnataka,Belgaum,591220,5,1,0,6.000000000000038
31-10-2025,Karnataka,Belgaum,591224,2,2,0,3.9999999999999507
31-10-2025,Karnataka,Belgaum,591235,2,2,0,3.9999999999999507
31-10-2025,Karnataka,Belgaum,591265,2,0,0,2.000000000000001
31-10-2025,Karnataka,Belgaum,591303,4,0,0,4.000000000000043
31-10-2025,Karnataka,Belgaum,591306,6,1,0,7.0000000000000595
31-10-2025,Karnataka,Belgaum,591310,3,0,0,3.0000000000000218
31-10-2025,Karnataka,Bellary,583111,3,1,0,3.9999999999999964
31-10-2025,Karnataka,Bellary,583116,2,0,0,2.000000000000001
31-10-2025,Karnataka,Bellary,583124,4,2,0,5.999999999999993
31-10-2025,Karnataka,Bellary,583128,3,0,0,3.0000000000000218
31-10-2025,Karnataka,Bellary,583211,1,0,0,0.99999999999998
31-10-2025,Karnataka,Bellary,583222,2,0,0,2.000000000000001
31-10-2025,Karnataka,Bengaluru,560003,2,1,0,2.999999999999976
31-10-2025,Karnataka,Bengaluru,560004,0,1,0,0.999999999999934
31-10-2025,Karnataka,Bengaluru,560005,3,0,0,3.0000000000000218
31-10-2025,Karnataka,Bengaluru,560006,1,0,0,0.99999999999998
31-10-2025,Karnataka,Bengaluru,560022,4,0,0,4.000000000000043
31-10-2025,Karnataka,Bengaluru,560024,0,0,1,0.9999999999999446
31-10-2025,Karnataka,Bengaluru,560039,5,0,0,5.000000000000064
31-10-2025,Karnataka,Bengaluru,560048,1,0,0,0.99999999999998
31-10-2025,Karnataka,Bengaluru,560056,1,0,0,0.99999999999998
31-10-2025,Karnataka,Bengaluru,560073,3,0,0,3.0000000000000218
31-10-2025,Karnataka,Bengaluru,560082,3,0,0,3.0000000000000218
31-10-2025,Karnataka,Bengaluru,560083,6,3,0,9.000000000000009
31-10-2025,Karnataka,Bengaluru,560097,6,3,0,9.000000000000009
31-10-2025,Karnataka,Bengaluru,560098,0,1,0,0.999999999999934
31-10-2025,Karnataka,Bengaluru,560103,2,1,1,3.999999999999962
31-10-2025,Karnataka,Bengaluru,562106,5,1,0,6.000000000000038
31-10-2025,Karnataka,Bengaluru,562125,3,2,0,4.999999999999972
31-10-2025,Karnataka,Bengaluru South,562160,0,15,0,14.999999999999583
31-10-2025,Karnataka,Bidar,585326,14,3,0,17.000000000000178
31-10-2025,Karnataka,Bidar,585329,3,0,0,3.0000000000000218
31-10-2025,Karnataka,Bidar,585330,7,1,0,8.00000000000008
31-10-2025,Karnataka,Bidar,585403,13,1,0,14.000000000000206
31-10-2025,Karnataka,Bidar,585414,0,1,0,0.999999999999934
31-10-2025,Karnataka,Bidar,585417,1,0,0,0.99999999999998
31-10-2025,Karnataka,Bijapur,586104,5,0,0,5.000000000000064
31-10-2025,Karnataka,Bijapur,586114,2,0,0,2.000000000000001
31-10-2025,Karnataka,Bijapur,586119,6,3,0,9.000000000000009
31-10-2025,Karnataka,Bijapur,586121,2,1,0,2.999999999999976
31-10-2025,Karnataka,Bijapur,586201,1,0,0,0.99999999999998
31-10-2025,Karnataka,Bijapur,586206,4,1,0,5.000000000000018
31-10-2025,Karnataka,Bijapur,586215,3,0,0,3.0000000000000218
31-10-2025,Karnataka,Chamrajanagar,571111,1,1,0,1.999999999999955
31-10-2025,Karnataka,Chamrajanagar,571124,2,0,0,2.000000000000001
31-10-2025,Karnataka,Chamrajanagar,571127,5,0,0,5.000000000000064
31-10-2025,Karnataka,Chamrajanagar,571128,3,0,0,3.0000000000000218
31-10-2025,Karnataka,Chamrajanagar,571316,1,0,0,0.99999999999998
31-10-2025,Karnataka,Chamrajanagar,571442,1,1,0,1.999999999999955
31-10-2025,Karnataka,Chamrajanagar,571490,3,0,0,3.0000000000000218
31-10-2025,Karnataka,Chamrajnagar,571123,1,0,0,0.99999999999998
31-10-2025,Karnataka,Chamrajnagar,571440,2,0,0,2.000000000000001
31-10-2025,Karnataka,Chamrajnagar,571443,1,0,0,0.99999999999998
31-10-2025,Karnataka,Chickmagalur,577101,4,0,0,4.000000000000043
31-10-2025,Karnataka,Chickmagalur,577102,1,0,0,0.99999999999998
31-10-2025,Karnataka,Chickmagalur,577111,2,0,0,2.000000000000001
31-10-2025,Karnataka,Chickmagalur,577140,1,0,0,0.99999999999998
31-10-2025,Karnataka,Chickmagalur,577144,2,0,0,2.000000000000001
31-10-2025,Karnataka,Chickmagalur,577547,1,0,0,0.99999999999998
31-10-2025,Karnataka,Chickmagalur,577548,5,0,0,5.000000000000064
31-10-2025,Karnataka,Chikkaballapur,561206,1,0,0,0.99999999999998
31-10-2025,Karnataka,Chikkamagaluru,577124,1,0,0,0.99999999999998
31-10-2025,Karnataka,Chikkamagaluru,577547,2,0,0,2.000000000000001
31-10-2025,Karnataka,Chikmagalur,577111,1,0,0,0.99999999999998
31-10-2025,Karnataka,Chitradurga,577511,1,0,0,0.99999999999998
31-10-2025,Karnataka,Chitradurga,577518,1,0,0,0.99999999999998
01-11-2025,Karnataka,Bagalkot,587125,1,0,0,0.99999999999998
01-11-2025,Karnataka,Bagalkot,587203,2,1,0,2.999999999999976
01-11-2025,Karnataka,Bagalkot,587204,1,0,0,0.99999999999998
01-11-2025,Karnataka,Bagalkot,587315,1,0,0,0.99999999999998
01-11-2025,Karnataka,Ballari,583128,2,1,0,2.999999999999976
01-11-2025,Karnataka,Ballari,583134,0,1,0,0.999999999999934
01-11-2025,Karnataka,Ballari,583216,1,0,0,0.99999999999998
01-11-2025,Karnataka,Bangalore,560010,1,0,0,0.99999999999998
01-11-2025,Karnataka,Bangalore,560016,2,0,0,2.000000000000001
01-11-2025,Karnataka,Bangalore,560021,0,1,0,0.999999999999934
01-11-2025,Karnataka,Bangalore,560067,1,0,0,0.99999999999998
01-11-2025,Karnataka,Bangalore,560091,1,0,0,0.99999999999998
01-11-2025,Karnataka,Bangalore,560099,1,0,0,0.99999999999998
01-11-2025,Karnataka,Bangalore,562123,1,0,0,0.99999999999998
01-11-2025,Karnataka,Bangalore Rural,562135,1,0,0,0.99999999999998
01-11-2025,Karnataka,Belagavi,590001,2,0,0,2.000000000000001
01-11-2025,Karnataka,Belagavi,591235,1,0,0,0.99999999999998
01-11-2025,Karnataka,Belagavi,591238,2,0,0,2.000000000000001
01-11-2025,Karnataka,Belagavi,591306,1,0,0,0.99999999999998
01-11-2025,Karnataka,Belagavi,591307,2,0,0,2.000000000000001
01-11-2025,Karnataka,Belagavi,591317,1,0,0,0.99999999999998
01-11-2025,Karnataka,Belgaum,590001,1,0,0,0.99999999999998
01-11-2025,Karnataka,Belgaum,590006,1,0,0,0.99999999999998
01-11-2025,Karnataka,Belgaum,590008,1,0,0,0.99999999999998
01-11-2025,Karnataka,Belgaum,591110,2,0,0,2.000000000000001
01-11-2025,Karnataka,Belgaum,591131,1,0,0,0.99999999999998
01-11-2025,Karnataka,Belgaum,591224,0,1,0,0.999999999999934
01-11-2025,Karnataka,Belgaum,591311,2,0,0,2.000000000000001
01-11-2025,Karnataka,Bellary,583123,1,0,0,0.99999999999998
01-11-2025,Karnataka,Bengaluru,560029,1,0,0,0.99999999999998
01-11-2025,Karnataka,Bengaluru,560035,1,3,1,4.99999999999989
01-11-2025,Karnataka,Bengaluru,560037,0,1,0,0.999999999999934
01-11-2025,Karnataka,Bengaluru,560061,1,0,0,0.99999999999998
01-11-2025,Karnataka,Bengaluru,560067,3,1,3,6.999999999999953
01-11-2025,Karnataka,Bengaluru,560070,1,0,0,0.99999999999998
01-11-2025,Karnataka,Bengaluru,560075,0,0,1,0.9999999999999446
01-11-2025,Karnataka,Bengaluru,560076,2,1,0,2.999999999999976
01-11-2025,Karnataka,Bengaluru,560093,1,1,0,1.999999999999955
01-11-2025,Karnataka,Bengaluru,562157,0,1,0,0.999999999999934
01-11-2025,Karnataka,Bidar,585227,0,1,0,0.999999999999934
01-11-2025,Karnataka,Bidar,585412,1,0,0,0.99999999999998
01-11-2025,Karnataka,Bijapur,586125,2,0,0,2.000000000000001
01-11-2025,Karnataka,Chamarajanagar,571127,1,0,0,0.99999999999998
01-11-2025,Karnataka,Chamrajnagar,571313,1,0,0,0.99999999999998
01-11-2025,Karnataka,Chitradurga,577501,2,0,0,2.000000000000001
01-11-2025,Karnataka,Chitradurga,577531,1,0,0,0.99999999999998
01-11-2025,Karnataka,Chitradurga,577541,1,0,0,0.99999999999998
01-11-2025,Karnataka,Dakshina Kannada,574203,1,1,0,1.999999999999955
01-11-2025,Karnataka,Dakshina Kannada,575013,1,0,0,0.99999999999998
01-11-2025,Karnataka,Dakshina Kannada,575018,0,1,0,0.999999999999934
01-11-2025,Karnataka,Dharwad,580011,1,0,0,0.99999999999998
01-11-2025,Karnataka,Dharwad,580020,3,0,0,3.0000000000000218
01-11-2025,Karnataka,Gadag,582113,1,0,0,0.99999999999998
01-11-2025,Karnataka,Gadag,582119,1,0,0,0.99999999999998
01-11-2025,Karnataka,Gulbarga,585302,0,1,0,0.999999999999934
01-11-2025,Karnataka,Hasan,573103,2,0,0,2.000000000000001
01-11-2025,Karnataka,Hasan,573118,1,0,0,0.99999999999998
01-11-2025,Karnataka,Hasan,573150,1,0,0,0.99999999999998
01-11-2025,Karnataka,Hassan,573122,1,0,0,0.99999999999998
01-11-2025,Karnataka,Hassan,573211,1,0,0,0.99999999999998
01-11-2025,Karnataka,Haveri,581119,1,0,0,0.99999999999998
01-11-2025,Karnataka,Haveri,581202,2,0,0,2.000000000000001
01-11-2025,Karnataka,Kalaburagi,585225,1,0,0,0.99999999999998
01-11-2025,Karnataka,Kalaburagi,585325,0,2,0,1.999999999999909
01-11-2025,Karnataka,Kodagu,571214,1,0,0,0.99999999999998
01-11-2025,Karnataka,Kolar,563120,1,0,0,0.99999999999998
01-11-2025,Karnataka,Kolar,563137,1,0,0,0.99999999999998
01-11-2025,Karnataka,Koppal,583235,1,0,0,0.99999999999998
01-11-2025,Karnataka,Mandya,571401,2,0,0,2.000000000000001
01-11-2025,Karnataka,Mandya,571404,1,0,0,0.99999999999998
01-11-2025,Karnataka,Mandya,571415,1,0,0,0.99999999999998
01-11-2025,Karnataka,Mandya,571434,1,0,0,0.99999999999998
01-11-2025,Karnataka,Mandya,571812,1,0,0,0.99999999999998
01-11-2025,Karnataka,Mysore,570016,0,1,0,0.999999999999934
01-11-2025,Karnataka,Mysore,571315,1,0,0,0.99999999999998
01-11-2025,Karnataka,Mysuru,570020,1,0,0,0.99999999999998
01-11-2025,Karnataka,Mysuru,571602,2,0,0,2.000000000000001
01-11-2025,Karnataka,Raichur,584101,2,0,0,2.000000000000001
01-11-2025,Karnataka,Raichur,584123,2,0,0,2.000000000000001
01-11-2025,Karnataka,Raichur,584127,1,0,0,0.99999999999998
01-11-2025,Karnataka,Shimoga,577434,1,0,0,0.99999999999998
01-11-2025,Karnataka,Shivamogga,577425,1,0,0,0.99999999999998
01-11-2025,Karnataka,Tumakuru,572118,1,0,0,0.99999999999998
01-11-2025,Karnataka,Tumakuru,572130,1,0,0,0.99999999999998
01-11-2025,Karnataka,Tumakuru,572213,1,0,0,0.99999999999998
01-11-2025,Karnataka,Tumkur,561202,3,0,0,3.0000000000000218
01-11-2025,Karnataka,Tumkur,572106,1,0,0,0.99999999999998
01-11-2025,Karnataka,Tumkur,572111,1,0,0,0.99999999999998
01-11-2025,Karnataka,Udupi,574104,1,0,0,0.99999999999998
01-11-2025,Karnataka,Uttara Kannada,581325,1,0,0,0.99999999999998
01-11-2025,Karnataka,Uttara Kannada,581349,1,0,0,0.99999999999998
01-11-2025,Karnataka,Uttara Kannada,581353,1,0,0,0.99999999999998
01-11-2025,Karnataka,Uttara Kannada,581412,1,0,0,0.99999999999998
01-11-2025,Karnataka,Vijayanagara,583217,0,1,0,0.999999999999934
01-11-2025,Karnataka,Vijayapura,586117,2,0,0,2.000000000000001
01-11-2025,Karnataka,Vijayapura,586118,2,0,0,2.000000000000001
01-11-2025,Karnataka,Yadgir,585221,2,0,0,2.000000000000001
01-11-2025,Karnataka,Yadgir,585223,4,3,0,6.999999999999967
01-11-2025,Karnataka,Yadgir,585287,0,1,0,0.999999999999934
01-11-2025,Karnataka,Yadgir,585291,2,0,0,2.000000000000001
31-10-2025,Karnataka,Chitradurga,577536,9,2,0,11.000000000000098
31-10-2025,Karnataka,Chitradurga,577540,5,0,0,5.000000000000064
31-10-2025,Karnataka,Chitradurga,577542,1,0,0,0.99999999999998
31-10-2025,Karnataka,Chitradurga,577543,4,0,0,4.000000000000043
31-10-2025,Karnataka,Chitradurga,577546,3,0,0,3.0000000000000218
31-10-2025,Karnataka,Dakshina Kannada,574141,1,0,0,0.99999999999998
31-10-2025,Karnataka,Dakshina Kannada,574197,4,0,0,4.000000000000043
31-10-2025,Karnataka,Dakshina Kannada,574198,1,0,0,0.99999999999998
31-10-2025,Karnataka,Dakshina Kannada,574201,2,1,0,2.999999999999976
31-10-2025,Karnataka,Dakshina Kannada,574210,3,0,0,3.0000000000000218
31-10-2025,Karnataka,Dakshina Kannada,574217,6,2,0,8.000000000000034
31-10-2025,Karnataka,Dakshina Kannada,574222,4,0,0,4.000000000000043
31-10-2025,Karnataka,Dakshina Kannada,574265,1,0,0,0.99999999999998
31-10-2025,Karnataka,Dakshina Kannada,574313,2,0,0,2.000000000000001
31-10-2025,Karnataka,Dakshina Kannada,575002,3,0,0,3.0000000000000218
31-10-2025,Karnataka,Dakshina Kannada,575013,1,0,0,0.99999999999998
31-10-2025,Karnataka,Dakshina Kannada,575023,2,0,0,2.000000000000001
31-10-2025,Karnataka,Dakshina Kannada,575027,1,0,0,0.99999999999998
31-10-2025,Karnataka,Davanagere,577001,0,1,0,0.999999999999934
31-10-2025,Karnataka,Davanagere,577544,1,0,0,0.99999999999998
31-10-2025,Karnataka,Davangere,577004,5,0,0,5.000000000000064
31-10-2025,Karnataka,Davangere,577213,2,1,0,2.999999999999976
31-10-2025,Karnataka,Davangere,577218,2,0,0,2.000000000000001
31-10-2025,Karnataka,Davangere,577224,3,0,0,3.0000000000000218
31-10-2025,Karnataka,Davangere,577551,1,0,0,0.99999999999998
31-10-2025,Karnataka,Davangere,577552,1,0,0,0.99999999999998
31-10-2025,Karnataka,Davangere,577553,2,1,0,2.999999999999976
31-10-2025,Karnataka,Dharwad,580011,3,0,0,3.0000000000000218
31-10-2025,Karnataka,Dharwad,580024,30,4,0,34.00000000000048
31-10-2025,Karnataka,Dharwad,580025,5,1,0,6.000000000000038
31-10-2025,Karnataka,Dharwad,581107,0,1,0,0.999999999999934
31-10-2025,Karnataka,Dharwad,581206,4,0,0,4.000000000000043
31-10-2025,Karnataka,Gadag,582112,8,0,0,8.000000000000126
31-10-2025,Karnataka,Gadag,582118,4,0,0,4.000000000000043
31-10-2025,Karnataka,Gadag,582119,2,0,0,2.000000000000001
31-10-2025,Karnataka,Gadag,582120,5,0,0,5.000000000000064
31-10-2025,Karnataka,Gadag,582202,5,0,0,5.000000000000064
31-10-2025,Karnataka,Gadag,582205,5,0,0,5.000000000000064
31-10-2025,Karnataka,Gulbarga,585101,6,0,0,6.000000000000084
31-10-2025,Karnataka,Gulbarga,585213,3,1,0,3.9999999999999964
31-10-2025,Karnataka,Gulbarga,585305,4,0,0,4.000000000000043
31-10-2025,Karnataka,Gulbarga,585308,0,1,0,0.999999999999934
31-10-2025,Karnataka,Gulbarga,585310,10,1,0,11.000000000000142
31-10-2025,Karnataka,Gulbarga,585317,6,1,0,7.0000000000000595
31-10-2025,Karnataka,Gulbarga,585325,6,6,0,11.999999999999934
31-10-2025,Karnataka,Hasan,573212,2,0,0,2.000000000000001
31-10-2025,Karnataka,Hassan,573124,2,0,0,2.000000000000001
31-10-2025,Karnataka,Hassan,573126,3,0,0,3.0000000000000218
31-10-2025,Karnataka,Hassan,573127,1,0,0,0.99999999999998
31-10-2025,Karnataka,Hassan,573128,1,0,0,0.99999999999998
31-10-2025,Karnataka,Hassan,573130,1,0,0,0.99999999999998
31-10-2025,Karnataka,Hassan,573217,4,0,0,4.000000000000043
31-10-2025,Karnataka,Hassan,573219,2,0,0,2.000000000000001
31-10-2025,Karnataka,Hassan,573225,2,0,0,2.000000000000001
31-10-2025,Karnataka,Haveri,581104,7,0,0,7.000000000000105
31-10-2025,Karnataka,Haveri,581115,6,1,0,7.0000000000000595
31-10-2025,Karnataka,Haveri *,581104,1,0,0,0.99999999999998
31-10-2025,Karnataka,Haveri *,581118,2,0,0,2.000000000000001
31-10-2025,Karnataka,Kalaburagi,585103,9,0,0,9.000000000000147
31-10-2025,Karnataka,Kalaburagi,585105,1,1,0,1.999999999999955
31-10-2025,Karnataka,Kalaburagi,585218,4,0,0,4.000000000000043
31-10-2025,Karnataka,Kalaburagi,585236,3,0,0,3.0000000000000218
31-10-2025,Karnataka,Kalaburagi,585301,1,0,0,0.99999999999998
31-10-2025,Karnataka,Kalaburagi,585305,1,0,0,0.99999999999998
31-10-2025,Karnataka,Kalaburagi,585307,2,0,0,2.000000000000001
31-10-2025,Karnataka,Kalaburagi,585314,0,1,0,0.999999999999934
31-10-2025,Karnataka,Kalaburagi,585317,4,1,0,5.000000000000018
31-10-2025,Karnataka,Kalaburagi,585320,2,0,0,2.000000000000001
31-10-2025,Karnataka,Kodagu,571212,2,0,0,2.000000000000001
31-10-2025,Karnataka,Kodagu,571216,3,0,0,3.0000000000000218
31-10-2025,Karnataka,Kodagu,571234,7,0,0,7.000000000000105
31-10-2025,Karnataka,Kodagu,571249,2,0,0,2.000000000000001
31-10-2025,Karnataka,Kodagu,571253,3,0,0,3.0000000000000218
31-10-2025,Karnataka,Kolar,563120,0,2,0,1.999999999999909
31-10-2025,Karnataka,Kolar,563121,6,0,0,6.000000000000084
31-10-2025,Karnataka,Kolar,563137,2,0,0,2.000000000000001
31-10-2025,Karnataka,Koppal,583226,5,0,0,5.000000000000064
31-10-2025,Karnataka,Koppal,583277,3,2,0,4.999999999999972
31-10-2025,Karnataka,Mandya,571402,9,0,0,9.000000000000147
31-10-2025,Karnataka,Mandya,571435,1,0,0,0.99999999999998
31-10-2025,Karnataka,Mandya,571436,4,0,0,4.000000000000043
31-10-2025,Karnataka,Mandya,571438,2,0,0,2.000000000000001
31-10-2025,Karnataka,Mandya,571606,1,0,0,0.99999999999998
31-10-2025,Karnataka,Mysore,570010,5,0,0,5.000000000000064
31-10-2025,Karnataka,Mysore,570016,2,0,0,2.000000000000001
31-10-2025,Karnataka,Mysore,570018,1,0,0,0.99999999999998
31-10-2025,Karnataka,Mysore,570019,3,0,0,3.0000000000000218
31-10-2025,Karnataka,Mysore,570024,1,0,0,0.99999999999998
31-10-2025,Karnataka,Mysore,571116,0,1,0,0.999999999999934
31-10-2025,Karnataka,Mysore,571442,1,0,0,0.99999999999998
31-10-2025,Karnataka,Mysore,571602,5,0,0,5.000000000000064
31-10-2025,Karnataka,Mysore,571603,1,0,0,0.99999999999998
31-10-2025,Karnataka,Mysuru,570014,1,0,0,0.99999999999998
31-10-2025,Karnataka,Mysuru,570022,1,0,0,0.99999999999998
31-10-2025,Karnataka,Mysuru,570028,1,0,0,0.99999999999998
31-10-2025,Karnataka,Mysuru,571105,8,0,0,8.000000000000126
31-10-2025,Karnataka,Mysuru,571114,4,0,0,4.000000000000043
31-10-2025,Karnataka,Mysuru,571116,2,0,0,2.000000000000001
31-10-2025,Karnataka,Mysuru,571124,2,0,0,2.000000000000001
31-10-2025,Karnataka,Mysuru,571314,1,0,0,0.99999999999998
31-10-2025,Karnataka,Raichur,584101,18,1,0,19.000000000000313
31-10-2025,Karnataka,Raichur,584102,13,0,0,13.000000000000231
31-10-2025,Karnataka,Raichur,584115,7,2,0,9.000000000000055
31-10-2025,Karnataka,Raichur,584118,7,0,0,7.000000000000105
31-10-2025,Karnataka,Raichur,584129,10,0,0,10.000000000000169
31-10-2025,Karnataka,Raichur,584132,5,1,0,6.000000000000038
31-10-2025,Karnataka,Raichur,584167,2,0,0,2.000000000000001
31-10-2025,Karnataka,Ramanagar,562120,4,0,0,4.000000000000043
31-10-2025,Karnataka,Ramanagar,562128,2,0,0,2.000000000000001
31-10-2025,Karnataka,Shimoga,577202,1,0,0,0.99999999999998
31-10-2025,Karnataka,Shimoga,577205,2,0,0,2.000000000000001
31-10-2025,Karnataka,Shimoga,577214,1,0,0,0.99999999999998
31-10-2025,Karnataka,Shimoga,577422,1,0,0,0.99999999999998
31-10-2025,Karnataka,Shimoga,577427,6,0,0,6.000000000000084
31-10-2025,Karnataka,Shimoga,577432,2,0,0,2.000000000000001
31-10-2025,Karnataka,Shimoga,577436,1,0,0,0.99999999999998
31-10-2025,Karnataka,Shimoga,577447,2,0,0,2.000000000000001
31-10-2025,Karnataka,Shivamogga,577201,2,0,0,2.000000000000001
31-10-2025,Karnataka,Shivamogga,577211,1,0,0,0.99999999999998
31-10-2025,Karnataka,Shivamogga,577301,3,0,0,3.0000000000000218
31-10-2025,Karnataka,Shivamogga,577413,1,0,0,0.99999999999998
31-10-2025,Karnataka,Shivamogga,577417,1,0,0,0.99999999999998
31-10-2025,Karnataka,Shivamogga,577426,1,0,0,0.99999999999998
31-10-2025,Karnataka,Tumakuru,572102,4,0,0,4.000000000000043
31-10-2025,Karnataka,Tumakuru,572104,2,0,0,2.000000000000001
31-10-2025,Karnataka,Tumakuru,572124,2,1,0,2.999999999999976
31-10-2025,Karnataka,Tumakuru,572125,3,1,0,3.9999999999999964
31-10-2025,Karnataka,Tumakuru,572127,1,0,0,0.99999999999998
31-10-2025,Karnataka,Tumakuru,572139,2,0,0,2.000000000000001
31-10-2025,Karnataka,Tumakuru,572140,1,0,0,0.99999999999998
31-10-2025,Karnataka,Tumakuru,572141,1,0,0,0.99999999999998
31-10-2025,Karnataka,Tumakuru,572142,1,0,0,0.99999999999998
31-10-2025,Karnataka,Tumakuru,572215,1,0,0,0.99999999999998
31-10-2025,Karnataka,Tumakuru,572216,4,0,0,4.000000000000043
31-10-2025,Karnataka,Tumakuru,572226,2,0,0,2.000000000000001
31-10-2025,Karnataka,Tumkur,572101,4,0,0,4.000000000000043
31-10-2025,Karnataka,Tumkur,572111,1,0,0,0.99999999999998
31-10-2025,Karnataka,Tumkur,572117,5,1,0,6.000000000000038
31-10-2025,Karnataka,Tumkur,572121,2,0,0,2.000000000000001
31-10-2025,Karnataka,Tumkur,572123,2,0,0,2.000000000000001
31-10-2025,Karnataka,Tumkur,572126,3,0,0,3.0000000000000218
31-10-2025,Karnataka,Tumkur,572129,2,0,0,2.000000000000001
31-10-2025,Karnataka,Tumkur,572135,1,0,0,0.99999999999998
31-10-2025,Karnataka,Tumkur,572137,5,1,0,6.000000000000038
31-10-2025,Karnataka,Tumkur,572213,1,0,0,0.99999999999998
31-10-2025,Karnataka,Tumkur,572221,3,0,0,3.0000000000000218
31-10-2025,Karnataka,Udupi,574114,0,1,0,0.999999999999934
31-10-2025,Karnataka,Udupi,576106,0,1,0,0.999999999999934
31-10-2025,Karnataka,Udupi,576113,1,0,0,0.99999999999998
31-10-2025,Karnataka,Udupi,576227,1,0,0,0.99999999999998
31-10-2025,Karnataka,Uttara Kannada,581121,1,1,0,1.999999999999955
31-10-2025,Karnataka,Uttara Kannada,581129,2,0,0,2.000000000000001
31-10-2025,Karnataka,Uttara Kannada,581186,1,0,0,0.99999999999998
31-10-2025,Karnataka,Uttara Kannada,581307,3,0,0,3.0000000000000218
31-10-2025,Karnataka,Uttara Kannada,581314,4,0,0,4.000000000000043
31-10-2025,Karnataka,Uttara Kannada,581331,1,0,0,0.99999999999998
31-10-2025,Karnataka,Uttara Kannada,581334,5,0,0,5.000000000000064
31-10-2025,Karnataka,Uttara Kannada,581335,1,0,0,0.99999999999998
31-10-2025,Karnataka,Uttara Kannada,581347,1,1,0,1.999999999999955
31-10-2025,Karnataka,Uttara Kannada,581356,2,1,0,2.999999999999976
31-10-2025,Karnataka,Uttara Kannada,581362,1,0,0,0.99999999999998
31-10-2025,Karnataka,Uttara Kannada,581421,2,0,0,2.000000000000001
31-10-2025,Karnataka,Vijayanagara,583126,0,0,1,0.9999999999999446
31-10-2025,Karnataka,Vijayanagara,583134,3,0,0,3.0000000000000218
31-10-2025,Karnataka,Vijayanagara,583201,2,0,0,2.000000000000001
31-10-2025,Karnataka,Vijayanagara,583212,1,0,0,0.99999999999998
31-10-2025,Karnataka,Vijayanagara,583239,1,0,0,0.99999999999998
31-10-2025,Karnataka,Vijayapura,586101,6,4,0,9.999999999999984
31-10-2025,Karnataka,Vijayapura,586202,7,0,0,7.000000000000105
31-10-2025,Karnataka,Vijayapura,586210,4,0,0,4.000000000000043
31-10-2025,Karnataka,Vijayapura,586245,2,2,0,3.9999999999999507
31-10-2025,Karnataka,Yadgir,585215,10,5,0,15.000000000000043
31-10-2025,Karnataka,Yadgir,585216,9,1,0,10.000000000000123
31-10-2025,Karnataka,Yadgir,585237,8,1,0,9.000000000000101
31-10-2025,Karnataka,Yadgir,585315,3,2,0,4.999999999999972
31-10-2025,Karnataka,Yadgir,585319,5,1,0,6.000000000000038
31-10-2025,Karnataka,yadgir,585201,2,0,0,2.000000000000001
31-10-2025,Karnataka,yadgir,585221,1,1,0,1.999999999999955
31-10-2025,Karnataka,yadgir,585323,3,0,0,3.0000000000000218
02-11-2025,Karnataka,Bagalkot,587102,0,1,0,0.999999999999934
02-11-2025,Karnataka,Bagalkot,587113,2,0,0,2.000000000000001
02-11-2025,Karnataka,Bagalkot,587116,1,0,0,0.99999999999998
02-11-2025,Karnataka,Bagalkot,587122,2,0,0,2.000000000000001
02-11-2025,Karnataka,Bagalkot,587124,1,0,0,0.99999999999998
02-11-2025,Karnataka,Bagalkot,587125,2,1,0,2.999999999999976
02-11-2025,Karnataka,Bagalkot,587202,3,0,0,3.0000000000000218
02-11-2025,Karnataka,Bagalkot,587204,2,0,0,2.000000000000001
02-11-2025,Karnataka,Bagalkot,587314,2,0,0,2.000000000000001
02-11-2025,Karnataka,Bagalkot *,587116,1,0,0,0.99999999999998
02-11-2025,Karnataka,Bagalkot *,587313,0,2,0,1.999999999999909
02-11-2025,Karnataka,Ballari,583102,1,0,0,0.99999999999998
02-11-2025,Karnataka,Ballari,583103,1,0,0,0.99999999999998
02-11-2025,Karnataka,Ballari,583121,1,0,0,0.99999999999998
02-11-2025,Karnataka,Ballari,583216,1,0,0,0.99999999999998
02-11-2025,Karnataka,Ballari,583222,1,0,0,0.99999999999998
02-11-2025,Karnataka,Ballari,583224,2,0,0,2.000000000000001
02-11-2025,Karnataka,Bangalore,560001,2,0,0,2.000000000000001
02-11-2025,Karnataka,Bangalore,560002,1,0,0,0.99999999999998
02-11-2025,Karnataka,Bangalore,560006,1,0,0,0.99999999999998
02-11-2025,Karnataka,Bangalore,560025,1,0,0,0.99999999999998
02-11-2025,Karnataka,Bangalore,560029,3,0,0,3.0000000000000218
02-11-2025,Karnataka,Bangalore,560034,1,0,0,0.99999999999998
02-11-2025,Karnataka,Bangalore,560045,2,0,0,2.000000000000001
02-11-2025,Karnataka,Bangalore,560053,2,2,0,3.9999999999999507
02-11-2025,Karnataka,Bangalore,560061,1,1,0,1.999999999999955
02-11-2025,Karnataka,Bangalore,560082,2,0,0,2.000000000000001
02-11-2025,Karnataka,Bangalore,560102,1,0,0,0.99999999999998
02-11-2025,Karnataka,Bangalore,560105,3,0,0,3.0000000000000218
02-11-2025,Karnataka,Bangalore,562107,6,0,0,6.000000000000084
02-11-2025,Karnataka,Bangalore,562123,1,0,0,0.99999999999998
02-11-2025,Karnataka,Bangalore Rural,560087,2,1,1,3.999999999999962
02-11-2025,Karnataka,Bangalore Rural,561205,1,0,0,0.99999999999998
02-11-2025,Karnataka,Belagavi,590006,2,0,0,2.000000000000001
02-11-2025,Karnataka,Belagavi,591106,3,0,0,3.0000000000000218
02-11-2025,Karnataka,Belagavi,591126,3,0,0,3.0000000000000218
02-11-2025,Karnataka,Belagavi,591130,1,0,0,0.99999999999998
02-11-2025,Karnataka,Belagavi,591221,0,1,0,0.999999999999934
02-11-2025,Karnataka,Belagavi,591223,1,0,0,0.99999999999998
02-11-2025,Karnataka,Belagavi,591225,1,0,0,0.99999999999998
02-11-2025,Karnataka,Belagavi,591232,2,0,0,2.000000000000001
02-11-2025,Karnataka,Belagavi,591235,4,0,0,4.000000000000043
02-11-2025,Karnataka,Belagavi,591238,4,0,0,4.000000000000043
02-11-2025,Karnataka,Belagavi,591263,2,0,0,2.000000000000001
02-11-2025,Karnataka,Belagavi,591301,1,0,0,0.99999999999998
02-11-2025,Karnataka,Belagavi,591305,1,0,0,0.99999999999998
02-11-2025,Karnataka,Belagavi,591311,2,1,1,3.999999999999962
02-11-2025,Karnataka,Belgaum,590005,1,1,0,1.999999999999955
02-11-2025,Karnataka,Belgaum,590016,1,1,0,1.999999999999955
02-11-2025,Karnataka,Belgaum,591104,2,0,0,2.000000000000001
02-11-2025,Karnataka,Belgaum,591109,1,0,0,0.99999999999998
02-11-2025,Karnataka,Belgaum,591115,1,0,0,0.99999999999998
02-11-2025,Karnataka,Belgaum,591119,1,0,0,0.99999999999998
02-11-2025,Karnataka,Belgaum,591121,2,0,0,2.000000000000001
02-11-2025,Karnataka,Belgaum,591122,2,1,0,2.999999999999976
02-11-2025,Karnataka,Belgaum,591125,0,1,0,0.999999999999934
02-11-2025,Karnataka,Belgaum,591126,6,1,0,7.0000000000000595
02-11-2025,Karnataka,Belgaum,591211,0,1,0,0.999999999999934
02-11-2025,Karnataka,Belgaum,591213,5,0,0,5.000000000000064
02-11-2025,Karnataka,Belgaum,591221,1,0,0,0.99999999999998
02-11-2025,Karnataka,Belgaum,591225,1,0,0,0.99999999999998
02-11-2025,Karnataka,Belgaum,591243,1,0,0,0.99999999999998
02-11-2025,Karnataka,Belgaum,591303,3,0,0,3.0000000000000218
02-11-2025,Karnataka,Belgaum,591307,7,0,0,7.000000000000105
02-11-2025,Karnataka,Belgaum,591308,2,0,0,2.000000000000001
02-11-2025,Karnataka,Belgaum,591316,1,0,0,0.99999999999998
02-11-2025,Karnataka,Bellary,583113,2,0,0,2.000000000000001
02-11-2025,Karnataka,Bellary,583119,3,1,0,3.9999999999999964
02-11-2025,Karnataka,Bellary,583126,1,0,0,0.99999999999998
02-11-2025,Karnataka,Bellary,583128,2,0,0,2.000000000000001
02-11-2025,Karnataka,Bellary,583201,5,1,0,6.000000000000038
02-11-2025,Karnataka,Bellary,583212,1,0,0,0.99999999999998
02-11-2025,Karnataka,Bellary,583221,3,0,0,3.0000000000000218
02-11-2025,Karnataka,Bengaluru,560018,2,0,0,2.000000000000001
02-11-2025,Karnataka,Bengaluru,560026,3,0,0,3.0000000000000218
02-11-2025,Karnataka,Bengaluru,560029,5,2,0,7.000000000000013
02-11-2025,Karnataka,Bengaluru,560032,3,1,2,5.999999999999967
02-11-2025,Karnataka,Bengaluru,560046,0,0,1,0.9999999999999446
02-11-2025,Karnataka,Bengaluru,560048,2,5,2,8.999999999999847
02-11-2025,Karnataka,Bengaluru,560065,1,0,0,0.99999999999998
02-11-2025,Karnataka,Bengaluru,560068,12,6,3,21.000000000000014
02-11-2025,Karnataka,Bengaluru,560073,1,0,0,0.99999999999998
02-11-2025,Karnataka,Bengaluru,560078,10,3,4,17.000000000000036
02-11-2025,Karnataka,Bengaluru,560080,1,0,0,0.99999999999998
02-11-2025,Karnataka,Bengaluru,560086,1,0,0,0.99999999999998
02-11-2025,Karnataka,Bengaluru South,562108,0,1,0,0.999999999999934
02-11-2025,Karnataka,Bidar,585326,7,4,0,11.000000000000005
02-11-2025,Karnataka,Bidar,585330,3,0,0,3.0000000000000218
02-11-2025,Karnataka,Bidar,585413,3,1,0,3.9999999999999964
02-11-2025,Karnataka,Bidar,585418,1,0,0,0.99999999999998
02-11-2025,Karnataka,Bidar,585421,1,1,0,1.999999999999955
02-11-2025,Karnataka,Bijapur,586101,6,2,0,8.000000000000034
02-11-2025,Karnataka,Bijapur,586129,0,1,0,0.999999999999934
02-11-2025,Karnataka,Bijapur,586130,2,1,0,2.999999999999976
02-11-2025,Karnataka,Bijapur,586201,1,0,0,0.99999999999998
02-11-2025,Karnataka,Bijapur,586204,3,1,0,3.9999999999999964
02-11-2025,Karnataka,Bijapur,586213,1,0,0,0.99999999999998
02-11-2025,Karnataka,Bijapur,586216,1,0,0,0.99999999999998
02-11-2025,Karnataka,Chamarajanagar,571123,1,0,0,0.99999999999998
02-11-2025,Karnataka,Chamrajanagar,571313,2,0,0,2.000000000000001
02-11-2025,Karnataka,Chamrajanagar,571439,2,1,0,2.999999999999976
02-11-2025,Karnataka,Chickmagalur,577111,1,0,0,0.99999999999998
02-11-2025,Karnataka,Chickmagalur,577126,0,1,0,0.999999999999934
02-11-2025,Karnataka,Chickmagalur,577133,2,0,0,2.000000000000001
02-11-2025,Karnataka,Chickmagalur,577137,1,0,0,0.99999999999998
02-11-2025,Karnataka,Chickmagalur,577140,1,0,0,0.99999999999998
02-11-2025,Karnataka,Chikkaballapur,561208,2,1,0,2.999999999999976
02-11-2025,Karnataka,Chikkaballapur,561213,4,0,0,4.000000000000043
02-11-2025,Karnataka,Chikkaballapur,562103,1,1,0,1.999999999999955
02-11-2025,Karnataka,Chikkaballapur,562104,5,0,0,5.000000000000064
02-11-2025,Karnataka,Chikkaballapur,562105,6,1,0,7.0000000000000595
02-11-2025,Karnataka,Chikkaballapur,563125,14,0,0,14.00000000000025
02-11-2025,Karnataka,Chikkamagaluru,577120,1,0,0,0.99999999999998
02-11-2025,Karnataka,Chikkamagaluru,577124,1,0,0,0.99999999999998
02-11-2025,Karnataka,Chikkamagaluru,577131,1,0,0,0.99999999999998
02-11-2025,Karnataka,Chitradurga,577517,1,0,0,0.99999999999998
02-11-2025,Karnataka,Chitradurga,577527,1,2,0,2.99999999999993
02-11-2025,Karnataka,Chitradurga,577529,3,0,0,3.0000000000000218
02-11-2025,Karnataka,Chitradurga,577543,0,3,0,2.9999999999998836
02-11-2025,Karnataka,Chitradurga,577546,3,0,0,3.0000000000000218
02-11-2025,Karnataka,Dakshina Kannada,574202,3,0,0,3.0000000000000218
02-11-2025,Karnataka,Dakshina Kannada,574220,0,1,0,0.999999999999934
02-11-2025,Karnataka,Dakshina Kannada,574229,3,0,0,3.0000000000000218
02-11-2025,Karnataka,Dakshina Kannada,574233,1,0,0,0.99999999999998
02-11-2025,Karnataka,Dakshina Kannada,574234,1,1,0,1.999999999999955
02-11-2025,Karnataka,Dakshina Kannada,574237,2,0,0,2.000000000000001
02-11-2025,Karnataka,Dakshina Kannada,574243,3,0,0,3.0000000000000218
02-11-2025,Karnataka,Dakshina Kannada,574248,2,0,0,2.000000000000001
02-11-2025,Karnataka,Dakshina Kannada,574260,1,0,0,0.99999999999998
02-11-2025,Karnataka,Dakshina Kannada,574314,1,0,0,0.99999999999998
02-11-2025,Karnataka,Dakshina Kannada,574326,11,0,0,11.000000000000188
02-11-2025,Karnataka,Dakshina Kannada,575001,1,0,0,0.99999999999998
02-11-2025,Karnataka,Dakshina Kannada,575013,1,0,0,0.99999999999998
02-11-2025,Karnataka,Dakshina Kannada,575017,2,0,0,2.000000000000001
02-11-2025,Karnataka,Dakshina Kannada,575029,1,0,0,0.99999999999998
02-11-2025,Karnataka,Davangere,577003,1,0,0,0.99999999999998
02-11-2025,Karnataka,Davangere,577004,4,1,0,5.000000000000018
02-11-2025,Karnataka,Davangere,577512,2,0,0,2.000000000000001
02-11-2025,Karnataka,Davangere,577513,1,0,0,0.99999999999998
02-11-2025,Karnataka,Davangere,577514,1,0,0,0.99999999999998
02-11-2025,Karnataka,Davangere,577516,2,1,0,2.999999999999976
02-11-2025,Karnataka,Davangere,577530,1,0,0,0.99999999999998
02-11-2025,Karnataka,Davangere,577553,1,0,0,0.99999999999998
02-11-2025,Karnataka,Davangere,577601,1,0,0,0.99999999999998
02-11-2025,Karnataka,Dharwad,580001,3,0,0,3.0000000000000218
02-11-2025,Karnataka,Dharwad,580008,0,1,0,0.999999999999934
02-11-2025,Karnataka,Dharwad,581209,1,0,0,0.99999999999998
02-11-2025,Karnataka,Dharwad,582201,0,1,0,0.999999999999934
02-11-2025,Karnataka,Dharwad,582208,10,1,0,11.000000000000142
02-11-2025,Karnataka,Gadag,582101,6,0,0,6.000000000000084
02-11-2025,Karnataka,Gadag,582102,3,0,0,3.0000000000000218
02-11-2025,Karnataka,Gadag,582111,1,0,0,0.99999999999998
02-11-2025,Karnataka,Gadag,582112,3,0,0,3.0000000000000218
02-11-2025,Karnataka,Gadag,582114,2,0,0,2.000000000000001
02-11-2025,Karnataka,Gadag,582115,3,0,0,3.0000000000000218
02-11-2025,Karnataka,Gadag,582118,12,1,0,13.000000000000185
02-11-2025,Karnataka,Gadag,582202,1,1,0,1.999999999999955
02-11-2025,Karnataka,Gadag,582205,1,0,0,0.99999999999998
02-11-2025,Karnataka,Gadag,582211,1,1,0,1.999999999999955
02-11-2025,Karnataka,Gulbarga,585211,5,1,0,6.000000000000038
02-11-2025,Karnataka,Gulbarga,585213,2,1,0,2.999999999999976
02-11-2025,Karnataka,Gulbarga,585312,3,2,0,4.999999999999972
02-11-2025,Karnataka,Gulbarga,585324,4,0,0,4.000000000000043
02-11-2025,Karnataka,Hasan,573113,2,0,0,2.000000000000001
02-11-2025,Karnataka,Hasan,573136,1,0,0,0.99999999999998
02-11-2025,Karnataka,Hassan,573124,1,0,0,0.99999999999998
02-11-2025,Karnataka,Hassan,573128,2,0,0,2.000000000000001
02-11-2025,Karnataka,Hassan,573212,1,0,0,0.99999999999998
02-11-2025,Karnataka,Hassan,573216,2,0,0,2.000000000000001
02-11-2025,Karnataka,Hassan,573219,1,0,0,0.99999999999998
02-11-2025,Karnataka,Haveri,581102,1,0,0,0.99999999999998
02-11-2025,Karnataka,Haveri,581106,4,0,0,4.000000000000043
02-11-2025,Karnataka,Haveri,581120,1,0,0,0.99999999999998
02-11-2025,Karnataka,Haveri,581126,0,1,0,0.999999999999934
02-11-2025,Karnataka,Kalaburagi,585307,1,0,0,0.99999999999998
02-11-2025,Karnataka,Kodagu,571201,1,0,0,0.99999999999998
02-11-2025,Karnataka,Kodagu,571231,1,0,0,0.99999999999998
02-11-2025,Karnataka,Kodagu,571252,1,0,0,0.99999999999998
02-11-2025,Karnataka,Kolar,563113,6,0,0,6.000000000000084
02-11-2025,Karnataka,Kolar,563118,2,0,0,2.000000000000001
02-11-2025,Karnataka,Kolar,563120,1,0,0,0.99999999999998
02-11-2025,Karnataka,Kolar,563129,2,1,0,2.999999999999976
02-11-2025,Karnataka,Kolar,563138,2,0,0,2.000000000000001
02-11-2025,Karnataka,Kolar,563139,2,0,0,2.000000000000001
02-11-2025,Karnataka,Kolar,563160,1,0,0,0.99999999999998
02-11-2025,Karnataka,Kolar,563162,2,0,0,2.000000000000001
02-11-2025,Karnataka,Koppal,583230,1,1,0,1.999999999999955
02-11-2025,Karnataka,Koppal,583237,11,4,0,15.000000000000089
02-11-2025,Karnataka,Koppal,583238,2,0,0,2.000000000000001
02-11-2025,Karnataka,Koppal,583277,3,1,0,3.9999999999999964
02-11-2025,Karnataka,Koppal,583279,3,0,0,3.0000000000000218
02-11-2025,Karnataka,Koppal,583282,1,0,0,0.99999999999998
02-11-2025,Karnataka,Mandya,571415,3,1,0,3.9999999999999964
02-11-2025,Karnataka,Mandya,571422,6,0,0,6.000000000000084
02-11-2025,Karnataka,Mysore,570008,4,0,0,4.000000000000043
02-11-2025,Karnataka,Mysore,570009,2,0,0,2.000000000000001
02-11-2025,Karnataka,Mysore,571105,4,0,0,4.000000000000043
02-11-2025,Karnataka,Mysore,571114,1,0,0,0.99999999999998
02-11-2025,Karnataka,Mysore,571120,1,0,0,0.99999999999998
02-11-2025,Karnataka,Mysore,571121,3,0,0,3.0000000000000218
02-11-2025,Karnataka,Mysore,571602,2,0,0,2.000000000000001
02-11-2025,Karnataka,Mysuru,570009,1,0,0,0.99999999999998
02-11-2025,Karnataka,Mysuru,570017,1,0,0,0.99999999999998
02-11-2025,Karnataka,Mysuru,570021,0,1,0,0.999999999999934
02-11-2025,Karnataka,Mysuru,570026,2,0,0,2.000000000000001
02-11-2025,Karnataka,Mysuru,570028,1,0,0,0.99999999999998
02-11-2025,Karnataka,Mysuru,571120,1,0,0,0.99999999999998
02-11-2025,Karnataka,Mysuru,571124,1,0,0,0.99999999999998
02-11-2025,Karnataka,Mysuru,571134,1,0,0,0.99999999999998
02-11-2025,Karnataka,Mysuru,571601,2,0,0,2.000000000000001
02-11-2025,Karnataka,Mysuru,571602,1,1,0,1.999999999999955
02-11-2025,Karnataka,Raichur,584115,20,2,0,22.000000000000327
02-11-2025,Karnataka,Raichur,584116,3,1,1,4.999999999999982
02-11-2025,Karnataka,Raichur,584128,15,5,0,20.00000000000015
02-11-2025,Karnataka,Raichur,584139,10,4,1,15.000000000000053
02-11-2025,Karnataka,Ramanagar,561201,1,0,0,0.99999999999998
02-11-2025,Karnataka,Ramanagar,562109,4,0,0,4.000000000000043
02-11-2025,Karnataka,Ramanagar,562119,2,1,0,2.999999999999976
02-11-2025,Karnataka,Ramanagar,562120,1,0,0,0.99999999999998
02-11-2025,Karnataka,Ramanagar,562127,1,0,0,0.99999999999998
02-11-2025,Karnataka,Ramanagar,562138,2,0,0,2.000000000000001
02-11-2025,Karnataka,Shimoga,577204,2,0,0,2.000000000000001
02-11-2025,Karnataka,Shimoga,577417,1,0,0,0.99999999999998
02-11-2025,Karnataka,Shimoga,577426,1,0,0,0.99999999999998
02-11-2025,Karnataka,Shimoga,577429,1,0,0,0.99999999999998
02-11-2025,Karnataka,Shimoga,577452,2,0,0,2.000000000000001
02-11-2025,Karnataka,Shivamogga,577204,3,1,0,3.9999999999999964
02-11-2025,Karnataka,Shivamogga,577418,2,0,0,2.000000000000001
02-11-2025,Karnataka,Shivamogga,577447,0,1,0,0.999999999999934
02-11-2025,Karnataka,Shivamogga,577450,2,0,0,2.000000000000001
02-11-2025,Karnataka,Tumakuru,572102,1,1,0,1.999999999999955
02-11-2025,Karnataka,Tumakuru,572125,1,0,0,0.99999999999998
02-11-2025,Karnataka,Tumakuru,572135,1,0,0,0.99999999999998
02-11-2025,Karnataka,Tumakuru,572201,2,0,0,2.000000000000001
02-11-2025,Karnataka,Tumkur,572101,3,1,0,3.9999999999999964
02-11-2025,Karnataka,Tumkur,572106,2,0,0,2.000000000000001
02-11-2025,Karnataka,Tumkur,572112,0,1,0,0.999999999999934
02-11-2025,Karnataka,Tumkur,572116,1,0,0,0.99999999999998
02-11-2025,Karnataka,Tumkur,572119,1,0,0,0.99999999999998
02-11-2025,Karnataka,Tumkur,572120,0,1,0,0.999999999999934
02-11-2025,Karnataka,Tumkur,572122,1,0,0,0.99999999999998
02-11-2025,Karnataka,Tumkur,572125,2,0,0,2.000000000000001
02-11-2025,Karnataka,Tumkur,572135,2,0,0,2.000000000000001
02-11-2025,Karnataka,Udupi,576221,1,0,0,0.99999999999998
02-11-2025,Karnataka,Uttara Kannada,581319,3,0,0,3.0000000000000218
02-11-2025,Karnataka,Uttara Kannada,581320,12,2,0,14.00000000000016
02-11-2025,Karnataka,Uttara Kannada,581322,2,0,0,2.000000000000001
02-11-2025,Karnataka,Uttara Kannada,581323,1,0,0,0.99999999999998
02-11-2025,Karnataka,Uttara Kannada,581327,1,0,0,0.99999999999998
02-11-2025,Karnataka,Uttara Kannada,581330,1,0,0,0.99999999999998
02-11-2025,Karnataka,Uttara Kannada,581351,2,0,0,2.000000000000001
02-11-2025,Karnataka,Uttara Kannada,581353,2,0,0,2.000000000000001
02-11-2025,Karnataka,Uttara Kannada,581355,5,0,0,5.000000000000064
02-11-2025,Karnataka,Uttara Kannada,581412,1,1,0,1.999999999999955
02-11-2025,Karnataka,Uttara Kannada,581421,1,0,0,0.99999999999998
02-11-2025,Karnataka,Uttara Kannada,581423,1,0,0,0.99999999999998
02-11-2025,Karnataka,Vijayanagara,583213,1,0,0,0.99999999999998
02-11-2025,Karnataka,Vijayapura,586103,3,2,0,4.999999999999972
02-11-2025,Karnataka,Vijayapura,586104,2,1,0,2.999999999999976
02-11-2025,Karnataka,Vijayapura,586114,3,0,0,3.0000000000000218
02-11-2025,Karnataka,Vijayapura,586118,1,0,0,0.99999999999998
02-11-2025,Karnataka,Vijayapura,586124,1,0,0,0.99999999999998
02-11-2025,Karnataka,Vijayapura,586127,2,0,0,2.000000000000001
02-11-2025,Karnataka,Vijayapura,586204,8,1,0,9.000000000000101
02-11-2025,Karnataka,Vijayapura,586208,2,0,0,2.000000000000001
02-11-2025,Karnataka,Vijayapura,586215,7,0,0,7.000000000000105
02-11-2025,Karnataka,Vijayapura,586245,5,0,0,5.000000000000064
02-11-2025,Karnataka,Yadgir,585221,9,1,0,10.000000000000123
02-11-2025,Karnataka,Yadgir,585321,3,2,0,4.999999999999972
03-11-2025,Karnataka,Bagalkot,587111,1,0,0,0.99999999999998
03-11-2025,Karnataka,Bangalore,560073,1,0,0,0.99999999999998
03-11-2025,Karnataka,Bangalore,560093,1,0,0,0.99999999999998
03-11-2025,Karnataka,Bangalore,560097,2,0,0,2.000000000000001
03-11-2025,Karnataka,Bangalore Rural,562122,1,0,0,0.99999999999998
03-11-2025,Karnataka,Bangalore Rural,562132,1,0,0,0.99999999999998
03-11-2025,Karnataka,Belagavi,590016,0,1,0,0.999999999999934
03-11-2025,Karnataka,Belagavi,591113,1,0,0,0.99999999999998
03-11-2025,Karnataka,Belagavi,591115,1,0,0,0.99999999999998
03-11-2025,Karnataka,Belagavi,591121,1,0,0,0.99999999999998
03-11-2025,Karnataka,Belagavi,591263,1,0,0,0.99999999999998
03-11-2025,Karnataka,Belagavi,591301,1,0,0,0.99999999999998
03-11-2025,Karnataka,Belagavi,591302,0,0,1,0.9999999999999446
03-11-2025,Karnataka,Belagavi,591344,1,0,0,0.99999999999998
03-11-2025,Karnataka,Belgaum,591106,2,0,0,2.000000000000001
03-11-2025,Karnataka,Belgaum,591231,1,0,0,0.99999999999998
03-11-2025,Karnataka,Belgaum,591303,1,0,0,0.99999999999998
03-11-2025,Karnataka,Bellary,583129,1,0,0,0.99999999999998
03-11-2025,Karnataka,Bengaluru,560003,0,0,1,0.9999999999999446
03-11-2025,Karnataka,Bengaluru,560009,0,0,1,0.9999999999999446
03-11-2025,Karnataka,Bengaluru,560010,0,0,1,0.9999999999999446
03-11-2025,Karnataka,Bengaluru,560024,0,1,1,1.9999999999999196
03-11-2025,Karnataka,Bengaluru,560025,0,1,2,2.999999999999905
03-11-2025,Karnataka,Bengaluru,560048,0,3,0,2.9999999999998836
03-11-2025,Karnataka,Bengaluru,560056,1,0,0,0.99999999999998
03-11-2025,Karnataka,Bengaluru,560057,0,0,1,0.9999999999999446
03-11-2025,Karnataka,Bengaluru,560058,0,0,1,0.9999999999999446
03-11-2025,Karnataka,Bengaluru,560067,2,1,3,5.9999999999999325
03-11-2025,Karnataka,Bengaluru,560070,0,1,0,0.999999999999934
03-11-2025,Karnataka,Bengaluru,560072,1,0,0,0.99999999999998
03-11-2025,Karnataka,Bengaluru,560073,2,0,0,2.000000000000001
03-11-2025,Karnataka,Bengaluru,562107,1,0,0,0.99999999999998
03-11-2025,Karnataka,Bengaluru South,562160,0,8,0,7.999999999999758
03-11-2025,Karnataka,Bidar,585227,1,0,0,0.99999999999998
03-11-2025,Karnataka,Bidar,585328,3,0,0,3.0000000000000218
03-11-2025,Karnataka,Bidar,585330,0,1,0,0.999999999999934
03-11-2025,Karnataka,Bidar,585412,1,1,0,1.999999999999955
03-11-2025,Karnataka,Bidar,585419,1,0,0,0.99999999999998
03-11-2025,Karnataka,Bijapur,586101,1,0,0,0.99999999999998
03-11-2025,Karnataka,Bijapur,586121,1,0,0,0.99999999999998
03-11-2025,Karnataka,Bijapur,586125,0,1,0,0.999999999999934
03-11-2025,Karnataka,Bijapur,586127,0,1,0,0.999999999999934
03-11-2025,Karnataka,Bijapur,586217,2,0,0,2.000000000000001
03-11-2025,Karnataka,Chamrajanagar,571109,1,0,0,0.99999999999998
03-11-2025,Karnataka,Chamrajanagar,571111,0,1,0,0.999999999999934
03-11-2025,Karnataka,Chamrajanagar,571115,1,0,0,0.99999999999998
03-11-2025,Karnataka,Chamrajanagar,571117,2,0,0,2.000000000000001
03-11-2025,Karnataka,Chamrajanagar,571444,1,2,0,2.99999999999993
03-11-2025,Karnataka,Chamrajnagar,571441,0,1,0,0.999999999999934
03-11-2025,Karnataka,Chikkaballapur,562104,1,0,0,0.99999999999998
03-11-2025,Karnataka,Chikkaballapur,563125,2,0,0,2.000000000000001
03-11-2025,Karnataka,Chikkamagaluru,577549,1,0,0,0.99999999999998
03-11-2025,Karnataka,Chitradurga,577501,1,0,0,0.99999999999998
03-11-2025,Karnataka,Chitradurga,577526,0,1,0,0.999999999999934
03-11-2025,Karnataka,Chitradurga,577536,1,0,0,0.99999999999998
03-11-2025,Karnataka,Chitradurga,577538,1,0,0,0.99999999999998
03-11-2025,Karnataka,Dakshina Kannada,574146,1,0,0,0.99999999999998
03-11-2025,Karnataka,Dakshina Kannada,574236,1,0,0,0.99999999999998
03-11-2025,Karnataka,Dakshina Kannada,574242,1,0,0,0.99999999999998
03-11-2025,Karnataka,Dakshina Kannada,574265,1,0,0,0.99999999999998
03-11-2025,Karnataka,Davanagere,577001,1,0,0,0.99999999999998
03-11-2025,Karnataka,Davangere,577002,1,0,0,0.99999999999998
03-11-2025,Karnataka,Dharwad,580006,1,0,0,0.99999999999998
03-11-2025,Karnataka,Dharwad,580024,1,0,0,0.99999999999998
03-11-2025,Karnataka,Dharwad,580028,1,0,0,0.99999999999998
03-11-2025,Karnataka,Gadag,582204,1,0,0,0.99999999999998
03-11-2025,Karnataka,Gadag,582209,1,1,0,1.999999999999955
03-11-2025,Karnataka,Hasan,573210,1,0,0,0.99999999999998
03-11-2025,Karnataka,Hassan,573162,1,0,0,0.99999999999998
03-11-2025,Karnataka,Hassan,573201,1,0,0,0.99999999999998
03-11-2025,Karnataka,Haveri,581205,1,0,0,0.99999999999998
03-11-2025,Karnataka,Kalaburagi,585103,1,0,16,16.999999999999744
03-11-2025,Karnataka,Kalaburagi,585236,1,0,0,0.99999999999998
03-11-2025,Karnataka,Kalaburagi,585310,1,1,0,1.999999999999955
03-11-2025,Karnataka,Kodagu,571231,0,1,0,0.999999999999934
03-11-2025,Karnataka,Kodagu,571232,1,0,0,0.99999999999998
03-11-2025,Karnataka,Kolar,563135,1,0,0,0.99999999999998
03-11-2025,Karnataka,Kolar,563136,1,1,0,1.999999999999955
03-11-2025,Karnataka,Koppal,583226,1,0,0,0.99999999999998
03-11-2025,Karnataka,Koppal,583235,0,1,0,0.999999999999934
03-11-2025,Karnataka,Koppal,583237,2,0,0,2.000000000000001
03-11-2025,Karnataka,Koppal,583281,1,1,0,1.999999999999955
03-11-2025,Karnataka,Mandya,571415,2,0,0,2.000000000000001
03-11-2025,Karnataka,Mandya,571423,2,0,0,2.000000000000001
03-11-2025,Karnataka,Mysore,571187,1,0,0,0.99999999999998
03-11-2025,Karnataka,Mysuru,570021,0,1,0,0.999999999999934
03-11-2025,Karnataka,Mysuru,571124,2,0,0,2.000000000000001
03-11-2025,Karnataka,Raichur,584125,1,1,0,1.999999999999955
03-11-2025,Karnataka,Raichur,584139,0,1,0,0.999999999999934
03-11-2025,Karnataka,Tumakuru,572201,1,0,0,0.99999999999998
03-11-2025,Karnataka,Tumakuru,572220,1,0,0,0.99999999999998
03-11-2025,Karnataka,Udupi,576233,1,0,0,0.99999999999998
03-11-2025,Karnataka,Udupi,576283,1,0,0,0.99999999999998
03-11-2025,Karnataka,Uttara Kannada,581358,1,0,0,0.99999999999998
03-11-2025,Karnataka,Uttara Kannada,581453,1,0,0,0.99999999999998
03-11-2025,Karnataka,Vijayanagara,583216,1,0,0,0.99999999999998
03-11-2025,Karnataka,Vijayapura,586124,1,0,0,0.99999999999998
03-11-2025,Karnataka,Yadgir,585202,2,0,0,2.000000000000001
03-11-2025,Karnataka,Yadgir,585216,1,0,0,0.99999999999998
03-11-2025,Karnataka,Yadgir,585290,2,0,3,4.999999999999957
03-11-2025,Karnataka,yadgir,585315,1,0,0,0.99999999999998
05-11-2025,Karnataka,Bagalkot,587154,2,0,0,2.000000000000001
05-11-2025,Karnataka,Bagalkot,587202,2,0,0,2.000000000000001
05-11-2025,Karnataka,Bagalkot,587311,2,1,0,2.999999999999976
05-11-2025,Karnataka,Bagalkot,587330,2,1,0,2.999999999999976
05-11-2025,Karnataka,Ballari,583103,0,1,0,0.999999999999934
05-11-2025,Karnataka,Ballari,583120,1,0,0,0.99999999999998
05-11-2025,Karnataka,Ballari,583128,1,0,0,0.99999999999998
05-11-2025,Karnataka,Ballari,583132,4,0,0,4.000000000000043
05-11-2025,Karnataka,Ballari,583134,0,1,0,0.999999999999934
05-11-2025,Karnataka,Bangalore,560009,0,1,0,0.999999999999934
05-11-2025,Karnataka,Bangalore,560036,1,0,0,0.99999999999998
05-11-2025,Karnataka,Bangalore,560058,1,0,0,0.99999999999998
05-11-2025,Karnataka,Bangalore,560064,0,1,0,0.999999999999934
05-11-2025,Karnataka,Bangalore,560076,2,0,0,2.000000000000001
05-11-2025,Karnataka,Bangalore,560078,2,0,0,2.000000000000001
05-11-2025,Karnataka,Bangalore,560079,2,0,0,2.000000000000001
05-11-2025,Karnataka,Bangalore,562130,2,1,0,2.999999999999976
05-11-2025,Karnataka,Belagavi,590010,5,0,0,5.000000000000064
05-11-2025,Karnataka,Belagavi,591101,0,1,0,0.999999999999934
05-11-2025,Karnataka,Belagavi,591123,1,0,0,0.99999999999998
05-11-2025,Karnataka,Belagavi,591130,1,0,0,0.99999999999998
05-11-2025,Karnataka,Belagavi,591136,2,0,0,2.000000000000001
05-11-2025,Karnataka,Belagavi,591224,2,0,0,2.000000000000001
05-11-2025,Karnataka,Belagavi,591236,1,0,0,0.99999999999998
05-11-2025,Karnataka,Belagavi,591237,5,0,0,5.000000000000064
05-11-2025,Karnataka,Belagavi,591240,0,1,1,1.9999999999999196
05-11-2025,Karnataka,Belagavi,591304,3,0,0,3.0000000000000218
05-11-2025,Karnataka,Belagavi,591307,1,0,0,0.99999999999998
05-11-2025,Karnataka,Belagavi,591312,2,0,0,2.000000000000001
05-11-2025,Karnataka,Belagavi,591315,1,0,0,0.99999999999998
05-11-2025,Karnataka,Belgaum,590003,1,0,0,0.99999999999998
05-11-2025,Karnataka,Belgaum,591106,2,0,0,2.000000000000001
05-11-2025,Karnataka,Belgaum,591117,1,0,0,0.99999999999998
05-11-2025,Karnataka,Belgaum,591123,1,0,0,0.99999999999998
05-11-2025,Karnataka,Belgaum,591124,1,0,0,0.99999999999998
05-11-2025,Karnataka,Belgaum,591130,1,0,0,0.99999999999998
05-11-2025,Karnataka,Belgaum,591217,3,0,0,3.0000000000000218
05-11-2025,Karnataka,Belgaum,591306,1,0,0,0.99999999999998
05-11-2025,Karnataka,Belgaum,591311,1,0,0,0.99999999999998
05-11-2025,Karnataka,Bellary,583117,2,0,0,2.000000000000001
05-11-2025,Karnataka,Bellary,583124,17,0,0,17.000000000000313
05-11-2025,Karnataka,Bellary,583126,1,0,0,0.99999999999998
05-11-2025,Karnataka,Bellary,583211,0,1,0,0.999999999999934
05-11-2025,Karnataka,Bellary,583214,1,0,0,0.99999999999998
05-11-2025,Karnataka,Bellary,583224,1,0,0,0.99999999999998
05-11-2025,Karnataka,Bengaluru,560005,3,1,0,3.9999999999999964
05-11-2025,Karnataka,Bengaluru,560006,1,1,0,1.999999999999955
05-11-2025,Karnataka,Bengaluru,560008,2,0,0,2.000000000000001
05-11-2025,Karnataka,Bengaluru,560009,0,0,1,0.9999999999999446
05-11-2025,Karnataka,Bengaluru,560015,2,0,0,2.000000000000001
05-11-2025,Karnataka,Bengaluru,560016,4,2,0,5.999999999999993
05-11-2025,Karnataka,Bengaluru,560018,2,0,0,2.000000000000001
05-11-2025,Karnataka,Bengaluru,560032,6,2,2,10.000000000000005
05-11-2025,Karnataka,Bengaluru,560035,3,2,0,4.999999999999972
05-11-2025,Karnataka,Bengaluru,560037,3,0,4,6.999999999999964
05-11-2025,Karnataka,Bengaluru,560043,3,4,8,14.999999999999806
05-11-2025,Karnataka,Bengaluru,560045,3,2,0,4.999999999999972
05-11-2025,Karnataka,Bengaluru,560056,4,1,0,5.000000000000018
05-11-2025,Karnataka,Bengaluru,560057,1,0,0,0.99999999999998
05-11-2025,Karnataka,Bengaluru,560060,1,0,1,1.9999999999999654
05-11-2025,Karnataka,Bengaluru,560061,1,3,0,3.9999999999999045
05-11-2025,Karnataka,Bengaluru,560067,2,0,2,3.9999999999999716
05-11-2025,Karnataka,Bengaluru,560072,4,1,0,5.000000000000018
05-11-2025,Karnataka,Bengaluru,560076,2,1,0,2.999999999999976
05-11-2025,Karnataka,Bengaluru,560077,3,1,2,5.999999999999967
05-11-2025,Karnataka,Bengaluru,560078,3,1,2,5.999999999999967
05-11-2025,Karnataka,Bengaluru,560083,2,1,0,2.999999999999976
06-11-2025,Karnataka,Shivamogga,577203,1,0,0,0.99999999999998
06-11-2025,Karnataka,Shivamogga,577229,1,0,0,0.99999999999998
06-11-2025,Karnataka,Shivamogga,577428,0,0,1,0.9999999999999446
06-11-2025,Karnataka,Tumakuru,572130,2,0,0,2.000000000000001
06-11-2025,Karnataka,Tumkur,572130,2,0,0,2.000000000000001
06-11-2025,Karnataka,Tumkur,572139,1,1,0,1.999999999999955
06-11-2025,Karnataka,Udupi,574106,1,0,0,0.99999999999998
06-11-2025,Karnataka,Udupi,576101,0,0,1,0.9999999999999446
06-11-2025,Karnataka,Udupi,576232,1,0,0,0.99999999999998
06-11-2025,Karnataka,Udupi,576233,1,0,0,0.99999999999998
06-11-2025,Karnataka,Uttara Kannada,581316,1,0,0,0.99999999999998
06-11-2025,Karnataka,Uttara Kannada,581322,1,0,0,0.99999999999998
06-11-2025,Karnataka,Uttara Kannada,581348,2,0,0,2.000000000000001
06-11-2025,Karnataka,Uttara Kannada,581350,1,0,0,0.99999999999998
06-11-2025,Karnataka,Uttara Kannada,581355,1,2,0,2.99999999999993
06-11-2025,Karnataka,Uttara Kannada,581400,1,0,0,0.99999999999998
06-11-2025,Karnataka,Uttara Kannada,581421,1,0,0,0.99999999999998
06-11-2025,Karnataka,Uttara Kannada,581423,1,0,0,0.99999999999998
06-11-2025,Karnataka,Vijayapura,586112,0,0,1,0.9999999999999446
06-11-2025,Karnataka,Vijayapura,586128,1,0,0,0.99999999999998
06-11-2025,Karnataka,Vijayapura,586204,2,0,0,2.000000000000001
06-11-2025,Karnataka,Vijayapura,586213,1,0,0,0.99999999999998
06-11-2025,Karnataka,Vijayapura,586215,0,1,0,0.999999999999934
06-11-2025,Karnataka,Yadgir,585218,1,0,0,0.99999999999998
06-11-2025,Karnataka,Yadgir,585237,6,1,0,7.0000000000000595
06-11-2025,Karnataka,Yadgir,585290,11,1,6,18.000000000000078
06-11-2025,Karnataka,Yadgir,585291,0,2,0,1.999999999999909
06-11-2025,Karnataka,Yadgir,585309,1,1,0,1.999999999999955
06-11-2025,Karnataka,Yadgir,585321,4,1,1,6.0000000000000036
06-11-2025,Karnataka,yadgir,585221,1,0,0,0.99999999999998
06-11-2025,Karnataka,yadgir,585290,1,0,0,0.99999999999998
06-11-2025,Karnataka,Bagalkot,587111,3,0,0,3.0000000000000218
06-11-2025,Karnataka,Bagalkot,587115,2,1,0,2.999999999999976
06-11-2025,Karnataka,Bagalkot,587121,1,0,0,0.99999999999998
06-11-2025,Karnataka,Ballari,583222,1,0,0,0.99999999999998
06-11-2025,Karnataka,Bangalore,560016,2,1,0,2.999999999999976
06-11-2025,Karnataka,Bangalore,560026,1,1,0,1.999999999999955
06-11-2025,Karnataka,Bangalore,560033,1,0,0,0.99999999999998
06-11-2025,Karnataka,Bangalore,560035,1,0,0,0.99999999999998
06-11-2025,Karnataka,Bangalore,560038,1,0,0,0.99999999999998
06-11-2025,Karnataka,Bangalore,560047,1,0,0,0.99999999999998
06-11-2025,Karnataka,Bangalore,560049,2,1,0,2.999999999999976
06-11-2025,Karnataka,Bangalore,560068,4,1,0,5.000000000000018
06-11-2025,Karnataka,Bangalore,560069,1,0,0,0.99999999999998
06-11-2025,Karnataka,Bangalore,560073,0,1,0,0.999999999999934
06-11-2025,Karnataka,Bangalore,560086,0,1,0,0.999999999999934
06-11-2025,Karnataka,Bangalore,560091,3,0,0,3.0000000000000218
06-11-2025,Karnataka,Bangalore,562107,2,0,0,2.000000000000001
06-11-2025,Karnataka,Bangalore Rural,562123,2,1,0,2.999999999999976
06-11-2025,Karnataka,Belagavi,590001,2,0,0,2.000000000000001
06-11-2025,Karnataka,Belagavi,591114,2,0,0,2.000000000000001
06-11-2025,Karnataka,Belagavi,591143,1,0,0,0.99999999999998
06-11-2025,Karnataka,Belagavi,591235,0,1,0,0.999999999999934
06-11-2025,Karnataka,Belagavi,591254,2,0,0,2.000000000000001
06-11-2025,Karnataka,Belagavi,591304,2,0,0,2.000000000000001
06-11-2025,Karnataka,Belgaum,591102,2,0,0,2.000000000000001
06-11-2025,Karnataka,Belgaum,591110,1,0,0,0.99999999999998
06-11-2025,Karnataka,Belgaum,591117,2,0,0,2.000000000000001
06-11-2025,Karnataka,Belgaum,591143,0,1,0,0.999999999999934
06-11-2025,Karnataka,Belgaum,591222,1,0,0,0.99999999999998
06-11-2025,Karnataka,Belgaum,591229,0,1,0,0.999999999999934
06-11-2025,Karnataka,Belgaum,591265,1,0,0,0.99999999999998
06-11-2025,Karnataka,Belgaum,591302,1,0,0,0.99999999999998
06-11-2025,Karnataka,Bellary,583119,1,0,0,0.99999999999998
06-11-2025,Karnataka,Bellary,583132,2,0,0,2.000000000000001
06-11-2025,Karnataka,Bellary,583212,1,1,0,1.999999999999955
06-11-2025,Karnataka,Bellary,583219,1,0,0,0.99999999999998
06-11-2025,Karnataka,Bengaluru,560004,1,0,0,0.99999999999998
06-11-2025,Karnataka,Bengaluru,560008,1,0,0,0.99999999999998
06-11-2025,Karnataka,Bengaluru,560011,1,0,0,0.99999999999998
06-11-2025,Karnataka,Bengaluru,560015,1,0,0,0.99999999999998
06-11-2025,Karnataka,Bengaluru,560016,2,0,2,3.9999999999999716
06-11-2025,Karnataka,Bengaluru,560037,2,1,0,2.999999999999976
06-11-2025,Karnataka,Bengaluru,560041,0,0,1,0.9999999999999446
06-11-2025,Karnataka,Bengaluru,560043,3,3,7,12.999999999999845
06-11-2025,Karnataka,Bengaluru,560056,2,0,0,2.000000000000001
06-11-2025,Karnataka,Bengaluru,560058,1,0,2,2.999999999999951
06-11-2025,Karnataka,Bengaluru,560068,5,3,2,9.99999999999996
06-11-2025,Karnataka,Bengaluru,560079,3,0,0,3.0000000000000218
06-11-2025,Karnataka,Bengaluru,560082,2,0,0,2.000000000000001
06-11-2025,Karnataka,Bengaluru,560086,1,0,0,0.99999999999998
06-11-2025,Karnataka,Bengaluru,560092,1,0,0,0.99999999999998
06-11-2025,Karnataka,Bengaluru,560096,2,0,0,2.000000000000001
06-11-2025,Karnataka,Bengaluru,560103,0,6,0,5.999999999999808
06-11-2025,Karnataka,Bengaluru,562162,1,0,0,0.99999999999998
06-11-2025,Karnataka,Bidar,585328,4,0,0,4.000000000000043
06-11-2025,Karnataka,Bidar,585402,3,0,0,3.0000000000000218
06-11-2025,Karnataka,Bijapur,586114,0,1,0,0.999999999999934
06-11-2025,Karnataka,Bijapur,586125,3,0,0,3.0000000000000218
06-11-2025,Karnataka,Bijapur,586128,3,0,0,3.0000000000000218
06-11-2025,Karnataka,Bijapur,586130,1,0,0,0.99999999999998
06-11-2025,Karnataka,Chamrajanagar,571123,1,0,0,0.99999999999998
06-11-2025,Karnataka,Chamrajanagar,571439,3,0,0,3.0000000000000218
06-11-2025,Karnataka,Chamrajnagar,571109,1,0,0,0.99999999999998
06-11-2025,Karnataka,Chikkaballapur,561212,1,0,0,0.99999999999998
06-11-2025,Karnataka,Chikkaballapur,562102,2,0,0,2.000000000000001
06-11-2025,Karnataka,Chikkaballapur,563124,2,1,0,2.999999999999976
06-11-2025,Karnataka,Chikkaballapur,563125,2,1,0,2.999999999999976
06-11-2025,Karnataka,Chikkaballapur,563159,1,0,0,0.99999999999998
06-11-2025,Karnataka,Chikkamagaluru,577123,1,0,0,0.99999999999998
06-11-2025,Karnataka,Chikkamagaluru,577129,1,0,0,0.99999999999998
06-11-2025,Karnataka,Chikkamagaluru,577228,2,0,0,2.000000000000001
06-11-2025,Karnataka,Chikmagalur,577122,1,0,0,0.99999999999998
06-11-2025,Karnataka,Chitradurga,577527,1,0,0,0.99999999999998
06-11-2025,Karnataka,Chitradurga,577541,1,0,0,0.99999999999998
06-11-2025,Karnataka,Chitradurga,577546,1,0,0,0.99999999999998
06-11-2025,Karnataka,Chitradurga,577557,2,0,0,2.000000000000001
06-11-2025,Karnataka,Dakshina Kannada,574151,1,0,0,0.99999999999998
06-11-2025,Karnataka,Dakshina Kannada,574229,1,0,0,0.99999999999998
06-11-2025,Karnataka,Dakshina Kannada,575013,3,1,0,3.9999999999999964
06-11-2025,Karnataka,Dakshina Kannada,575020,1,1,0,1.999999999999955
06-11-2025,Karnataka,Dakshina Kannada,575023,1,0,0,0.99999999999998
06-11-2025,Karnataka,Davangere,577006,2,0,0,2.000000000000001
06-11-2025,Karnataka,Davangere,577215,3,0,0,3.0000000000000218
06-11-2025,Karnataka,Davangere,577218,1,0,0,0.99999999999998
06-11-2025,Karnataka,Davangere,577224,2,0,0,2.000000000000001
06-11-2025,Karnataka,Davangere,577521,2,0,0,2.000000000000001
06-11-2025,Karnataka,Davangere,577552,1,1,0,1.999999999999955
06-11-2025,Karnataka,Dharwad,580002,1,0,0,0.99999999999998
06-11-2025,Karnataka,Dharwad,580006,1,0,0,0.99999999999998
06-11-2025,Karnataka,Dharwad,580021,2,0,0,2.000000000000001
06-11-2025,Karnataka,Dharwad,580030,1,1,0,1.999999999999955
06-11-2025,Karnataka,Dharwad,580114,1,0,0,0.99999999999998
06-11-2025,Karnataka,Dharwad,581103,1,0,0,0.99999999999998
06-11-2025,Karnataka,Dharwad,581105,3,0,0,3.0000000000000218
06-11-2025,Karnataka,Dharwad,581204,2,3,0,4.999999999999925
06-11-2025,Karnataka,Gadag,582102,2,0,0,2.000000000000001
06-11-2025,Karnataka,Gadag,582207,3,0,0,3.0000000000000218
06-11-2025,Karnataka,Gadag,582209,2,0,0,2.000000000000001
06-11-2025,Karnataka,Gadag,582211,4,0,0,4.000000000000043
06-11-2025,Karnataka,Gulbarga,585104,1,1,0,1.999999999999955
06-11-2025,Karnataka,Gulbarga,585302,3,1,0,3.9999999999999964
06-11-2025,Karnataka,Gulbarga,585324,2,0,0,2.000000000000001
06-11-2025,Karnataka,Hasan,573122,1,0,0,0.99999999999998
06-11-2025,Karnataka,Hasan,573217,1,0,0,0.99999999999998
06-11-2025,Karnataka,Hassan,573131,1,0,0,0.99999999999998
06-11-2025,Karnataka,Hassan,573210,1,0,0,0.99999999999998
06-11-2025,Karnataka,Haveri,581115,5,1,0,6.000000000000038
06-11-2025,Karnataka,Haveri,581205,1,1,0,1.999999999999955
06-11-2025,Karnataka,Haveri *,581118,1,0,0,0.99999999999998
06-11-2025,Karnataka,Kalaburagi,585101,1,0,0,0.99999999999998
06-11-2025,Karnataka,Kalaburagi,585236,2,0,0,2.000000000000001
06-11-2025,Karnataka,Kalaburagi,585306,2,0,0,2.000000000000001
06-11-2025,Karnataka,Kalaburagi,585308,1,0,0,0.99999999999998
06-11-2025,Karnataka,Kalaburagi,585309,0,1,0,0.999999999999934
06-11-2025,Karnataka,Kalaburagi,585313,4,1,0,5.000000000000018
06-11-2025,Karnataka,Kalaburagi,585317,3,0,0,3.0000000000000218
06-11-2025,Karnataka,Kodagu,571201,1,0,0,0.99999999999998
06-11-2025,Karnataka,Kolar,563113,1,0,0,0.99999999999998
06-11-2025,Karnataka,Kolar,563160,3,0,0,3.0000000000000218
06-11-2025,Karnataka,Koppal,583229,1,0,0,0.99999999999998
06-11-2025,Karnataka,Koppal,583232,4,0,0,4.000000000000043
06-11-2025,Karnataka,Koppal,583234,5,0,0,5.000000000000064
06-11-2025,Karnataka,Koppal,583236,3,0,0,3.0000000000000218
06-11-2025,Karnataka,Koppal,583268,1,0,0,0.99999999999998
06-11-2025,Karnataka,Koppal,583281,4,0,0,4.000000000000043
06-11-2025,Karnataka,Mandya,571422,5,0,0,5.000000000000064
06-11-2025,Karnataka,Mandya,571427,2,1,0,2.999999999999976
06-11-2025,Karnataka,Mandya,571436,2,0,0,2.000000000000001
06-11-2025,Karnataka,Mandya,571606,1,0,0,0.99999999999998
06-11-2025,Karnataka,Mysuru,571101,2,0,0,2.000000000000001
06-11-2025,Karnataka,Mysuru,571108,2,0,0,2.000000000000001
06-11-2025,Karnataka,Mysuru,571114,0,0,1,0.9999999999999446
06-11-2025,Karnataka,Raichur,584103,3,0,0,3.0000000000000218
06-11-2025,Karnataka,Raichur,584111,4,0,0,4.000000000000043
06-11-2025,Karnataka,Raichur,584123,9,0,0,9.000000000000147
06-11-2025,Karnataka,Raichur,584140,2,0,0,2.000000000000001
06-11-2025,Karnataka,Raichur,584143,1,2,0,2.99999999999993
06-11-2025,Karnataka,Raichur,584203,3,0,0,3.0000000000000218
06-11-2025,Karnataka,Ramanagar,562126,0,1,0,0.999999999999934
06-11-2025,Karnataka,Shimoga,577302,2,0,0,2.000000000000001
06-11-2025,Karnataka,Shimoga,577401,1,0,0,0.99999999999998
06-11-2025,Karnataka,Shimoga,577413,2,0,0,2.000000000000001
05-11-2025,Karnataka,Bengaluru,560090,1,0,0,0.99999999999998
05-11-2025,Karnataka,Bengaluru,560091,3,1,0,3.9999999999999964
05-11-2025,Karnataka,Bengaluru,560094,0,1,3,3.9999999999998903
05-11-2025,Karnataka,Bengaluru,560096,3,0,0,3.0000000000000218
05-11-2025,Karnataka,Bengaluru,560097,5,2,1,7.999999999999998
05-11-2025,Karnataka,Bengaluru,560105,2,0,0,2.000000000000001
05-11-2025,Karnataka,Bengaluru,562107,0,1,0,0.999999999999934
05-11-2025,Karnataka,Bengaluru,562149,2,0,0,2.000000000000001
05-11-2025,Karnataka,Bidar,585326,7,2,0,9.000000000000055
05-11-2025,Karnataka,Bidar,585402,2,0,0,2.000000000000001
05-11-2025,Karnataka,Bidar,585413,2,0,0,2.000000000000001
05-11-2025,Karnataka,Bidar,585415,1,0,0,0.99999999999998
05-11-2025,Karnataka,Bidar,585416,3,1,0,3.9999999999999964
05-11-2025,Karnataka,Bijapur,586101,6,1,0,7.0000000000000595
05-11-2025,Karnataka,Bijapur,586113,2,0,0,2.000000000000001
05-11-2025,Karnataka,Bijapur,586129,1,0,0,0.99999999999998
05-11-2025,Karnataka,Bijapur,586204,1,0,0,0.99999999999998
05-11-2025,Karnataka,Bijapur,586206,0,1,0,0.999999999999934
05-11-2025,Karnataka,Bijapur,586217,1,1,0,1.999999999999955
05-11-2025,Karnataka,Chamarajanagar,571342,0,1,0,0.999999999999934
05-11-2025,Karnataka,Chamrajanagar,571128,1,0,0,0.99999999999998
05-11-2025,Karnataka,Chamrajnagar,571313,1,0,0,0.99999999999998
05-11-2025,Karnataka,Chickmagalur,577101,3,1,0,3.9999999999999964
05-11-2025,Karnataka,Chickmagalur,577168,1,0,0,0.99999999999998
05-11-2025,Karnataka,Chickmagalur,577549,1,0,0,0.99999999999998
05-11-2025,Karnataka,Chikkaballapur,561211,1,0,0,0.99999999999998
05-11-2025,Karnataka,Chikkaballapur,562101,7,0,0,7.000000000000105
05-11-2025,Karnataka,Chikkaballapur,562104,2,0,0,2.000000000000001
05-11-2025,Karnataka,Chikkaballapur,562105,4,0,0,4.000000000000043
05-11-2025,Karnataka,Chikkaballapur,563146,3,1,0,3.9999999999999964
05-11-2025,Karnataka,Chikkamagaluru,577548,1,0,0,0.99999999999998
05-11-2025,Karnataka,Chitradurga,577517,1,0,0,0.99999999999998
05-11-2025,Karnataka,Chitradurga,577521,1,0,0,0.99999999999998
05-11-2025,Karnataka,Chitradurga,577535,9,1,0,10.000000000000123
05-11-2025,Karnataka,Chitradurga,577537,2,0,0,2.000000000000001
05-11-2025,Karnataka,Chitradurga,577538,4,0,0,4.000000000000043
05-11-2025,Karnataka,Chitradurga,577543,1,0,0,0.99999999999998
05-11-2025,Karnataka,Chitradurga,577558,1,0,0,0.99999999999998
05-11-2025,Karnataka,Dakshina Kannada,574150,1,0,0,0.99999999999998
05-11-2025,Karnataka,Dakshina Kannada,574223,1,0,0,0.99999999999998
05-11-2025,Karnataka,Dakshina Kannada,574229,0,1,0,0.999999999999934
05-11-2025,Karnataka,Dakshina Kannada,574234,1,0,0,0.99999999999998
05-11-2025,Karnataka,Dakshina Kannada,574248,1,0,0,0.99999999999998
05-11-2025,Karnataka,Dakshina Kannada,574279,2,1,0,2.999999999999976
05-11-2025,Karnataka,Dakshina Kannada,575004,1,0,0,0.99999999999998
05-11-2025,Karnataka,Dakshina Kannada,575007,1,0,0,0.99999999999998
05-11-2025,Karnataka,Dakshina Kannada,575019,1,0,0,0.99999999999998
05-11-2025,Karnataka,Dakshina Kannada,575022,2,1,0,2.999999999999976
05-11-2025,Karnataka,Davanagere,577514,1,0,0,0.99999999999998
05-11-2025,Karnataka,Davangere,577001,4,0,1,5.000000000000028
05-11-2025,Karnataka,Davangere,577005,1,0,0,0.99999999999998
05-11-2025,Karnataka,Davangere,577215,4,0,0,4.000000000000043
05-11-2025,Karnataka,Davangere,577218,0,0,1,0.9999999999999446
05-11-2025,Karnataka,Davangere,577601,2,0,0,2.000000000000001
05-11-2025,Karnataka,Dharwad,580002,1,0,0,0.99999999999998
05-11-2025,Karnataka,Dharwad,580007,5,0,0,5.000000000000064
05-11-2025,Karnataka,Dharwad,580028,4,0,0,4.000000000000043
05-11-2025,Karnataka,Dharwad,580031,3,2,0,4.999999999999972
05-11-2025,Karnataka,Dharwad,581107,1,0,0,0.99999999999998
05-11-2025,Karnataka,Gadag,582103,3,0,0,3.0000000000000218
05-11-2025,Karnataka,Gadag,582116,3,1,0,3.9999999999999964
05-11-2025,Karnataka,Gadag,582118,1,0,0,0.99999999999998
05-11-2025,Karnataka,Gadag,582119,2,0,0,2.000000000000001
05-11-2025,Karnataka,Gadag,582203,3,0,0,3.0000000000000218
05-11-2025,Karnataka,Gadag,582207,5,0,0,5.000000000000064
05-11-2025,Karnataka,Gadag,582209,4,1,0,5.000000000000018
05-11-2025,Karnataka,Gadag,582211,3,1,0,3.9999999999999964
05-11-2025,Karnataka,Gulbarga,585103,1,1,0,1.999999999999955
05-11-2025,Karnataka,Gulbarga,585104,3,1,0,3.9999999999999964
05-11-2025,Karnataka,Gulbarga,585222,3,0,0,3.0000000000000218
05-11-2025,Karnataka,Gulbarga,585317,1,0,0,0.99999999999998
05-11-2025,Karnataka,Gulbarga,585325,3,1,0,3.9999999999999964
05-11-2025,Karnataka,Hasan,573111,1,0,0,0.99999999999998
05-11-2025,Karnataka,Hasan,573115,1,1,0,1.999999999999955
05-11-2025,Karnataka,Hasan,573116,1,0,0,0.99999999999998
05-11-2025,Karnataka,Hasan,573162,2,0,0,2.000000000000001
05-11-2025,Karnataka,Hasan,573212,1,0,0,0.99999999999998
05-11-2025,Karnataka,Hasan,573213,1,0,0,0.99999999999998
05-11-2025,Karnataka,Hassan,573210,1,0,0,0.99999999999998
05-11-2025,Karnataka,Hassan,573214,0,1,0,0.999999999999934
05-11-2025,Karnataka,Hassan,573215,1,0,0,0.99999999999998
05-11-2025,Karnataka,Haveri,581115,1,1,0,1.999999999999955
05-11-2025,Karnataka,Haveri,581120,2,0,0,2.000000000000001
05-11-2025,Karnataka,Haveri,581126,0,1,0,0.999999999999934
05-11-2025,Karnataka,Haveri,581145,1,0,0,0.99999999999998
05-11-2025,Karnataka,Haveri,581148,3,0,0,3.0000000000000218
05-11-2025,Karnataka,Haveri,581210,3,0,0,3.0000000000000218
05-11-2025,Karnataka,Haveri,581212,2,0,0,2.000000000000001
05-11-2025,Karnataka,Kalaburagi,585212,0,1,0,0.999999999999934
05-11-2025,Karnataka,Kalaburagi,585228,3,1,0,3.9999999999999964
05-11-2025,Karnataka,Kalaburagi,585313,1,0,0,0.99999999999998
05-11-2025,Karnataka,Kalaburagi,585316,2,1,0,2.999999999999976
05-11-2025,Karnataka,Kodagu,571231,1,0,0,0.99999999999998
05-11-2025,Karnataka,Kodagu,571234,1,0,0,0.99999999999998
05-11-2025,Karnataka,Kodagu,571253,1,0,0,0.99999999999998
05-11-2025,Karnataka,Kolar,563114,6,0,0,6.000000000000084
05-11-2025,Karnataka,Kolar,563129,10,1,0,11.000000000000142
05-11-2025,Karnataka,Kolar,563130,4,1,0,5.000000000000018
05-11-2025,Karnataka,Kolar,563134,2,0,0,2.000000000000001
05-11-2025,Karnataka,Kolar,563136,4,1,0,5.000000000000018
05-11-2025,Karnataka,Kolar,563137,2,0,0,2.000000000000001
05-11-2025,Karnataka,Kolar,563139,2,0,0,2.000000000000001
05-11-2025,Karnataka,Kolar,563162,1,0,0,0.99999999999998
05-11-2025,Karnataka,Koppal,583229,11,0,0,11.000000000000188
05-11-2025,Karnataka,Koppal,583235,1,1,0,1.999999999999955
05-11-2025,Karnataka,Koppal,583268,1,0,0,0.99999999999998
05-11-2025,Karnataka,Koppal,583279,3,0,0,3.0000000000000218
05-11-2025,Karnataka,Mandya,571421,2,0,0,2.000000000000001
05-11-2025,Karnataka,Mandya,571422,3,0,0,3.0000000000000218
05-11-2025,Karnataka,Mandya,571424,2,0,0,2.000000000000001
05-11-2025,Karnataka,Mandya,571434,3,0,0,3.0000000000000218
05-11-2025,Karnataka,Mandya,571436,2,0,0,2.000000000000001
05-11-2025,Karnataka,Mandya,571455,1,0,0,0.99999999999998
05-11-2025,Karnataka,Mysore,570007,2,0,0,2.000000000000001
05-11-2025,Karnataka,Mysore,570010,1,0,0,0.99999999999998
05-11-2025,Karnataka,Mysore,570016,1,1,0,1.999999999999955
05-11-2025,Karnataka,Mysore,570023,2,1,0,2.999999999999976
05-11-2025,Karnataka,Mysore,571101,1,0,0,0.99999999999998
05-11-2025,Karnataka,Mysore,571114,3,0,0,3.0000000000000218
05-11-2025,Karnataka,Mysuru,570026,1,0,2,2.999999999999951
05-11-2025,Karnataka,Mysuru,571101,2,0,0,2.000000000000001
05-11-2025,Karnataka,Mysuru,571104,1,0,2,2.999999999999951
05-11-2025,Karnataka,Mysuru,571134,1,0,0,0.99999999999998
05-11-2025,Karnataka,Mysuru,571187,1,0,0,0.99999999999998
05-11-2025,Karnataka,Mysuru,571301,1,0,0,0.99999999999998
05-11-2025,Karnataka,Mysuru,571617,1,0,0,0.99999999999998
05-11-2025,Karnataka,Raichur,584111,8,2,0,10.000000000000076
05-11-2025,Karnataka,Raichur,584122,7,1,0,8.00000000000008
05-11-2025,Karnataka,Raichur,584126,3,3,0,5.999999999999947
05-11-2025,Karnataka,Raichur,584132,9,1,1,11.000000000000108
05-11-2025,Karnataka,Raichur,584167,3,1,0,3.9999999999999964
05-11-2025,Karnataka,Ramanagar,562120,5,1,0,6.000000000000038
05-11-2025,Karnataka,Shimoga,577302,3,0,0,3.0000000000000218
05-11-2025,Karnataka,Shimoga,577413,1,0,0,0.99999999999998
05-11-2025,Karnataka,Shimoga,577419,2,0,0,2.000000000000001
05-11-2025,Karnataka,Shimoga,577436,1,0,0,0.99999999999998
05-11-2025,Karnataka,Shivamogga,577211,1,0,0,0.99999999999998
05-11-2025,Karnataka,Shivamogga,577245,1,0,0,0.99999999999998
05-11-2025,Karnataka,Shivamogga,577429,3,0,0,3.0000000000000218
05-11-2025,Karnataka,Tumakuru,572101,2,0,0,2.000000000000001
05-11-2025,Karnataka,Tumakuru,572112,1,0,0,0.99999999999998
05-11-2025,Karnataka,Tumakuru,572120,2,0,0,2.000000000000001
05-11-2025,Karnataka,Tumakuru,572142,1,0,0,0.99999999999998
05-11-2025,Karnataka,Tumakuru,572228,1,0,0,0.99999999999998
05-11-2025,Karnataka,Tumkur,572124,1,0,0,0.99999999999998
05-11-2025,Karnataka,Tumkur,572126,1,0,0,0.99999999999998
05-11-2025,Karnataka,Tumkur,572127,0,1,0,0.999999999999934
05-11-2025,Karnataka,Tumkur,572140,1,0,0,0.99999999999998
05-11-2025,Karnataka,Tumkur,572141,1,0,0,0.99999999999998
05-11-2025,Karnataka,Tumkur,572214,1,0,0,0.99999999999998
05-11-2025,Karnataka,Udupi,574118,0,1,0,0.999999999999934
05-11-2025,Karnataka,Udupi,576112,1,0,0,0.99999999999998
05-11-2025,Karnataka,Udupi,576214,1,0,0,0.99999999999998
05-11-2025,Karnataka,Uttara Kannada,581121,2,0,0,2.000000000000001
05-11-2025,Karnataka,Uttara Kannada,581314,2,0,0,2.000000000000001
05-11-2025,Karnataka,Uttara Kannada,581329,3,0,0,3.0000000000000218
05-11-2025,Karnataka,Vijayanagara,583136,1,1,0,1.999999999999955
05-11-2025,Karnataka,Vijayanagara,583212,1,0,0,0.99999999999998
05-11-2025,Karnataka,Vijayapura,586104,1,0,0,0.99999999999998
05-11-2025,Karnataka,Vijayapura,586124,1,1,0,1.999999999999955
05-11-2025,Karnataka,Vijayapura,586202,0,1,0,0.999999999999934
05-11-2025,Karnataka,Vijayapura,586209,1,0,0,0.99999999999998
05-11-2025,Karnataka,Vijayapura,586216,1,0,0,0.99999999999998
05-11-2025,Karnataka,Yadgir,585216,16,1,0,17.00000000000027
05-11-2025,Karnataka,Yadgir,585224,2,0,0,2.000000000000001
05-11-2025,Karnataka,Yadgir,585309,8,1,0,9.000000000000101
05-11-2025,Karnataka,yadgir,585215,1,0,0,0.99999999999998
01-09-2025,Karnataka,Bagalkot,587112,0,0,1,0.9999999999999446
01-09-2025,Karnataka,Bagalkot,587113,3,0,0,3.0000000000000218
01-09-2025,Karnataka,Bagalkot,587116,15,0,0,15.000000000000272
01-09-2025,Karnataka,Bagalkot,587204,7,0,0,7.000000000000105
01-09-2025,Karnataka,Bagalkot,587313,10,1,0,11.000000000000142
01-09-2025,Karnataka,Ballari,583103,5,0,0,5.000000000000064
01-09-2025,Karnataka,Ballari,583123,4,0,0,4.000000000000043
01-09-2025,Karnataka,Ballari,583129,4,2,1,6.999999999999979
01-09-2025,Karnataka,Ballari,583135,1,0,0,0.99999999999998
01-09-2025,Karnataka,Bangalore,560001,1,0,0,0.99999999999998
01-09-2025,Karnataka,Bangalore,560009,1,0,0,0.99999999999998
01-09-2025,Karnataka,Bangalore,560021,3,0,0,3.0000000000000218
01-09-2025,Karnataka,Bangalore,560026,2,2,0,3.9999999999999507
01-09-2025,Karnataka,Bangalore,560036,2,0,0,2.000000000000001
01-09-2025,Karnataka,Bangalore,560045,1,0,0,0.99999999999998
01-09-2025,Karnataka,Bangalore,560060,2,0,0,2.000000000000001
01-09-2025,Karnataka,Bangalore,560064,1,0,0,0.99999999999998
01-09-2025,Karnataka,Bangalore,560076,3,0,0,3.0000000000000218
01-09-2025,Karnataka,Bangalore,560079,1,0,0,0.99999999999998
01-09-2025,Karnataka,Bangalore,560083,1,0,0,0.99999999999998
01-09-2025,Karnataka,Bangalore,560091,7,0,0,7.000000000000105
01-09-2025,Karnataka,Bangalore,560100,3,0,0,3.0000000000000218
01-09-2025,Karnataka,Bangalore,562130,1,0,0,0.99999999999998
01-09-2025,Karnataka,Bangalore Rural,561205,2,0,0,2.000000000000001
01-09-2025,Karnataka,Bangalore Rural,562111,1,0,0,0.99999999999998
01-09-2025,Karnataka,Bangalore Rural,562135,1,0,0,0.99999999999998
01-09-2025,Karnataka,Belagavi,590016,4,2,0,5.999999999999993
01-09-2025,Karnataka,Belagavi,591104,2,0,0,2.000000000000001
01-09-2025,Karnataka,Belagavi,591118,1,0,0,0.99999999999998
01-09-2025,Karnataka,Belagavi,591121,2,0,0,2.000000000000001
01-09-2025,Karnataka,Belagavi,591127,4,0,0,4.000000000000043
01-09-2025,Karnataka,Belagavi,591129,2,0,0,2.000000000000001
01-09-2025,Karnataka,Belagavi,591201,2,0,0,2.000000000000001
01-09-2025,Karnataka,Belagavi,591217,1,0,0,0.99999999999998
01-09-2025,Karnataka,Belagavi,591232,3,0,0,3.0000000000000218
01-09-2025,Karnataka,Belagavi,591233,2,0,0,2.000000000000001
01-09-2025,Karnataka,Belagavi,591301,1,0,0,0.99999999999998
01-09-2025,Karnataka,Belagavi,591310,1,0,0,0.99999999999998
01-09-2025,Karnataka,Belagavi,591317,2,1,0,2.999999999999976
01-09-2025,Karnataka,Belgaum,590001,2,0,0,2.000000000000001
01-09-2025,Karnataka,Belgaum,590014,3,1,0,3.9999999999999964
01-09-2025,Karnataka,Belgaum,591112,1,0,0,0.99999999999998
01-09-2025,Karnataka,Belgaum,591114,4,2,0,5.999999999999993
01-09-2025,Karnataka,Belgaum,591117,2,0,0,2.000000000000001
01-09-2025,Karnataka,Belgaum,591123,7,0,0,7.000000000000105
01-09-2025,Karnataka,Belgaum,591126,2,0,0,2.000000000000001
01-09-2025,Karnataka,Belgaum,591130,1,1,0,1.999999999999955
01-09-2025,Karnataka,Belgaum,591211,1,0,0,0.99999999999998
01-09-2025,Karnataka,Belgaum,591224,1,0,0,0.99999999999998
01-09-2025,Karnataka,Belgaum,591227,1,0,0,0.99999999999998
01-09-2025,Karnataka,Belgaum,591232,0,1,0,0.999999999999934
01-09-2025,Karnataka,Belgaum,591238,3,0,0,3.0000000000000218
01-09-2025,Karnataka,Belgaum,591244,1,0,0,0.99999999999998
01-09-2025,Karnataka,Belgaum,591248,0,1,0,0.999999999999934
01-09-2025,Karnataka,Belgaum,591302,9,0,0,9.000000000000147
01-09-2025,Karnataka,Belgaum,591309,2,0,0,2.000000000000001
01-09-2025,Karnataka,Belgaum,591311,2,0,0,2.000000000000001
01-09-2025,Karnataka,Bellary,583103,7,1,0,8.00000000000008
01-09-2025,Karnataka,Bellary,583104,3,0,0,3.0000000000000218
01-09-2025,Karnataka,Bellary,583124,8,1,0,9.000000000000101
01-09-2025,Karnataka,Bellary,583212,7,2,0,9.000000000000055
01-09-2025,Karnataka,Bellary,583214,1,1,0,1.999999999999955
01-09-2025,Karnataka,Bengaluru,560005,2,2,0,3.9999999999999507
01-09-2025,Karnataka,Bengaluru,560016,4,0,0,4.000000000000043
01-09-2025,Karnataka,Bengaluru,560040,1,0,0,0.99999999999998
01-09-2025,Karnataka,Bengaluru,560048,1,0,1,1.9999999999999654
01-09-2025,Karnataka,Bengaluru,560064,8,2,0,10.000000000000076
01-09-2025,Karnataka,Bengaluru,560082,3,0,0,3.0000000000000218
01-09-2025,Karnataka,Bengaluru,560087,1,0,0,0.99999999999998
01-09-2025,Karnataka,Bengaluru,560102,1,0,1,1.9999999999999654
01-09-2025,Karnataka,Bengaluru,560105,1,1,0,1.999999999999955
01-09-2025,Karnataka,Bengaluru,560109,0,0,1,0.9999999999999446
01-09-2025,Karnataka,Bengaluru,562107,2,0,0,2.000000000000001
01-09-2025,Karnataka,Bengaluru,562130,2,0,0,2.000000000000001
01-09-2025,Karnataka,Bidar,585226,9,3,0,12.000000000000071
01-09-2025,Karnataka,Bidar,585421,4,0,0,4.000000000000043
01-09-2025,Karnataka,Bijapur,586103,1,0,0,0.99999999999998
01-09-2025,Karnataka,Bijapur,586114,2,0,0,2.000000000000001
01-09-2025,Karnataka,Bijapur,586128,5,0,0,5.000000000000064
01-09-2025,Karnataka,Bijapur,586129,1,1,0,1.999999999999955
01-09-2025,Karnataka,Bijapur,586212,1,0,0,0.99999999999998
01-09-2025,Karnataka,Bijapur,586214,1,2,0,2.99999999999993
01-09-2025,Karnataka,Chamarajanagar,571440,3,0,0,3.0000000000000218
01-09-2025,Karnataka,Chamrajanagar,571127,3,1,0,3.9999999999999964
01-09-2025,Karnataka,Chamrajanagar,571342,1,0,0,0.99999999999998
01-09-2025,Karnataka,Chamrajnagar,571111,1,0,0,0.99999999999998
01-09-2025,Karnataka,Chickmagalur,577547,2,0,0,2.000000000000001
01-09-2025,Karnataka,Chikkaballapur,563124,4,2,0,5.999999999999993
01-09-2025,Karnataka,Chikkaballapur,563146,2,0,0,2.000000000000001
01-09-2025,Karnataka,Chitradurga,577502,1,1,0,1.999999999999955
01-09-2025,Karnataka,Chitradurga,577520,2,0,0,2.000000000000001
01-09-2025,Karnataka,Chitradurga,577521,3,0,0,3.0000000000000218
01-09-2025,Karnataka,Chitradurga,577526,1,0,0,0.99999999999998
01-09-2025,Karnataka,Chitradurga,577597,1,0,0,0.99999999999998
01-09-2025,Karnataka,Chitradurga,577599,1,0,0,0.99999999999998
01-09-2025,Karnataka,Dakshina Kannada,574199,1,0,0,0.99999999999998
01-09-2025,Karnataka,Dakshina Kannada,574216,1,0,0,0.99999999999998
01-09-2025,Karnataka,Dakshina Kannada,574217,4,0,0,4.000000000000043
01-09-2025,Karnataka,Dakshina Kannada,574325,2,0,0,2.000000000000001
01-09-2025,Karnataka,Dakshina Kannada,575005,1,0,0,0.99999999999998
01-09-2025,Karnataka,Dakshina Kannada,575008,1,0,0,0.99999999999998
01-09-2025,Karnataka,Dakshina Kannada,575019,2,0,0,2.000000000000001
01-09-2025,Karnataka,Dakshina Kannada,575027,1,0,0,0.99999999999998
01-09-2025,Karnataka,Dakshina Kannada,575029,1,0,0,0.99999999999998
01-09-2025,Karnataka,Davanagere,583127,0,1,0,0.999999999999934
01-09-2025,Karnataka,Davangere,577003,1,0,0,0.99999999999998
01-09-2025,Karnataka,Davangere,577513,1,0,0,0.99999999999998
01-09-2025,Karnataka,Davangere,577528,2,0,1,2.9999999999999862
01-09-2025,Karnataka,Davangere,577556,2,0,0,2.000000000000001
01-09-2025,Karnataka,Davangere,577589,1,0,0,0.99999999999998
01-09-2025,Karnataka,Davangere,583125,2,0,0,2.000000000000001
01-09-2025,Karnataka,Dharwad,580004,1,0,1,1.9999999999999654
01-09-2025,Karnataka,Dharwad,580005,2,0,0,2.000000000000001
01-09-2025,Karnataka,Dharwad,580020,6,0,0,6.000000000000084
01-09-2025,Karnataka,Dharwad,580023,4,0,0,4.000000000000043
01-09-2025,Karnataka,Dharwad,580028,8,1,0,9.000000000000101
01-09-2025,Karnataka,Dharwad,580030,0,1,0,0.999999999999934
01-09-2025,Karnataka,Dharwad,580118,1,0,0,0.99999999999998
01-09-2025,Karnataka,Dharwad,581204,12,0,0,12.00000000000021
01-09-2025,Karnataka,Dharwad,581207,1,0,0,0.99999999999998
01-09-2025,Karnataka,Gadag,582118,8,0,0,8.000000000000126
01-09-2025,Karnataka,Gadag,582120,5,0,0,5.000000000000064
01-09-2025,Karnataka,Gulbarga,585218,0,1,0,0.999999999999934
01-09-2025,Karnataka,Gulbarga,585222,3,0,0,3.0000000000000218
01-09-2025,Karnataka,Gulbarga,585301,3,0,0,3.0000000000000218
01-09-2025,Karnataka,Gulbarga,585311,2,0,0,2.000000000000001
01-09-2025,Karnataka,Gulbarga,585313,6,0,0,6.000000000000084
01-09-2025,Karnataka,Gulbarga,585325,1,0,0,0.99999999999998
01-09-2025,Karnataka,Hasan,573111,1,0,0,0.99999999999998
01-09-2025,Karnataka,Hasan,573116,2,0,0,2.000000000000001
01-09-2025,Karnataka,Hasan,573124,2,0,0,2.000000000000001
01-09-2025,Karnataka,Hasan,573127,1,0,0,0.99999999999998
01-09-2025,Karnataka,Hasan,573220,2,0,0,2.000000000000001
01-09-2025,Karnataka,Hassan,573103,2,0,0,2.000000000000001
01-09-2025,Karnataka,Hassan,573135,1,0,0,0.99999999999998
01-09-2025,Karnataka,Hassan,573137,1,0,0,0.99999999999998
01-09-2025,Karnataka,Hassan,573212,1,1,0,1.999999999999955
01-09-2025,Karnataka,Haveri,581104,6,1,0,7.0000000000000595
01-09-2025,Karnataka,Haveri,581120,7,0,0,7.000000000000105
01-09-2025,Karnataka,Haveri,581202,1,1,0,1.999999999999955
01-09-2025,Karnataka,Haveri,581211,3,0,0,3.0000000000000218
01-09-2025,Karnataka,Kalaburagi,585106,3,0,0,3.0000000000000218
01-09-2025,Karnataka,Kalaburagi,585212,1,1,0,1.999999999999955
01-09-2025,Karnataka,Kalaburagi,585228,2,0,0,2.000000000000001
01-09-2025,Karnataka,Kalaburagi,585303,1,0,0,0.99999999999998
01-09-2025,Karnataka,Kalaburagi,585310,4,1,0,5.000000000000018
01-09-2025,Karnataka,Kalaburagi,585311,4,1,0,5.000000000000018
01-09-2025,Karnataka,Kalaburagi,585312,3,1,0,3.9999999999999964
01-09-2025,Karnataka,Kalaburagi,585322,0,1,0,0.999999999999934
01-09-2025,Karnataka,Kodagu,571201,4,0,0,4.000000000000043
01-09-2025,Karnataka,Kodagu,571254,0,0,1,0.9999999999999446
01-09-2025,Karnataka,Kolar,563129,7,0,0,7.000000000000105
01-09-2025,Karnataka,Kolar,563135,10,0,0,10.000000000000169
01-09-2025,Karnataka,Kolar,563136,1,0,0,0.99999999999998
01-09-2025,Karnataka,Kolar,563161,1,0,0,0.99999999999998
01-09-2025,Karnataka,Koppal,583235,0,1,0,0.999999999999934
01-09-2025,Karnataka,Koppal,583277,9,1,0,10.000000000000123
01-09-2025,Karnataka,Koppal,583282,2,1,0,2.999999999999976
01-09-2025,Karnataka,Mandya,571417,2,0,0,2.000000000000001
01-09-2025,Karnataka,Mandya,571424,3,0,0,3.0000000000000218
01-09-2025,Karnataka,Mandya,571425,4,1,0,5.000000000000018
01-09-2025,Karnataka,Mandya,571427,1,0,0,0.99999999999998
01-09-2025,Karnataka,Mandya,571812,2,0,0,2.000000000000001
01-09-2025,Karnataka,Mysore,570001,0,1,0,0.999999999999934
01-09-2025,Karnataka,Mysore,571101,1,0,0,0.99999999999998
01-09-2025,Karnataka,Mysore,571124,3,0,0,3.0000000000000218
01-09-2025,Karnataka,Mysore,571125,1,0,0,0.99999999999998
01-09-2025,Karnataka,Mysore,571187,5,0,0,5.000000000000064
01-09-2025,Karnataka,Mysore,571312,1,0,0,0.99999999999998
01-09-2025,Karnataka,Mysore,571442,1,0,0,0.99999999999998
01-09-2025,Karnataka,Mysuru,570001,1,0,0,0.99999999999998
01-09-2025,Karnataka,Mysuru,570004,1,0,0,0.99999999999998
01-09-2025,Karnataka,Mysuru,570008,2,1,0,2.999999999999976
01-09-2025,Karnataka,Mysuru,570010,1,0,0,0.99999999999998
01-09-2025,Karnataka,Mysuru,570019,10,2,0,12.000000000000117
01-09-2025,Karnataka,Mysuru,570026,1,0,0,0.99999999999998
01-09-2025,Karnataka,Mysuru,571102,5,0,0,5.000000000000064
01-09-2025,Karnataka,Mysuru,571105,16,7,10,32.99999999999997
01-09-2025,Karnataka,Mysuru,571106,0,0,2,1.99999999999993
01-09-2025,Karnataka,Mysuru,571120,2,0,0,2.000000000000001
01-09-2025,Karnataka,Mysuru,571602,4,0,0,4.000000000000043
01-09-2025,Karnataka,Raichur,584102,5,1,0,6.000000000000038
01-09-2025,Karnataka,Raichur,584111,7,6,0,12.999999999999954
01-09-2025,Karnataka,Raichur,584143,0,1,0,0.999999999999934
01-09-2025,Karnataka,Raichur,584203,1,1,0,1.999999999999955
01-09-2025,Karnataka,Ramanagar,562119,3,0,0,3.0000000000000218
01-09-2025,Karnataka,Ramanagar,562120,2,0,0,2.000000000000001
01-09-2025,Karnataka,Ramanagar,562131,3,0,0,3.0000000000000218
01-09-2025,Karnataka,Ramanagar,562138,5,1,0,6.000000000000038
01-09-2025,Karnataka,Shimoga,577225,1,0,0,0.99999999999998
01-09-2025,Karnataka,Shimoga,577243,1,0,0,0.99999999999998
01-09-2025,Karnataka,Shimoga,577245,1,0,0,0.99999999999998
01-09-2025,Karnataka,Shimoga,577416,1,0,0,0.99999999999998
01-09-2025,Karnataka,Shimoga,577432,1,0,0,0.99999999999998
01-09-2025,Karnataka,Shivamogga,577204,1,0,0,0.99999999999998
01-09-2025,Karnataka,Shivamogga,577229,4,0,0,4.000000000000043
01-09-2025,Karnataka,Shivamogga,577301,3,0,0,3.0000000000000218
01-09-2025,Karnataka,Shivamogga,577412,1,0,0,0.99999999999998
01-09-2025,Karnataka,Shivamogga,577427,1,0,0,0.99999999999998
01-09-2025,Karnataka,Shivamogga,577429,2,0,0,2.000000000000001
01-09-2025,Karnataka,Tumakuru,572106,1,0,0,0.99999999999998
01-09-2025,Karnataka,Tumakuru,572118,3,0,0,3.0000000000000218
01-09-2025,Karnataka,Tumakuru,572122,1,0,0,0.99999999999998
01-09-2025,Karnataka,Tumakuru,572126,1,0,0,0.99999999999998
01-09-2025,Karnataka,Tumakuru,572213,1,0,0,0.99999999999998
01-09-2025,Karnataka,Tumkur,572117,5,0,0,5.000000000000064
01-09-2025,Karnataka,Tumkur,572127,1,0,0,0.99999999999998
01-09-2025,Karnataka,Tumkur,572129,1,0,0,0.99999999999998
01-09-2025,Karnataka,Tumkur,572137,4,1,0,5.000000000000018
01-09-2025,Karnataka,Tumkur,572138,3,0,0,3.0000000000000218
01-09-2025,Karnataka,Tumkur,572139,2,0,0,2.000000000000001
01-09-2025,Karnataka,Tumkur,572175,1,0,0,0.99999999999998
01-09-2025,Karnataka,Tumkur,572216,1,0,0,0.99999999999998
01-09-2025,Karnataka,Udupi,574105,2,0,0,2.000000000000001
01-09-2025,Karnataka,Udupi,574115,1,0,0,0.99999999999998
01-09-2025,Karnataka,Udupi,574118,3,0,0,3.0000000000000218
01-09-2025,Karnataka,Udupi,574122,0,1,0,0.999999999999934
01-09-2025,Karnataka,Udupi,576104,2,0,0,2.000000000000001
01-09-2025,Karnataka,Udupi,576113,3,0,0,3.0000000000000218
01-09-2025,Karnataka,Udupi,576210,4,0,0,4.000000000000043
01-09-2025,Karnataka,Udupi,576217,1,0,0,0.99999999999998
01-09-2025,Karnataka,Udupi,576222,3,1,0,3.9999999999999964
01-09-2025,Karnataka,Uttara Kannada,581129,1,0,0,0.99999999999998
01-09-2025,Karnataka,Uttara Kannada,581301,0,1,0,0.999999999999934
01-09-2025,Karnataka,Uttara Kannada,581344,1,0,0,0.99999999999998
01-09-2025,Karnataka,Uttara Kannada,581358,1,0,0,0.99999999999998
01-09-2025,Karnataka,Vijayanagara,583135,4,0,1,5.000000000000028
01-09-2025,Karnataka,Vijayanagara,583212,2,1,0,2.999999999999976
01-09-2025,Karnataka,Vijayanagara,583224,1,0,0,0.99999999999998
01-09-2025,Karnataka,Vijayapura,586104,6,3,0,9.000000000000009
01-09-2025,Karnataka,Vijayapura,586113,1,0,0,0.99999999999998
01-09-2025,Karnataka,Vijayapura,586117,1,1,0,1.999999999999955
01-09-2025,Karnataka,Vijayapura,586124,4,2,0,5.999999999999993
01-09-2025,Karnataka,Vijayapura,586130,2,1,0,2.999999999999976
01-09-2025,Karnataka,Vijayapura,586204,3,1,0,3.9999999999999964
01-09-2025,Karnataka,Vijayapura,586217,1,0,0,0.99999999999998
01-09-2025,Karnataka,Vijayapura,586245,0,2,0,1.999999999999909
01-09-2025,Karnataka,Yadgir,585202,3,5,0,7.999999999999897
01-09-2025,Karnataka,Yadgir,585218,1,0,0,0.99999999999998
01-09-2025,Karnataka,Yadgir,585224,1,0,0,0.99999999999998
01-09-2025,Karnataka,Yadgir,585237,6,1,0,7.0000000000000595
01-09-2025,Karnataka,Yadgir,585323,2,0,0,2.000000000000001
01-09-2025,Karnataka,yadgir,585216,0,1,0,0.999999999999934
01-04-2025,Karnataka,Yadgir,585290,242,45,11,298.0000000000037
01-04-2025,Karnataka,Bengaluru,560048,98,27,19,144.00000000000105
01-04-2025,Karnataka,Bengaluru,560064,325,45,40,410.000000000005
01-04-2025,Karnataka,Yadgir,585202,294,44,10,348.00000000000483
01-05-2025,Karnataka,Bengaluru,560045,187,65,15,267.000000000002
01-05-2025,Karnataka,Bangalore Rural,560067,49,15,12,76.00000000000043
01-05-2025,Karnataka,Bangalore Rural,562114,127,20,17,164.00000000000188
01-05-2025,Karnataka,Bengaluru,560008,20,20,12,51.999999999999694
01-05-2025,Karnataka,Bengaluru,560078,96,64,14,174.00000000000017
01-05-2025,Karnataka,Bengaluru,560064,157,83,29,269.00000000000074
01-06-2025,Karnataka,Bengaluru Urban,560010,93,31,28,152.00000000000074
01-06-2025,Karnataka,Bengaluru Urban,560091,268,87,29,384.00000000000296
01-06-2025,Karnataka,Bengaluru Urban,560092,68,33,24,125.00000000000018
01-06-2025,Karnataka,Bengaluru Urban,560047,108,62,10,180.00000000000054
01-06-2025,Karnataka,Bengaluru Urban,560058,131,42,23,196.0000000000013
01-06-2025,Karnataka,Bengaluru Urban,560035,97,86,122,304.999999999998
01-07-2025,Karnataka,Bengaluru Urban,560008,78,42,26,146.00000000000017
01-07-2025,Karnataka,Bengaluru Urban,560092,52,26,32,109.99999999999991
01-07-2025,Karnataka,Bengaluru Urban,560041,81,38,13,132.0000000000005
01-07-2025,Karnataka,Bengaluru Urban,560076,253,154,52,459.0000000000006
01-07-2025,Karnataka,Bengaluru Urban,560099,127,92,22,241.0
01-07-2025,Karnataka,Bengaluru Urban,560103,62,76,45,182.99999999999872
01-07-2025,Karnataka,Bengaluru Urban,560017,47,49,16,111.99999999999949
01-07-2025,Karnataka,Bengaluru Urban,560064,311,119,65,495.0000000000025
01-07-2025,Karnataka,Bidar,585437,107,52,10,169.00000000000077
01-07-2025,Karnataka,Bengaluru Urban,560032,318,106,30,454.00000000000347
01-07-2025,Karnataka,Bengaluru Urban,560035,105,97,83,284.9999999999985
09-03-2025,Karnataka,Bengaluru Urban,560016,14,16,21,50.999999999999545
20-03-2025,Karnataka,Bengaluru Urban,560035,16,10,13,38.99999999999985
20-03-2025,Karnataka,Bengaluru Urban,560036,28,12,13,53.00000000000005
01-04-2025,Karnataka,Bengaluru,560087,131,28,34,193.0000000000015
01-04-2025,Karnataka,Bengaluru,560102,61,12,22,95.0000000000006
03-09-2025,Karnataka,Bagalkot,587114,2,1,0,2.999999999999976
03-09-2025,Karnataka,Bagalkot,587117,1,1,0,1.999999999999955
03-09-2025,Karnataka,Bagalkot,587155,5,1,0,6.000000000000038
03-09-2025,Karnataka,Bagalkot,587301,11,0,0,11.000000000000188
03-09-2025,Karnataka,Bagalkot,587312,1,0,0,0.99999999999998
03-09-2025,Karnataka,Ballari,583102,6,0,1,7.00000000000007
03-09-2025,Karnataka,Ballari,583103,2,0,0,2.000000000000001
03-09-2025,Karnataka,Ballari,583117,4,0,0,4.000000000000043
03-09-2025,Karnataka,Ballari,583121,1,0,0,0.99999999999998
03-09-2025,Karnataka,Ballari,583123,3,0,0,3.0000000000000218
03-09-2025,Karnataka,Ballari,583201,1,0,0,0.99999999999998
03-09-2025,Karnataka,Ballari,583212,2,1,0,2.999999999999976
03-09-2025,Karnataka,Ballari,583220,2,0,0,2.000000000000001
03-09-2025,Karnataka,Bangalore,560015,1,0,0,0.99999999999998
03-09-2025,Karnataka,Bangalore,560018,1,0,0,0.99999999999998
03-09-2025,Karnataka,Bangalore,560029,1,0,0,0.99999999999998
03-09-2025,Karnataka,Bangalore,560033,2,0,0,2.000000000000001
03-09-2025,Karnataka,Bangalore,560045,3,0,0,3.0000000000000218
03-09-2025,Karnataka,Bangalore,560048,1,0,0,0.99999999999998
03-09-2025,Karnataka,Bangalore,560049,1,0,0,0.99999999999998
03-09-2025,Karnataka,Bangalore,560056,0,1,0,0.999999999999934
03-09-2025,Karnataka,Bangalore,560070,3,0,0,3.0000000000000218
03-09-2025,Karnataka,Bangalore,560076,1,0,0,0.99999999999998
03-09-2025,Karnataka,Bangalore,562106,2,0,0,2.000000000000001
03-09-2025,Karnataka,Bangalore,562149,0,1,0,0.999999999999934
03-09-2025,Karnataka,Bangalore,562157,2,0,0,2.000000000000001
03-09-2025,Karnataka,Bangalore Rural,561203,6,0,0,6.000000000000084
03-09-2025,Karnataka,Belagavi,590003,2,0,0,2.000000000000001
03-09-2025,Karnataka,Belagavi,590016,3,1,0,3.9999999999999964
03-09-2025,Karnataka,Belagavi,590019,1,0,0,0.99999999999998
03-09-2025,Karnataka,Belagavi,591107,2,0,0,2.000000000000001
03-09-2025,Karnataka,Belagavi,591109,3,0,0,3.0000000000000218
03-09-2025,Karnataka,Belagavi,591111,0,1,0,0.999999999999934
03-09-2025,Karnataka,Belagavi,591118,1,0,0,0.99999999999998
03-09-2025,Karnataka,Belagavi,591124,1,0,0,0.99999999999998
03-09-2025,Karnataka,Belagavi,591131,3,0,0,3.0000000000000218
03-09-2025,Karnataka,Belagavi,591156,2,0,0,2.000000000000001
03-09-2025,Karnataka,Belagavi,591213,2,0,0,2.000000000000001
03-09-2025,Karnataka,Belagavi,591226,2,0,0,2.000000000000001
03-09-2025,Karnataka,Belagavi,591227,1,0,0,0.99999999999998
03-09-2025,Karnataka,Belagavi,591243,4,3,0,6.999999999999967
03-09-2025,Karnataka,Belagavi,591244,2,0,0,2.000000000000001
03-09-2025,Karnataka,Belagavi,591302,7,0,0,7.000000000000105
03-09-2025,Karnataka,Belagavi,591303,1,0,0,0.99999999999998
03-09-2025,Karnataka,Belagavi,591310,2,0,0,2.000000000000001
03-09-2025,Karnataka,Belagavi,591311,4,0,0,4.000000000000043
03-09-2025,Karnataka,Belagavi,591317,3,1,0,3.9999999999999964
03-09-2025,Karnataka,Belagavi,591344,1,0,0,0.99999999999998
03-09-2025,Karnataka,Belgaum,591112,1,0,0,0.99999999999998
03-09-2025,Karnataka,Belgaum,591118,1,0,0,0.99999999999998
03-09-2025,Karnataka,Belgaum,591131,1,0,0,0.99999999999998
03-09-2025,Karnataka,Belgaum,591147,1,0,0,0.99999999999998
03-09-2025,Karnataka,Belgaum,591201,1,0,0,0.99999999999998
03-09-2025,Karnataka,Belgaum,591265,0,1,0,0.999999999999934
03-09-2025,Karnataka,Belgaum,591302,1,1,0,1.999999999999955
03-09-2025,Karnataka,Belgaum,591309,1,0,0,0.99999999999998
03-09-2025,Karnataka,Belgaum,591317,5,1,0,6.000000000000038
03-09-2025,Karnataka,Bellary,583113,3,0,0,3.0000000000000218
03-09-2025,Karnataka,Bellary,583123,3,0,0,3.0000000000000218
03-09-2025,Karnataka,Bellary,583130,1,1,0,1.999999999999955
03-09-2025,Karnataka,Bellary,583214,1,0,0,0.99999999999998
03-09-2025,Karnataka,Bellary,583220,0,1,0,0.999999999999934
03-09-2025,Karnataka,Bengaluru,560004,1,1,2,3.999999999999926
03-09-2025,Karnataka,Bengaluru,560017,0,0,1,0.9999999999999446
03-09-2025,Karnataka,Bengaluru,560020,1,0,0,0.99999999999998
03-09-2025,Karnataka,Bengaluru,560032,8,1,2,11.000000000000073
03-09-2025,Karnataka,Bengaluru,560036,2,0,3,4.999999999999957
03-09-2025,Karnataka,Bengaluru,560048,1,1,0,1.999999999999955
03-09-2025,Karnataka,Bengaluru,560056,2,0,0,2.000000000000001
03-09-2025,Karnataka,Bengaluru,560060,2,2,0,3.9999999999999507
03-09-2025,Karnataka,Bengaluru,560078,1,2,0,2.99999999999993
03-09-2025,Karnataka,Bengaluru,560083,3,0,0,3.0000000000000218
03-09-2025,Karnataka,Bengaluru,560100,1,0,1,1.9999999999999654
03-09-2025,Karnataka,Bengaluru,562106,4,0,0,4.000000000000043
03-09-2025,Karnataka,Bengaluru,562130,3,0,0,3.0000000000000218
03-09-2025,Karnataka,Bidar,585327,7,2,0,9.000000000000055
03-09-2025,Karnataka,Bidar,585329,2,0,0,2.000000000000001
03-09-2025,Karnataka,Bidar,585331,1,0,1,1.9999999999999654
03-09-2025,Karnataka,Bidar,585353,1,1,0,1.999999999999955
03-09-2025,Karnataka,Bidar,585402,3,1,0,3.9999999999999964
03-09-2025,Karnataka,Bijapur,586101,2,0,0,2.000000000000001
03-09-2025,Karnataka,Bijapur,586113,4,0,0,4.000000000000043
03-09-2025,Karnataka,Bijapur,586117,2,3,0,4.999999999999925
03-09-2025,Karnataka,Bijapur,586120,1,0,0,0.99999999999998
03-09-2025,Karnataka,Bijapur,586124,4,1,0,5.000000000000018
03-09-2025,Karnataka,Bijapur,586201,2,0,0,2.000000000000001
03-09-2025,Karnataka,Bijapur,586206,0,1,0,0.999999999999934
03-09-2025,Karnataka,Bijapur,586208,3,0,0,3.0000000000000218
03-09-2025,Karnataka,Bijapur,586212,1,0,0,0.99999999999998
03-09-2025,Karnataka,Bijapur,586213,1,0,0,0.99999999999998
03-09-2025,Karnataka,Bijapur,586215,7,2,0,9.000000000000055
03-09-2025,Karnataka,Bijapur,586245,0,1,0,0.999999999999934
03-09-2025,Karnataka,Chamarajanagar,571440,1,0,0,0.99999999999998
03-09-2025,Karnataka,Chamarajanagar,571441,1,0,0,0.99999999999998
03-09-2025,Karnataka,Chamrajanagar,571109,1,0,0,0.99999999999998
03-09-2025,Karnataka,Chamrajanagar,571127,3,1,0,3.9999999999999964
03-09-2025,Karnataka,Chamrajanagar,571442,1,0,0,0.99999999999998
03-09-2025,Karnataka,Chamrajanagar,571490,0,1,0,0.999999999999934
03-09-2025,Karnataka,Chickmagalur,577116,3,0,0,3.0000000000000218
03-09-2025,Karnataka,Chickmagalur,577133,1,0,0,0.99999999999998
03-09-2025,Karnataka,Chickmagalur,577139,0,1,0,0.999999999999934
03-09-2025,Karnataka,Chickmagalur,577175,1,0,0,0.99999999999998
03-09-2025,Karnataka,Chickmagalur,577182,1,0,0,0.99999999999998
03-09-2025,Karnataka,Chickmagalur,577547,0,1,0,0.999999999999934
03-09-2025,Karnataka,Chickmagalur,577549,1,0,0,0.99999999999998
03-09-2025,Karnataka,Chickmagalur,577550,1,0,0,0.99999999999998
03-09-2025,Karnataka,Chikkaballapur,561209,1,1,0,1.999999999999955
03-09-2025,Karnataka,Chikkaballapur,562105,3,1,0,3.9999999999999964
03-09-2025,Karnataka,Chikkamagaluru,577132,2,0,0,2.000000000000001
03-09-2025,Karnataka,Chitradurga,577518,2,0,0,2.000000000000001
03-09-2025,Karnataka,Chitradurga,577526,4,0,0,4.000000000000043
03-09-2025,Karnataka,Chitradurga,577535,1,1,0,1.999999999999955
03-09-2025,Karnataka,Chitradurga,577541,1,0,0,0.99999999999998
03-09-2025,Karnataka,Chitradurga,577557,3,0,0,3.0000000000000218
03-09-2025,Karnataka,Dakshina Kannada,574197,0,1,0,0.999999999999934
03-09-2025,Karnataka,Dakshina Kannada,574211,1,0,0,0.99999999999998
03-09-2025,Karnataka,Dakshina Kannada,574224,2,0,0,2.000000000000001
03-09-2025,Karnataka,Dakshina Kannada,574259,1,0,0,0.99999999999998
03-09-2025,Karnataka,Dakshina Kannada,574326,1,0,0,0.99999999999998
03-09-2025,Karnataka,Dakshina Kannada,575008,1,0,0,0.99999999999998
03-09-2025,Karnataka,Dakshina Kannada,575011,1,1,0,1.999999999999955
03-09-2025,Karnataka,Dakshina Kannada,575013,1,0,0,0.99999999999998
03-09-2025,Karnataka,Dakshina Kannada,575030,1,1,0,1.999999999999955
03-09-2025,Karnataka,Davanagere,577001,2,0,0,2.000000000000001
03-09-2025,Karnataka,Davanagere,577006,1,0,0,0.99999999999998
03-09-2025,Karnataka,Davangere,577217,3,0,0,3.0000000000000218
03-09-2025,Karnataka,Davangere,577556,1,0,0,0.99999999999998
03-09-2025,Karnataka,Davangere,583213,2,1,0,2.999999999999976
03-09-2025,Karnataka,Dharwad,580023,6,0,0,6.000000000000084
03-09-2025,Karnataka,Dharwad,580025,2,0,0,2.000000000000001
03-09-2025,Karnataka,Dharwad,580029,1,0,0,0.99999999999998
03-09-2025,Karnataka,Dharwad,580032,1,0,0,0.99999999999998
03-09-2025,Karnataka,Dharwad,580112,1,0,0,0.99999999999998
03-09-2025,Karnataka,Dharwad,581204,10,0,0,10.000000000000169
03-09-2025,Karnataka,Dharwad,581209,2,0,0,2.000000000000001
03-09-2025,Karnataka,Gadag,582103,5,1,0,6.000000000000038
03-09-2025,Karnataka,Gadag,582112,6,0,0,6.000000000000084
03-09-2025,Karnataka,Gadag,582114,7,3,0,10.00000000000003
03-09-2025,Karnataka,Gadag,582115,4,0,0,4.000000000000043
03-09-2025,Karnataka,Gadag,582209,1,0,0,0.99999999999998
03-09-2025,Karnataka,Gulbarga,585105,3,0,0,3.0000000000000218
03-09-2025,Karnataka,Gulbarga,585211,0,2,0,1.999999999999909
03-09-2025,Karnataka,Gulbarga,585218,1,1,0,1.999999999999955
03-09-2025,Karnataka,Gulbarga,585290,1,0,0,0.99999999999998
03-09-2025,Karnataka,Gulbarga,585303,1,0,0,0.99999999999998
03-09-2025,Karnataka,Hasan,573150,1,0,0,0.99999999999998
03-09-2025,Karnataka,Hassan,573115,2,0,0,2.000000000000001
03-09-2025,Karnataka,Hassan,573120,4,0,0,4.000000000000043
03-09-2025,Karnataka,Hassan,573122,2,0,0,2.000000000000001
03-09-2025,Karnataka,Hassan,573125,3,0,0,3.0000000000000218
03-09-2025,Karnataka,Hassan,573150,1,0,0,0.99999999999998
03-09-2025,Karnataka,Hassan,573165,1,0,0,0.99999999999998
03-09-2025,Karnataka,Hassan,573225,1,0,0,0.99999999999998
03-09-2025,Karnataka,Haveri,581102,5,1,0,6.000000000000038
03-09-2025,Karnataka,Haveri,581109,2,0,0,2.000000000000001
03-09-2025,Karnataka,Haveri,581112,1,0,0,0.99999999999998
03-09-2025,Karnataka,Haveri,581126,1,0,0,0.99999999999998
03-09-2025,Karnataka,Haveri,581205,4,0,0,4.000000000000043
03-09-2025,Karnataka,Haveri,581208,1,0,0,0.99999999999998
03-09-2025,Karnataka,Haveri,581212,1,0,0,0.99999999999998
03-09-2025,Karnataka,Kalaburagi,585104,9,4,0,13.000000000000046
03-09-2025,Karnataka,Kalaburagi,585217,2,1,0,2.999999999999976
03-09-2025,Karnataka,Kalaburagi,585312,2,0,0,2.000000000000001
03-09-2025,Karnataka,Kalaburagi,585324,1,1,0,1.999999999999955
03-09-2025,Karnataka,Kalaburagi,585325,6,2,0,8.000000000000034
03-09-2025,Karnataka,Kolar,563127,2,0,0,2.000000000000001
03-09-2025,Karnataka,Kolar,563132,3,1,0,3.9999999999999964
03-09-2025,Karnataka,Koppal,583231,4,1,0,5.000000000000018
03-09-2025,Karnataka,Koppal,583235,2,0,0,2.000000000000001
03-09-2025,Karnataka,Koppal,583278,4,0,0,4.000000000000043
03-09-2025,Karnataka,Koppal,583279,2,1,0,2.999999999999976
03-09-2025,Karnataka,Koppal,583280,1,0,0,0.99999999999998
03-09-2025,Karnataka,Koppal,583281,2,0,1,2.9999999999999862
03-09-2025,Karnataka,Mandya,571426,4,0,0,4.000000000000043
03-09-2025,Karnataka,Mandya,571427,2,0,0,2.000000000000001
03-09-2025,Karnataka,Mandya,571430,6,0,0,6.000000000000084
03-09-2025,Karnataka,Mandya,571445,0,2,0,1.999999999999909
03-09-2025,Karnataka,Mysore,571114,0,1,0,0.999999999999934
03-09-2025,Karnataka,Mysore,571314,1,0,0,0.99999999999998
03-09-2025,Karnataka,Mysuru,571105,3,0,0,3.0000000000000218
03-09-2025,Karnataka,Mysuru,571107,1,0,0,0.99999999999998
03-09-2025,Karnataka,Mysuru,571129,1,0,0,0.99999999999998
03-09-2025,Karnataka,Raichur,584126,2,0,0,2.000000000000001
03-09-2025,Karnataka,Raichur,584127,1,1,0,1.999999999999955
03-09-2025,Karnataka,Raichur,584132,5,0,0,5.000000000000064
03-09-2025,Karnataka,Raichur,584136,2,0,0,2.000000000000001
03-09-2025,Karnataka,Raichur,584139,1,1,0,1.999999999999955
03-09-2025,Karnataka,Raichur,584140,3,0,0,3.0000000000000218
03-09-2025,Karnataka,Raichur,584170,1,0,0,0.99999999999998
03-09-2025,Karnataka,Raichur,584202,5,4,0,8.999999999999963
03-09-2025,Karnataka,Ramanagar,562120,2,0,0,2.000000000000001
03-09-2025,Karnataka,Ramanagar,562160,3,0,0,3.0000000000000218
03-09-2025,Karnataka,Shimoga,577413,1,0,0,0.99999999999998
03-09-2025,Karnataka,Shimoga,577434,2,0,0,2.000000000000001
03-09-2025,Karnataka,Shivamogga,577214,1,1,0,1.999999999999955
03-09-2025,Karnataka,Shivamogga,577216,1,0,0,0.99999999999998
03-09-2025,Karnataka,Shivamogga,577222,1,0,0,0.99999999999998
03-09-2025,Karnataka,Shivamogga,577422,1,0,0,0.99999999999998
03-09-2025,Karnataka,Shivamogga,577427,2,0,0,2.000000000000001
03-09-2025,Karnataka,Tumakuru,572101,4,0,0,4.000000000000043
03-09-2025,Karnataka,Tumakuru,572132,5,0,0,5.000000000000064
03-09-2025,Karnataka,Tumakuru,572139,1,0,0,0.99999999999998
03-09-2025,Karnataka,Tumakuru,572175,2,0,0,2.000000000000001
03-09-2025,Karnataka,Tumakuru,572213,0,1,0,0.999999999999934
03-09-2025,Karnataka,Tumkur,572119,1,0,0,0.99999999999998
03-09-2025,Karnataka,Tumkur,572124,1,0,0,0.99999999999998
03-09-2025,Karnataka,Tumkur,572129,1,0,0,0.99999999999998
03-09-2025,Karnataka,Tumkur,572225,1,0,0,0.99999999999998
03-09-2025,Karnataka,Udupi,574115,0,1,0,0.999999999999934
03-09-2025,Karnataka,Udupi,576108,1,0,0,0.99999999999998
03-09-2025,Karnataka,Udupi,576215,1,0,0,0.99999999999998
03-09-2025,Karnataka,Udupi,576217,2,0,0,2.000000000000001
03-09-2025,Karnataka,Udupi,576283,1,0,0,0.99999999999998
03-09-2025,Karnataka,Uttara Kannada,581334,2,0,0,2.000000000000001
03-09-2025,Karnataka,Uttara Kannada,581349,6,0,0,6.000000000000084
03-09-2025,Karnataka,Uttara Kannada,581357,1,0,0,0.99999999999998
03-09-2025,Karnataka,Uttara Kannada,581361,1,0,0,0.99999999999998
03-09-2025,Karnataka,Uttara Kannada,581421,1,0,0,0.99999999999998
03-09-2025,Karnataka,Uttara Kannada,581450,1,0,0,0.99999999999998
03-09-2025,Karnataka,Vijayanagara,583125,2,0,0,2.000000000000001
03-09-2025,Karnataka,Vijayanagara,583214,1,0,0,0.99999999999998
03-09-2025,Karnataka,Vijayanagara,583222,1,1,0,1.999999999999955
03-09-2025,Karnataka,Vijayapura,586109,2,0,0,2.000000000000001
03-09-2025,Karnataka,Vijayapura,586208,1,0,0,0.99999999999998
03-09-2025,Karnataka,Vijayapura,586209,0,2,0,1.999999999999909
03-09-2025,Karnataka,Vijayapura,586210,5,2,0,7.000000000000013
03-09-2025,Karnataka,Vijayapura,586215,2,0,0,2.000000000000001
03-09-2025,Karnataka,Vijayapura,586217,4,2,0,5.999999999999993
03-09-2025,Karnataka,Yadgir,585214,4,0,0,4.000000000000043
03-09-2025,Karnataka,Yadgir,585287,6,2,0,8.000000000000034
03-09-2025,Karnataka,Yadgir,585319,2,2,0,3.9999999999999507
03-09-2025,Karnataka,yadgir,585220,1,0,0,0.99999999999998
02-09-2025,Karnataka,Bagalkot,587117,6,0,0,6.000000000000084
02-09-2025,Karnataka,Bagalkot,587122,6,1,0,7.0000000000000595
02-09-2025,Karnataka,Bagalkot,587301,9,0,1,10.000000000000133
02-09-2025,Karnataka,Bagalkot,587312,7,1,0,8.00000000000008
02-09-2025,Karnataka,Bagalkot *,587111,1,0,0,0.99999999999998
02-09-2025,Karnataka,Bagalkot *,587201,1,0,0,0.99999999999998
02-09-2025,Karnataka,Ballari,583102,5,0,0,5.000000000000064
02-09-2025,Karnataka,Ballari,583103,2,0,0,2.000000000000001
02-09-2025,Karnataka,Ballari,583104,1,0,0,0.99999999999998
02-09-2025,Karnataka,Ballari,583115,2,1,0,2.999999999999976
02-09-2025,Karnataka,Ballari,583116,1,0,0,0.99999999999998
02-09-2025,Karnataka,Ballari,583117,3,1,1,4.999999999999982
02-09-2025,Karnataka,Ballari,583128,1,0,0,0.99999999999998
02-09-2025,Karnataka,Ballari,583212,1,0,0,0.99999999999998
02-09-2025,Karnataka,Ballari,583223,2,0,0,2.000000000000001
02-09-2025,Karnataka,Ballari,583275,0,0,1,0.9999999999999446
02-09-2025,Karnataka,Bangalore,560017,1,0,0,0.99999999999998
02-09-2025,Karnataka,Bangalore,560032,6,2,0,8.000000000000034
02-09-2025,Karnataka,Bangalore,560035,1,0,0,0.99999999999998
02-09-2025,Karnataka,Bangalore,560045,5,0,0,5.000000000000064
02-09-2025,Karnataka,Bangalore,560048,1,0,0,0.99999999999998
02-09-2025,Karnataka,Bangalore,560049,1,0,0,0.99999999999998
02-09-2025,Karnataka,Bangalore,560062,2,0,0,2.000000000000001
02-09-2025,Karnataka,Bangalore,560070,2,1,0,2.999999999999976
02-09-2025,Karnataka,Bangalore,560084,1,0,0,0.99999999999998
02-09-2025,Karnataka,Bangalore,560098,1,1,0,1.999999999999955
02-09-2025,Karnataka,Bangalore Rural,561204,1,1,0,1.999999999999955
02-09-2025,Karnataka,Bangalore Rural,562110,1,0,0,0.99999999999998
02-09-2025,Karnataka,Bangalore Rural,562123,3,0,0,3.0000000000000218
02-09-2025,Karnataka,Bangalore Rural,562129,3,0,0,3.0000000000000218
02-09-2025,Karnataka,Belagavi,590003,1,1,0,1.999999999999955
02-09-2025,Karnataka,Belagavi,590006,1,0,0,0.99999999999998
02-09-2025,Karnataka,Belagavi,591107,2,0,0,2.000000000000001
02-09-2025,Karnataka,Belagavi,591115,1,0,0,0.99999999999998
02-09-2025,Karnataka,Belagavi,591124,1,0,0,0.99999999999998
02-09-2025,Karnataka,Belagavi,591127,2,0,0,2.000000000000001
02-09-2025,Karnataka,Belagavi,591216,2,0,0,2.000000000000001
02-09-2025,Karnataka,Belagavi,591222,2,0,0,2.000000000000001
02-09-2025,Karnataka,Belagavi,591227,0,1,0,0.999999999999934
02-09-2025,Karnataka,Belagavi,591240,2,0,0,2.000000000000001
02-09-2025,Karnataka,Belagavi,591308,1,0,0,0.99999999999998
02-09-2025,Karnataka,Belagavi,591313,1,0,0,0.99999999999998
02-09-2025,Karnataka,Belagavi,591317,1,0,0,0.99999999999998
02-09-2025,Karnataka,Belgaum,590014,1,0,0,0.99999999999998
02-09-2025,Karnataka,Belgaum,591104,1,1,0,1.999999999999955
02-09-2025,Karnataka,Belgaum,591106,2,0,0,2.000000000000001
02-09-2025,Karnataka,Belgaum,591126,5,1,0,6.000000000000038
02-09-2025,Karnataka,Belgaum,591221,2,0,0,2.000000000000001
02-09-2025,Karnataka,Belgaum,591222,5,4,0,8.999999999999963
02-09-2025,Karnataka,Belgaum,591230,0,1,0,0.999999999999934
02-09-2025,Karnataka,Belgaum,591313,0,1,0,0.999999999999934
02-09-2025,Karnataka,Bellary,583117,2,0,0,2.000000000000001
02-09-2025,Karnataka,Bellary,583119,0,1,0,0.999999999999934
02-09-2025,Karnataka,Bellary,583121,1,0,0,0.99999999999998
02-09-2025,Karnataka,Bellary,583122,6,0,0,6.000000000000084
02-09-2025,Karnataka,Bellary,583212,6,3,0,9.000000000000009
02-09-2025,Karnataka,Bellary,583216,5,0,0,5.000000000000064
02-09-2025,Karnataka,Bengaluru,560001,0,1,0,0.999999999999934
02-09-2025,Karnataka,Bengaluru,560004,1,0,1,1.9999999999999654
02-09-2025,Karnataka,Bengaluru,560011,1,1,0,1.999999999999955
02-09-2025,Karnataka,Bengaluru,560023,2,1,0,2.999999999999976
02-09-2025,Karnataka,Bengaluru,560024,4,0,0,4.000000000000043
02-09-2025,Karnataka,Bengaluru,560030,1,0,0,0.99999999999998
02-09-2025,Karnataka,Bengaluru,560046,1,0,0,0.99999999999998
02-09-2025,Karnataka,Bengaluru,560049,2,0,0,2.000000000000001
02-09-2025,Karnataka,Bengaluru,560060,4,0,0,4.000000000000043
02-09-2025,Karnataka,Bengaluru,560061,8,0,0,8.000000000000126
02-09-2025,Karnataka,Bengaluru,560072,4,0,0,4.000000000000043
02-09-2025,Karnataka,Bengaluru,560078,5,1,1,7.000000000000024
02-09-2025,Karnataka,Bengaluru,560085,3,0,4,6.999999999999964
02-09-2025,Karnataka,Bengaluru,560093,0,1,0,0.999999999999934
02-09-2025,Karnataka,Bengaluru,562106,2,0,0,2.000000000000001
02-09-2025,Karnataka,Bengaluru,562130,1,0,0,0.99999999999998
02-09-2025,Karnataka,Bidar,585227,5,6,0,10.999999999999913
02-09-2025,Karnataka,Bidar,585326,10,3,0,13.000000000000092
02-09-2025,Karnataka,Bidar,585327,4,1,1,6.0000000000000036
02-09-2025,Karnataka,Bidar,585416,5,1,0,6.000000000000038
02-09-2025,Karnataka,Bidar,585418,4,4,0,7.999999999999942
02-09-2025,Karnataka,Bidar,585421,1,0,0,0.99999999999998
02-09-2025,Karnataka,Bidar,585443,1,0,1,1.9999999999999654
02-09-2025,Karnataka,Bijapur,586109,1,0,0,0.99999999999998
02-09-2025,Karnataka,Bijapur,586119,2,0,0,2.000000000000001
02-09-2025,Karnataka,Chamarajanagar,571123,1,0,0,0.99999999999998
02-09-2025,Karnataka,Chamarajanagar,571313,3,1,0,3.9999999999999964
02-09-2025,Karnataka,Chamrajanagar,571109,1,0,0,0.99999999999998
02-09-2025,Karnataka,Chamrajanagar,571123,1,0,0,0.99999999999998
02-09-2025,Karnataka,Chamrajanagar,571128,1,1,0,1.999999999999955
02-09-2025,Karnataka,Chamrajanagar,571441,3,0,0,3.0000000000000218
02-09-2025,Karnataka,Chamrajnagar,571313,1,0,0,0.99999999999998
02-09-2025,Karnataka,Chickmagalur,577101,3,0,0,3.0000000000000218
02-09-2025,Karnataka,Chickmagalur,577111,1,0,0,0.99999999999998
02-09-2025,Karnataka,Chickmagalur,577144,1,0,0,0.99999999999998
02-09-2025,Karnataka,Chickmagalur,577180,1,0,0,0.99999999999998
02-09-2025,Karnataka,Chikkaballapur,561208,3,0,0,3.0000000000000218
02-09-2025,Karnataka,Chikkaballapur,561228,5,1,0,6.000000000000038
02-09-2025,Karnataka,Chikkaballapur,562101,2,1,0,2.999999999999976
02-09-2025,Karnataka,Chikkaballapur,562104,4,2,0,5.999999999999993
02-09-2025,Karnataka,Chikkaballapur,563125,5,0,1,6.00000000000005
02-09-2025,Karnataka,Chikkaballapur,563128,3,0,0,3.0000000000000218
02-09-2025,Karnataka,Chikkamagaluru,577111,2,0,0,2.000000000000001
02-09-2025,Karnataka,Chikkamagaluru,577140,0,1,0,0.999999999999934
02-09-2025,Karnataka,Chikkamagaluru,577548,5,1,0,6.000000000000038
02-09-2025,Karnataka,Chitradurga,577521,1,0,0,0.99999999999998
02-09-2025,Karnataka,Chitradurga,577526,3,0,0,3.0000000000000218
02-09-2025,Karnataka,Chitradurga,577535,3,1,0,3.9999999999999964
02-09-2025,Karnataka,Chitradurga,577538,3,0,0,3.0000000000000218
02-09-2025,Karnataka,Chitradurga,577542,1,0,0,0.99999999999998
02-09-2025,Karnataka,Dakshina Kannada,574143,1,0,0,0.99999999999998
02-09-2025,Karnataka,Dakshina Kannada,574144,4,0,0,4.000000000000043
02-09-2025,Karnataka,Dakshina Kannada,574230,0,1,0,0.999999999999934
02-09-2025,Karnataka,Dakshina Kannada,574231,2,1,0,2.999999999999976
02-09-2025,Karnataka,Dakshina Kannada,574236,0,1,0,0.999999999999934
02-09-2025,Karnataka,Dakshina Kannada,574239,0,1,0,0.999999999999934
02-09-2025,Karnataka,Dakshina Kannada,574240,1,0,0,0.99999999999998
02-09-2025,Karnataka,Dakshina Kannada,574243,1,0,0,0.99999999999998
02-09-2025,Karnataka,Dakshina Kannada,574314,1,0,0,0.99999999999998
02-09-2025,Karnataka,Dakshina Kannada,575005,0,1,0,0.999999999999934
02-09-2025,Karnataka,Dakshina Kannada,575008,2,0,0,2.000000000000001
02-09-2025,Karnataka,Dakshina Kannada,575022,1,0,0,0.99999999999998
02-09-2025,Karnataka,Davanagere,583137,1,0,0,0.99999999999998
02-09-2025,Karnataka,Davangere,577221,2,0,1,2.9999999999999862
02-09-2025,Karnataka,Davangere,583127,1,0,0,0.99999999999998
02-09-2025,Karnataka,Dharwad,580007,5,1,0,6.000000000000038
02-09-2025,Karnataka,Dharwad,580009,0,1,0,0.999999999999934
02-09-2025,Karnataka,Dharwad,580023,2,1,0,2.999999999999976
02-09-2025,Karnataka,Dharwad,580030,1,1,0,1.999999999999955
02-09-2025,Karnataka,Dharwad,580118,2,0,0,2.000000000000001
02-09-2025,Karnataka,Dharwad,581113,2,0,0,2.000000000000001
02-09-2025,Karnataka,Dharwad,581209,2,1,0,2.999999999999976
02-09-2025,Karnataka,Gadag,582101,16,0,0,16.00000000000029
02-09-2025,Karnataka,Gadag,582114,4,1,0,5.000000000000018
02-09-2025,Karnataka,Gadag,582115,1,2,0,2.99999999999993
02-09-2025,Karnataka,Gadag,582120,2,1,0,2.999999999999976
02-09-2025,Karnataka,Gadag,582202,3,0,0,3.0000000000000218
02-09-2025,Karnataka,Gadag,582207,13,0,0,13.000000000000231
02-09-2025,Karnataka,Gulbarga,585310,11,2,0,13.000000000000139
02-09-2025,Karnataka,Hasan,573122,2,0,0,2.000000000000001
02-09-2025,Karnataka,Hasan,573126,1,0,0,0.99999999999998
02-09-2025,Karnataka,Hasan,573135,1,0,0,0.99999999999998
02-09-2025,Karnataka,Hassan,573102,2,0,0,2.000000000000001
02-09-2025,Karnataka,Hassan,573103,2,1,0,2.999999999999976
02-09-2025,Karnataka,Hassan,573128,1,0,0,0.99999999999998
02-09-2025,Karnataka,Hassan,573136,1,0,0,0.99999999999998
02-09-2025,Karnataka,Hassan,573201,7,0,0,7.000000000000105
02-09-2025,Karnataka,Hassan,573212,2,0,0,2.000000000000001
02-09-2025,Karnataka,Haveri,581110,9,1,0,10.000000000000123
02-09-2025,Karnataka,Haveri,581115,17,1,0,18.00000000000029
02-09-2025,Karnataka,Haveri,581118,8,3,0,11.000000000000052
02-09-2025,Karnataka,Haveri,581126,1,1,0,1.999999999999955
02-09-2025,Karnataka,Haveri,581145,1,0,1,1.9999999999999654
02-09-2025,Karnataka,Haveri,581205,5,1,0,6.000000000000038
02-09-2025,Karnataka,Haveri *,581106,1,0,0,0.99999999999998
02-09-2025,Karnataka,Haveri *,581111,1,0,0,0.99999999999998
02-09-2025,Karnataka,Kalaburagi,585101,4,1,0,5.000000000000018
02-09-2025,Karnataka,Kalaburagi,585222,3,2,0,4.999999999999972
02-09-2025,Karnataka,Kolar,563134,3,0,0,3.0000000000000218
02-09-2025,Karnataka,Kolar,563161,1,0,0,0.99999999999998
02-09-2025,Karnataka,Koppal,583234,2,0,1,2.9999999999999862
02-09-2025,Karnataka,Koppal,583235,3,0,0,3.0000000000000218
02-09-2025,Karnataka,Koppal,583238,6,1,0,7.0000000000000595
02-09-2025,Karnataka,Koppal,583277,4,1,0,5.000000000000018
02-09-2025,Karnataka,Koppal,583280,4,1,0,5.000000000000018
02-09-2025,Karnataka,Mandya,571401,1,0,0,0.99999999999998
02-09-2025,Karnataka,Mandya,571403,2,0,0,2.000000000000001
02-09-2025,Karnataka,Mandya,571416,1,0,0,0.99999999999998
02-09-2025,Karnataka,Mandya,571424,2,0,0,2.000000000000001
02-09-2025,Karnataka,Mandya,571429,1,0,0,0.99999999999998
02-09-2025,Karnataka,Mandya,571430,8,0,0,8.000000000000126
02-09-2025,Karnataka,Mysore,570004,1,0,0,0.99999999999998
02-09-2025,Karnataka,Mysore,571101,2,0,0,2.000000000000001
02-09-2025,Karnataka,Mysore,571102,1,0,0,0.99999999999998
02-09-2025,Karnataka,Mysore,571104,0,2,0,1.999999999999909
02-09-2025,Karnataka,Mysore,571187,1,0,0,0.99999999999998
02-09-2025,Karnataka,Mysuru,570009,1,0,0,0.99999999999998
02-09-2025,Karnataka,Mysuru,570011,1,0,0,0.99999999999998
02-09-2025,Karnataka,Mysuru,570016,1,0,0,0.99999999999998
02-09-2025,Karnataka,Mysuru,570017,2,0,0,2.000000000000001
02-09-2025,Karnataka,Mysuru,571114,3,0,0,3.0000000000000218
02-09-2025,Karnataka,Mysuru,571187,1,0,0,0.99999999999998
02-09-2025,Karnataka,Raichur,584118,2,0,0,2.000000000000001
02-09-2025,Karnataka,Raichur,584140,7,1,0,8.00000000000008
02-09-2025,Karnataka,Raichur,584167,1,0,0,0.99999999999998
02-09-2025,Karnataka,Ramanagar,561101,2,0,0,2.000000000000001
02-09-2025,Karnataka,Ramanagar,562119,1,0,0,0.99999999999998
02-09-2025,Karnataka,Ramanagar,562131,2,0,0,2.000000000000001
02-09-2025,Karnataka,Ramanagar,562138,1,0,0,0.99999999999998
02-09-2025,Karnataka,Ramanagar,562160,4,0,0,4.000000000000043
02-09-2025,Karnataka,Shimoga,577115,2,0,0,2.000000000000001
02-09-2025,Karnataka,Shimoga,577222,0,1,0,0.999999999999934
02-09-2025,Karnataka,Shimoga,577433,1,0,0,0.99999999999998
02-09-2025,Karnataka,Shivamogga,577216,1,0,0,0.99999999999998
02-09-2025,Karnataka,Shivamogga,577222,1,0,0,0.99999999999998
02-09-2025,Karnataka,Shivamogga,577243,2,0,0,2.000000000000001
02-09-2025,Karnataka,Shivamogga,577417,0,1,0,0.999999999999934
02-09-2025,Karnataka,Shivamogga,577423,2,0,0,2.000000000000001
02-09-2025,Karnataka,Tumakuru,572104,2,0,0,2.000000000000001
02-09-2025,Karnataka,Tumakuru,572132,1,0,0,0.99999999999998
02-09-2025,Karnataka,Tumakuru,572213,2,0,0,2.000000000000001
02-09-2025,Karnataka,Tumakuru,572214,2,0,0,2.000000000000001
02-09-2025,Karnataka,Tumkur,572112,2,0,0,2.000000000000001
02-09-2025,Karnataka,Tumkur,572141,1,0,0,0.99999999999998
02-09-2025,Karnataka,Tumkur,572217,1,1,0,1.999999999999955
02-09-2025,Karnataka,Tumkur,572222,1,0,0,0.99999999999998
02-09-2025,Karnataka,Tumkur,572227,1,1,0,1.999999999999955
02-09-2025,Karnataka,Udupi,574108,2,0,0,2.000000000000001
02-09-2025,Karnataka,Udupi,574116,1,0,0,0.99999999999998
02-09-2025,Karnataka,Udupi,574118,3,1,0,3.9999999999999964
02-09-2025,Karnataka,Udupi,576101,1,0,0,0.99999999999998
02-09-2025,Karnataka,Udupi,576106,1,0,0,0.99999999999998
02-09-2025,Karnataka,Udupi,576115,1,0,0,0.99999999999998
02-09-2025,Karnataka,Udupi,576201,1,0,0,0.99999999999998
02-09-2025,Karnataka,Udupi,576225,2,0,0,2.000000000000001
02-09-2025,Karnataka,Udupi,576226,4,0,0,4.000000000000043
02-09-2025,Karnataka,Uttara Kannada,581318,1,0,0,0.99999999999998
02-09-2025,Karnataka,Uttara Kannada,581329,4,0,0,4.000000000000043
02-09-2025,Karnataka,Uttara Kannada,581354,1,0,0,0.99999999999998
02-09-2025,Karnataka,Uttara Kannada,581355,1,0,0,0.99999999999998
02-09-2025,Karnataka,Uttara Kannada,581411,1,0,0,0.99999999999998
02-09-2025,Karnataka,Vijayanagara,583131,6,0,0,6.000000000000084
02-09-2025,Karnataka,Vijayanagara,583137,0,1,0,0.999999999999934
02-09-2025,Karnataka,Vijayanagara,583213,2,0,0,2.000000000000001
02-09-2025,Karnataka,Vijayanagara,583224,1,0,0,0.99999999999998
02-09-2025,Karnataka,Vijayapura,586103,1,0,0,0.99999999999998
02-09-2025,Karnataka,Vijayapura,586109,9,0,0,9.000000000000147
02-09-2025,Karnataka,Vijayapura,586112,3,1,0,3.9999999999999964
02-09-2025,Karnataka,Vijayapura,586116,5,4,0,8.999999999999963
02-09-2025,Karnataka,Vijayapura,586124,4,0,0,4.000000000000043
02-09-2025,Karnataka,Vijayapura,586129,4,1,1,6.0000000000000036
02-09-2025,Karnataka,Vijayapura,586202,2,0,0,2.000000000000001
02-09-2025,Karnataka,Vijayapura,586211,3,0,0,3.0000000000000218
02-09-2025,Karnataka,Vijayapura,586217,1,0,0,0.99999999999998
02-09-2025,Karnataka,Yadgir,585215,4,3,0,6.999999999999967
02-09-2025,Karnataka,Yadgir,585319,10,2,0,12.000000000000117
02-09-2025,Karnataka,Yadgir,585355,1,0,0,0.99999999999998
02-09-2025,Karnataka,yadgir,585202,1,0,0,0.99999999999998
06-09-2025,Karnataka,Bagalkot,586125,1,0,0,0.99999999999998
06-09-2025,Karnataka,Bagalkot,587103,1,0,0,0.99999999999998
06-09-2025,Karnataka,Bagalkot,587118,2,1,0,2.999999999999976
06-09-2025,Karnataka,Bagalkot,587154,1,2,0,2.99999999999993
06-09-2025,Karnataka,Bagalkot,587315,1,0,0,0.99999999999998
06-09-2025,Karnataka,Bagalkot *,587201,1,0,0,0.99999999999998
06-09-2025,Karnataka,Ballari,583103,3,0,0,3.0000000000000218
06-09-2025,Karnataka,Ballari,583104,4,0,0,4.000000000000043
06-09-2025,Karnataka,Ballari,583120,2,1,0,2.999999999999976
06-09-2025,Karnataka,Ballari,583121,3,1,0,3.9999999999999964
06-09-2025,Karnataka,Ballari,583212,1,0,0,0.99999999999998
06-09-2025,Karnataka,Ballari,583219,1,0,0,0.99999999999998
06-09-2025,Karnataka,Bangalore,560037,1,1,0,1.999999999999955
06-09-2025,Karnataka,Bangalore,560040,1,0,0,0.99999999999998
06-09-2025,Karnataka,Bangalore,560045,4,1,0,5.000000000000018
06-09-2025,Karnataka,Bangalore,560047,5,0,0,5.000000000000064
06-09-2025,Karnataka,Bangalore,560054,1,0,0,0.99999999999998
06-09-2025,Karnataka,Bangalore,560057,2,0,0,2.000000000000001
06-09-2025,Karnataka,Bangalore,560070,1,0,0,0.99999999999998
06-09-2025,Karnataka,Bangalore,560076,1,2,0,2.99999999999993
06-09-2025,Karnataka,Bangalore,560085,1,0,0,0.99999999999998
06-09-2025,Karnataka,Bangalore,560103,1,0,0,0.99999999999998
06-09-2025,Karnataka,Bangalore,562125,0,1,0,0.999999999999934
06-09-2025,Karnataka,Bangalore Rural,562110,3,1,0,3.9999999999999964
06-09-2025,Karnataka,Bangalore Rural,562135,2,0,0,2.000000000000001
06-09-2025,Karnataka,Belagavi,590016,6,0,1,7.00000000000007
06-09-2025,Karnataka,Belagavi,591102,7,0,0,7.000000000000105
06-09-2025,Karnataka,Belagavi,591106,0,1,0,0.999999999999934
06-09-2025,Karnataka,Belagavi,591121,1,0,0,0.99999999999998
06-09-2025,Karnataka,Belagavi,591224,2,0,0,2.000000000000001
06-09-2025,Karnataka,Belagavi,591233,1,0,0,0.99999999999998
06-09-2025,Karnataka,Belagavi,591235,1,0,0,0.99999999999998
06-09-2025,Karnataka,Belagavi,591239,1,0,0,0.99999999999998
06-09-2025,Karnataka,Belagavi,591304,4,0,0,4.000000000000043
06-09-2025,Karnataka,Belagavi,591306,1,0,0,0.99999999999998
06-09-2025,Karnataka,Belagavi,591308,1,0,0,0.99999999999998
06-09-2025,Karnataka,Belagavi,591312,0,1,0,0.999999999999934
06-09-2025,Karnataka,Belagavi,591317,3,2,0,4.999999999999972
06-09-2025,Karnataka,Belgaum,590006,1,1,0,1.999999999999955
06-09-2025,Karnataka,Belgaum,591102,3,0,0,3.0000000000000218
06-09-2025,Karnataka,Belgaum,591108,1,0,0,0.99999999999998
06-09-2025,Karnataka,Belgaum,591109,1,0,0,0.99999999999998
06-09-2025,Karnataka,Belgaum,591118,0,1,0,0.999999999999934
06-09-2025,Karnataka,Belgaum,591222,5,0,0,5.000000000000064
06-09-2025,Karnataka,Belgaum,591235,2,1,0,2.999999999999976
06-09-2025,Karnataka,Belgaum,591305,2,1,0,2.999999999999976
06-09-2025,Karnataka,Bellary,583103,4,0,0,4.000000000000043
06-09-2025,Karnataka,Bellary,583216,2,0,0,2.000000000000001
06-09-2025,Karnataka,Bengaluru,560001,1,0,0,0.99999999999998
06-09-2025,Karnataka,Bengaluru,560004,1,2,0,2.99999999999993
06-09-2025,Karnataka,Bengaluru,560010,2,0,0,2.000000000000001
06-09-2025,Karnataka,Bengaluru,560014,0,1,0,0.999999999999934
06-09-2025,Karnataka,Bengaluru,560021,1,0,0,0.99999999999998
06-09-2025,Karnataka,Bengaluru,560023,3,0,0,3.0000000000000218
06-09-2025,Karnataka,Bengaluru,560029,3,2,1,5.999999999999957
06-09-2025,Karnataka,Bengaluru,560030,2,0,1,2.9999999999999862
06-09-2025,Karnataka,Bengaluru,560033,2,0,0,2.000000000000001
06-09-2025,Karnataka,Bengaluru,560041,1,2,0,2.99999999999993
06-09-2025,Karnataka,Bengaluru,560057,1,0,1,1.9999999999999654
06-09-2025,Karnataka,Bengaluru,560072,4,0,0,4.000000000000043
06-09-2025,Karnataka,Bengaluru,560091,9,1,0,10.000000000000123
06-09-2025,Karnataka,Bengaluru,560093,0,2,1,2.9999999999998943
06-09-2025,Karnataka,Bengaluru,560110,3,0,0,3.0000000000000218
06-09-2025,Karnataka,Bengaluru,562107,0,1,0,0.999999999999934
06-09-2025,Karnataka,Bengaluru,562130,1,0,0,0.99999999999998
06-09-2025,Karnataka,Bengaluru,562149,5,1,0,6.000000000000038
06-09-2025,Karnataka,Bidar,585330,5,0,0,5.000000000000064
06-09-2025,Karnataka,Bidar,585353,0,1,0,0.999999999999934
06-09-2025,Karnataka,Bidar,585401,3,1,0,3.9999999999999964
06-09-2025,Karnataka,Bidar,585402,1,1,0,1.999999999999955
06-09-2025,Karnataka,Bidar,585416,0,1,0,0.999999999999934
06-09-2025,Karnataka,Bidar,585418,0,1,0,0.999999999999934
06-09-2025,Karnataka,Bidar,585421,3,1,0,3.9999999999999964
06-09-2025,Karnataka,Bijapur,586102,1,2,0,2.99999999999993
06-09-2025,Karnataka,Bijapur,586104,3,4,0,6.999999999999922
06-09-2025,Karnataka,Bijapur,586122,1,0,0,0.99999999999998
06-09-2025,Karnataka,Bijapur,586202,1,1,0,1.999999999999955
06-09-2025,Karnataka,Bijapur,586208,1,0,0,0.99999999999998
06-09-2025,Karnataka,Bijapur,586213,2,0,0,2.000000000000001
06-09-2025,Karnataka,Chamarajanagar,571126,1,0,0,0.99999999999998
06-09-2025,Karnataka,Chamrajanagar,571342,1,0,0,0.99999999999998
06-09-2025,Karnataka,Chamrajanagar,571443,1,0,0,0.99999999999998
06-09-2025,Karnataka,Chamrajnagar,571127,2,0,0,2.000000000000001
06-09-2025,Karnataka,Chamrajnagar,571444,2,0,0,2.000000000000001
06-09-2025,Karnataka,Chickmagalur,577112,1,0,0,0.99999999999998
06-09-2025,Karnataka,Chickmagalur,577126,1,0,0,0.99999999999998
06-09-2025,Karnataka,Chickmagalur,577132,1,0,0,0.99999999999998
06-09-2025,Karnataka,Chikkaballapur,561209,1,1,0,1.999999999999955
06-09-2025,Karnataka,Chikkaballapur,562104,1,2,0,2.99999999999993
06-09-2025,Karnataka,Chikkaballapur,563124,1,0,0,0.99999999999998
06-09-2025,Karnataka,Chikkaballapur,563159,1,0,0,0.99999999999998
06-09-2025,Karnataka,Chikkamagaluru,577114,1,0,0,0.99999999999998
06-09-2025,Karnataka,Chikkamagaluru,577116,2,0,0,2.000000000000001
06-09-2025,Karnataka,Chikkamagaluru,577144,1,0,0,0.99999999999998
06-09-2025,Karnataka,Chikkamagaluru,577145,1,0,0,0.99999999999998
06-09-2025,Karnataka,Chitradurga,577515,1,0,0,0.99999999999998
06-09-2025,Karnataka,Chitradurga,577520,0,0,1,0.9999999999999446
06-09-2025,Karnataka,Chitradurga,577521,1,0,0,0.99999999999998
06-09-2025,Karnataka,Chitradurga,577524,1,0,0,0.99999999999998
06-09-2025,Karnataka,Chitradurga,577526,1,0,0,0.99999999999998
06-09-2025,Karnataka,Chitradurga,577535,4,1,0,5.000000000000018
06-09-2025,Karnataka,Chitradurga,577541,2,0,0,2.000000000000001
06-09-2025,Karnataka,Dakshina Kannada,574143,0,1,0,0.999999999999934
06-09-2025,Karnataka,Dakshina Kannada,574217,1,0,0,0.99999999999998
06-09-2025,Karnataka,Dakshina Kannada,574225,1,0,0,0.99999999999998
06-09-2025,Karnataka,Dakshina Kannada,574233,1,0,0,0.99999999999998
06-09-2025,Karnataka,Dakshina Kannada,574326,1,0,0,0.99999999999998
06-09-2025,Karnataka,Dakshina Kannada,575022,1,0,0,0.99999999999998
06-09-2025,Karnataka,Davanagere,577213,1,0,0,0.99999999999998
06-09-2025,Karnataka,Davanagere,577217,2,0,0,2.000000000000001
06-09-2025,Karnataka,Davanagere,577528,2,0,0,2.000000000000001
06-09-2025,Karnataka,Davangere,577001,1,0,0,0.99999999999998
06-09-2025,Karnataka,Davangere,577223,2,0,0,2.000000000000001
06-09-2025,Karnataka,Davangere,577224,1,0,0,0.99999999999998
06-09-2025,Karnataka,Davangere,577528,5,0,0,5.000000000000064
06-09-2025,Karnataka,Davangere,577534,3,0,0,3.0000000000000218
06-09-2025,Karnataka,Davangere,577589,1,0,0,0.99999999999998
06-09-2025,Karnataka,Davangere,577601,6,1,0,7.0000000000000595
06-09-2025,Karnataka,Davangere,583213,1,0,0,0.99999999999998
06-09-2025,Karnataka,Dharwad,580025,1,0,0,0.99999999999998
06-09-2025,Karnataka,Dharwad,581206,1,0,0,0.99999999999998
06-09-2025,Karnataka,Dharwad,581209,1,0,0,0.99999999999998
06-09-2025,Karnataka,Dharwad,582201,3,0,0,3.0000000000000218
06-09-2025,Karnataka,Gadag,582102,6,0,0,6.000000000000084
06-09-2025,Karnataka,Gadag,582103,2,0,0,2.000000000000001
06-09-2025,Karnataka,Gadag,582209,1,0,0,0.99999999999998
06-09-2025,Karnataka,Gadag *,582120,1,0,0,0.99999999999998
06-09-2025,Karnataka,Gulbarga,585103,1,0,0,0.99999999999998
06-09-2025,Karnataka,Gulbarga,585222,4,0,0,4.000000000000043
06-09-2025,Karnataka,Gulbarga,585301,9,1,0,10.000000000000123
06-09-2025,Karnataka,Gulbarga,585310,3,1,0,3.9999999999999964
06-09-2025,Karnataka,Gulbarga,585311,2,0,0,2.000000000000001
06-09-2025,Karnataka,Gulbarga,585313,3,0,0,3.0000000000000218
06-09-2025,Karnataka,Gulbarga,585314,1,1,0,1.999999999999955
06-09-2025,Karnataka,Gulbarga,585324,1,0,0,0.99999999999998
06-09-2025,Karnataka,Gulbarga,585325,1,1,0,1.999999999999955
06-09-2025,Karnataka,Hasan,573120,1,0,0,0.99999999999998
06-09-2025,Karnataka,Hasan,573211,1,0,0,0.99999999999998
06-09-2025,Karnataka,Hasan,573213,2,0,0,2.000000000000001
06-09-2025,Karnataka,Hasan,573215,0,1,0,0.999999999999934
06-09-2025,Karnataka,Hassan,573120,1,1,0,1.999999999999955
06-09-2025,Karnataka,Hassan,573121,3,1,0,3.9999999999999964
06-09-2025,Karnataka,Hassan,573220,1,0,0,0.99999999999998
06-09-2025,Karnataka,Haveri,581106,2,0,0,2.000000000000001
06-09-2025,Karnataka,Haveri,581108,3,0,0,3.0000000000000218
06-09-2025,Karnataka,Haveri,581212,1,0,0,0.99999999999998
06-09-2025,Karnataka,Kalaburagi,585228,1,1,0,1.999999999999955
06-09-2025,Karnataka,Kalaburagi,585229,1,0,0,0.99999999999998
06-09-2025,Karnataka,Kalaburagi,585302,4,0,0,4.000000000000043
06-09-2025,Karnataka,Kalaburagi,585303,2,0,0,2.000000000000001
06-09-2025,Karnataka,Kalaburagi,585325,1,0,0,0.99999999999998
06-09-2025,Karnataka,Kodagu,571201,1,0,0,0.99999999999998
06-09-2025,Karnataka,Kolar,563114,5,0,0,5.000000000000064
06-09-2025,Karnataka,Kolar,563119,1,0,0,0.99999999999998
06-09-2025,Karnataka,Kolar,563136,5,0,0,5.000000000000064
06-09-2025,Karnataka,Kolar,563137,1,0,0,0.99999999999998
06-09-2025,Karnataka,Kolar,563139,1,0,0,0.99999999999998
06-09-2025,Karnataka,Kolar,563161,1,0,0,0.99999999999998
06-09-2025,Karnataka,Koppal,583227,9,2,0,11.000000000000098
06-09-2025,Karnataka,Koppal,583228,5,0,0,5.000000000000064
06-09-2025,Karnataka,Koppal,583229,2,2,0,3.9999999999999507
06-09-2025,Karnataka,Koppal,583231,4,0,0,4.000000000000043
06-09-2025,Karnataka,Koppal,583237,1,0,0,0.99999999999998
06-09-2025,Karnataka,Koppal,583279,3,1,0,3.9999999999999964
06-09-2025,Karnataka,Koppal,583283,5,1,0,6.000000000000038
06-09-2025,Karnataka,Koppal,584112,1,0,0,0.99999999999998
06-09-2025,Karnataka,Mandya,571404,0,1,0,0.999999999999934
06-09-2025,Karnataka,Mandya,571430,1,0,0,0.99999999999998
06-09-2025,Karnataka,Mandya,571445,1,0,0,0.99999999999998
06-09-2025,Karnataka,Mandya,571807,3,0,0,3.0000000000000218
06-09-2025,Karnataka,Mysore,570002,1,0,0,0.99999999999998
06-09-2025,Karnataka,Mysore,570003,0,1,0,0.999999999999934
06-09-2025,Karnataka,Mysore,571124,6,0,0,6.000000000000084
06-09-2025,Karnataka,Mysore,571301,2,0,0,2.000000000000001
06-09-2025,Karnataka,Mysuru,570003,1,0,0,0.99999999999998
06-09-2025,Karnataka,Mysuru,570007,1,0,0,0.99999999999998
06-09-2025,Karnataka,Mysuru,570008,1,0,0,0.99999999999998
06-09-2025,Karnataka,Mysuru,570019,3,0,0,3.0000000000000218
06-09-2025,Karnataka,Mysuru,570032,1,0,0,0.99999999999998
06-09-2025,Karnataka,Mysuru,571114,1,0,0,0.99999999999998
06-09-2025,Karnataka,Mysuru,571119,1,0,0,0.99999999999998
06-09-2025,Karnataka,Mysuru,571124,1,0,0,0.99999999999998
06-09-2025,Karnataka,Mysuru,571301,1,0,0,0.99999999999998
06-09-2025,Karnataka,Raichur,584111,12,14,0,25.999999999999858
06-09-2025,Karnataka,Raichur,584123,5,3,0,7.999999999999988
06-09-2025,Karnataka,Raichur,584128,6,2,0,8.000000000000034
06-09-2025,Karnataka,Raichur,584129,2,2,0,3.9999999999999507
06-09-2025,Karnataka,Raichur,584134,1,0,0,0.99999999999998
06-09-2025,Karnataka,Raichur,584202,1,0,0,0.99999999999998
06-09-2025,Karnataka,Ramanagar,561201,2,0,0,2.000000000000001
06-09-2025,Karnataka,Ramanagar,562109,6,1,0,7.0000000000000595
06-09-2025,Karnataka,Ramanagar,562112,1,0,0,0.99999999999998
06-09-2025,Karnataka,Ramanagar,562160,4,0,0,4.000000000000043
06-09-2025,Karnataka,Shimoga,577205,1,0,0,0.99999999999998
06-09-2025,Karnataka,Shimoga,577227,1,0,0,0.99999999999998
06-09-2025,Karnataka,Shimoga,577302,3,0,0,3.0000000000000218
06-09-2025,Karnataka,Shimoga,577419,1,0,0,0.99999999999998
06-09-2025,Karnataka,Shimoga,577426,4,0,0,4.000000000000043
06-09-2025,Karnataka,Shivamogga,577412,2,0,0,2.000000000000001
06-09-2025,Karnataka,Tumakuru,572111,1,0,0,0.99999999999998
06-09-2025,Karnataka,Tumakuru,572119,1,0,0,0.99999999999998
06-09-2025,Karnataka,Tumakuru,572120,1,0,0,0.99999999999998
06-09-2025,Karnataka,Tumakuru,572122,1,0,0,0.99999999999998
06-09-2025,Karnataka,Tumakuru,572132,1,0,0,0.99999999999998
06-09-2025,Karnataka,Tumakuru,572138,1,1,0,1.999999999999955
06-09-2025,Karnataka,Tumkur,572120,1,0,0,0.99999999999998
06-09-2025,Karnataka,Tumkur,572125,5,0,0,5.000000000000064
06-09-2025,Karnataka,Tumkur,572216,3,0,0,3.0000000000000218
06-09-2025,Karnataka,Udupi,576102,1,0,0,0.99999999999998
06-09-2025,Karnataka,Udupi,576212,1,0,0,0.99999999999998
06-09-2025,Karnataka,Udupi,576213,3,1,0,3.9999999999999964
06-09-2025,Karnataka,Udupi,576214,2,0,0,2.000000000000001
06-09-2025,Karnataka,Udupi,576217,1,0,0,0.99999999999998
06-09-2025,Karnataka,Udupi,576228,2,0,0,2.000000000000001
06-09-2025,Karnataka,Udupi,576230,1,0,0,0.99999999999998
06-09-2025,Karnataka,Udupi,576232,1,0,0,0.99999999999998
06-09-2025,Karnataka,Uttara Kannada,581329,3,0,0,3.0000000000000218
06-09-2025,Karnataka,Uttara Kannada,581337,0,1,0,0.999999999999934
06-09-2025,Karnataka,Vijayanagara,583131,1,0,0,0.99999999999998
06-09-2025,Karnataka,Vijayanagara,583135,5,0,0,5.000000000000064
06-09-2025,Karnataka,Vijayanagara,583218,1,0,0,0.99999999999998
06-09-2025,Karnataka,Vijayanagara,583219,0,1,0,0.999999999999934
06-09-2025,Karnataka,Vijayapura,586104,6,2,0,8.000000000000034
06-09-2025,Karnataka,Vijayapura,586112,1,0,0,0.99999999999998
06-09-2025,Karnataka,Vijayapura,586114,2,1,0,2.999999999999976
06-09-2025,Karnataka,Vijayapura,586120,7,1,0,8.00000000000008
06-09-2025,Karnataka,Vijayapura,586127,1,1,0,1.999999999999955
06-09-2025,Karnataka,Vijayapura,586202,0,1,1,1.9999999999999196
06-09-2025,Karnataka,Vijayapura,586217,2,1,0,2.999999999999976
06-09-2025,Karnataka,Yadgir,585220,7,1,0,8.00000000000008
06-09-2025,Karnataka,Yadgir,585237,5,0,0,5.000000000000064
06-09-2025,Karnataka,Yadgir,585315,2,1,0,2.999999999999976
06-09-2025,Karnataka,Yadgir,585323,1,1,0,1.999999999999955
04-09-2025,Karnataka,Bagalkot,587101,4,1,0,5.000000000000018
04-09-2025,Karnataka,Bagalkot,587113,3,1,0,3.9999999999999964
04-09-2025,Karnataka,Bagalkot,587117,2,0,0,2.000000000000001
04-09-2025,Karnataka,Bagalkot,587121,1,0,0,0.99999999999998
04-09-2025,Karnataka,Bagalkot,587125,2,1,0,2.999999999999976
04-09-2025,Karnataka,Bagalkot,587154,3,0,1,4.000000000000007
04-09-2025,Karnataka,Bagalkot,587202,3,1,0,3.9999999999999964
04-09-2025,Karnataka,Bagalkot,587203,2,0,0,2.000000000000001
04-09-2025,Karnataka,Bagalkot,587330,2,2,0,3.9999999999999507
04-09-2025,Karnataka,Bagalkot *,587102,2,0,0,2.000000000000001
04-09-2025,Karnataka,Bagalkot *,587313,2,0,0,2.000000000000001
04-09-2025,Karnataka,Ballari,583101,4,0,0,4.000000000000043
04-09-2025,Karnataka,Ballari,583111,1,0,0,0.99999999999998
04-09-2025,Karnataka,Ballari,583115,2,0,0,2.000000000000001
04-09-2025,Karnataka,Ballari,583120,7,0,0,7.000000000000105
04-09-2025,Karnataka,Ballari,583122,4,1,0,5.000000000000018
04-09-2025,Karnataka,Ballari,583201,2,0,0,2.000000000000001
04-09-2025,Karnataka,Ballari,583214,5,0,0,5.000000000000064
04-09-2025,Karnataka,Ballari,583239,1,0,0,0.99999999999998
04-09-2025,Karnataka,Bangalore,560006,1,0,0,0.99999999999998
04-09-2025,Karnataka,Bangalore,560011,1,0,0,0.99999999999998
04-09-2025,Karnataka,Bangalore,560030,2,0,0,2.000000000000001
04-09-2025,Karnataka,Bangalore,560033,3,0,0,3.0000000000000218
04-09-2025,Karnataka,Bangalore,560053,0,1,0,0.999999999999934
04-09-2025,Karnataka,Bangalore,560064,1,1,0,1.999999999999955
04-09-2025,Karnataka,Bangalore,560068,2,1,0,2.999999999999976
04-09-2025,Karnataka,Bangalore,560080,0,1,0,0.999999999999934
04-09-2025,Karnataka,Bangalore,560083,1,0,0,0.99999999999998
04-09-2025,Karnataka,Bangalore,560099,1,1,0,1.999999999999955
04-09-2025,Karnataka,Bangalore Rural,561204,1,0,0,0.99999999999998
04-09-2025,Karnataka,Bangalore Rural,562123,0,1,0,0.999999999999934
04-09-2025,Karnataka,Belagavi,590009,0,0,1,0.9999999999999446
04-09-2025,Karnataka,Belagavi,590011,2,0,0,2.000000000000001
04-09-2025,Karnataka,Belagavi,590016,2,0,0,2.000000000000001
04-09-2025,Karnataka,Belagavi,591101,7,0,0,7.000000000000105
04-09-2025,Karnataka,Belagavi,591104,4,0,0,4.000000000000043
04-09-2025,Karnataka,Belagavi,591112,1,0,0,0.99999999999998
04-09-2025,Karnataka,Belagavi,591117,3,0,0,3.0000000000000218
04-09-2025,Karnataka,Belagavi,591124,1,0,0,0.99999999999998
04-09-2025,Karnataka,Belagavi,591136,1,0,0,0.99999999999998
04-09-2025,Karnataka,Belagavi,591147,0,1,0,0.999999999999934
04-09-2025,Karnataka,Belagavi,591213,1,0,0,0.99999999999998
04-09-2025,Karnataka,Belagavi,591214,1,0,0,0.99999999999998
04-09-2025,Karnataka,Belagavi,591222,3,0,0,3.0000000000000218
04-09-2025,Karnataka,Belagavi,591230,1,1,0,1.999999999999955
04-09-2025,Karnataka,Belagavi,591232,2,0,0,2.000000000000001
04-09-2025,Karnataka,Belagavi,591265,1,0,0,0.99999999999998
04-09-2025,Karnataka,Belagavi,591303,1,0,0,0.99999999999998
04-09-2025,Karnataka,Belagavi,591306,3,0,0,3.0000000000000218
04-09-2025,Karnataka,Belagavi,591311,1,1,0,1.999999999999955
04-09-2025,Karnataka,Belgaum,590010,1,0,0,0.99999999999998
04-09-2025,Karnataka,Belgaum,591106,1,0,0,0.99999999999998
04-09-2025,Karnataka,Belgaum,591110,1,0,0,0.99999999999998
04-09-2025,Karnataka,Belgaum,591119,1,0,0,0.99999999999998
04-09-2025,Karnataka,Belgaum,591127,0,1,0,0.999999999999934
04-09-2025,Karnataka,Belgaum,591128,1,0,0,0.99999999999998
04-09-2025,Karnataka,Belgaum,591153,1,0,0,0.99999999999998
04-09-2025,Karnataka,Belgaum,591219,1,1,0,1.999999999999955
04-09-2025,Karnataka,Belgaum,591227,1,0,0,0.99999999999998
04-09-2025,Karnataka,Belgaum,591233,4,1,0,5.000000000000018
04-09-2025,Karnataka,Belgaum,591240,3,0,0,3.0000000000000218
04-09-2025,Karnataka,Belgaum,591313,2,0,0,2.000000000000001
04-09-2025,Karnataka,Bellary,583120,9,1,0,10.000000000000123
04-09-2025,Karnataka,Bellary,583130,1,0,0,0.99999999999998
04-09-2025,Karnataka,Bellary,583201,5,0,0,5.000000000000064
04-09-2025,Karnataka,Bellary,583212,2,0,0,2.000000000000001
04-09-2025,Karnataka,Bellary,583224,6,0,0,6.000000000000084
04-09-2025,Karnataka,Bengaluru,560011,0,1,0,0.999999999999934
04-09-2025,Karnataka,Bengaluru,560024,3,0,0,3.0000000000000218
04-09-2025,Karnataka,Bengaluru,560027,1,0,0,0.99999999999998
04-09-2025,Karnataka,Bengaluru,560034,1,1,0,1.999999999999955
04-09-2025,Karnataka,Bengaluru,560040,0,1,0,0.999999999999934
04-09-2025,Karnataka,Bengaluru,560073,3,1,0,3.9999999999999964
04-09-2025,Karnataka,Bengaluru,560077,2,3,0,4.999999999999925
04-09-2025,Karnataka,Bengaluru,560079,2,1,0,2.999999999999976
04-09-2025,Karnataka,Bengaluru,560094,2,0,1,2.9999999999999862
04-09-2025,Karnataka,Bengaluru,560103,1,2,0,2.99999999999993
04-09-2025,Karnataka,Bengaluru,562123,1,0,0,0.99999999999998
04-09-2025,Karnataka,Bengaluru,562130,2,0,0,2.000000000000001
04-09-2025,Karnataka,Bengaluru,562162,1,0,0,0.99999999999998
04-09-2025,Karnataka,Bidar,585326,2,0,0,2.000000000000001
04-09-2025,Karnataka,Bidar,585418,1,1,0,1.999999999999955
04-09-2025,Karnataka,Bidar,585437,4,2,0,5.999999999999993
04-09-2025,Karnataka,Bijapur,586109,1,0,0,0.99999999999998
04-09-2025,Karnataka,Bijapur,586111,1,2,0,2.99999999999993
04-09-2025,Karnataka,Bijapur,586112,2,4,0,5.9999999999999005
04-09-2025,Karnataka,Bijapur,586113,4,0,0,4.000000000000043
04-09-2025,Karnataka,Bijapur,586117,1,1,0,1.999999999999955
04-09-2025,Karnataka,Bijapur,586120,0,1,0,0.999999999999934
04-09-2025,Karnataka,Bijapur,586124,3,2,0,4.999999999999972
04-09-2025,Karnataka,Bijapur,586211,1,0,0,0.99999999999998
04-09-2025,Karnataka,Chamarajanagar,571440,1,1,0,1.999999999999955
04-09-2025,Karnataka,Chamrajanagar,571115,1,0,0,0.99999999999998
04-09-2025,Karnataka,Chamrajanagar,571117,2,0,0,2.000000000000001
04-09-2025,Karnataka,Chamrajanagar,571441,2,1,0,2.999999999999976
04-09-2025,Karnataka,Chamrajanagar,571444,4,2,0,5.999999999999993
04-09-2025,Karnataka,Chamrajnagar,571128,1,0,0,0.99999999999998
04-09-2025,Karnataka,Chamrajnagar,571440,1,0,0,0.99999999999998
04-09-2025,Karnataka,Chamrajnagar,571490,0,1,0,0.999999999999934
04-09-2025,Karnataka,Chickmagalur,577146,1,0,0,0.99999999999998
04-09-2025,Karnataka,Chikkaballapur,561208,1,0,0,0.99999999999998
04-09-2025,Karnataka,Chikkaballapur,561228,1,0,0,0.99999999999998
04-09-2025,Karnataka,Chikkaballapur,563146,1,0,0,0.99999999999998
04-09-2025,Karnataka,Chikkaballapur,563159,2,0,0,2.000000000000001
04-09-2025,Karnataka,Chikkamagaluru,577112,1,0,0,0.99999999999998
04-09-2025,Karnataka,Chikkamagaluru,577132,0,1,0,0.999999999999934
04-09-2025,Karnataka,Chikkamagaluru,577228,3,0,0,3.0000000000000218
04-09-2025,Karnataka,Chikkamagaluru,577548,0,1,0,0.999999999999934
04-09-2025,Karnataka,Chitradurga,577520,1,0,0,0.99999999999998
04-09-2025,Karnataka,Chitradurga,577524,2,0,0,2.000000000000001
04-09-2025,Karnataka,Chitradurga,577540,4,2,0,5.999999999999993
04-09-2025,Karnataka,Dakshina Kannada,574144,1,0,0,0.99999999999998
04-09-2025,Karnataka,Dakshina Kannada,574150,1,0,0,0.99999999999998
04-09-2025,Karnataka,Dakshina Kannada,574222,1,0,0,0.99999999999998
04-09-2025,Karnataka,Dakshina Kannada,574223,2,0,0,2.000000000000001
04-09-2025,Karnataka,Dakshina Kannada,574325,1,0,0,0.99999999999998
04-09-2025,Karnataka,Dakshina Kannada,575008,1,0,0,0.99999999999998
04-09-2025,Karnataka,Dakshina Kannada,575029,1,0,0,0.99999999999998
04-09-2025,Karnataka,Dakshina Kannada,575030,1,0,0,0.99999999999998
04-09-2025,Karnataka,Davanagere,577006,1,0,0,0.99999999999998
04-09-2025,Karnataka,Davanagere,583125,0,1,0,0.999999999999934
04-09-2025,Karnataka,Davangere,577213,5,1,0,6.000000000000038
04-09-2025,Karnataka,Davangere,577223,4,0,0,4.000000000000043
04-09-2025,Karnataka,Davangere,577224,1,0,0,0.99999999999998
04-09-2025,Karnataka,Dharwad,580030,2,0,0,2.000000000000001
04-09-2025,Karnataka,Dharwad,580112,3,2,0,4.999999999999972
04-09-2025,Karnataka,Dharwad,581206,1,0,0,0.99999999999998
04-09-2025,Karnataka,Gadag,582101,18,1,0,19.000000000000313
04-09-2025,Karnataka,Gadag,582102,29,0,0,29.00000000000056
04-09-2025,Karnataka,Gadag,582115,2,0,0,2.000000000000001
04-09-2025,Karnataka,Gadag,582207,6,1,0,7.0000000000000595
04-09-2025,Karnataka,Gadag,582209,1,0,0,0.99999999999998
04-09-2025,Karnataka,Gadag,582210,1,0,0,0.99999999999998
04-09-2025,Karnataka,Gulbarga,585103,3,0,0,3.0000000000000218
04-09-2025,Karnataka,Gulbarga,585104,5,0,0,5.000000000000064
04-09-2025,Karnataka,Gulbarga,585210,2,0,0,2.000000000000001
04-09-2025,Karnataka,Gulbarga,585223,2,0,0,2.000000000000001
04-09-2025,Karnataka,Gulbarga,585225,2,1,0,2.999999999999976
04-09-2025,Karnataka,Gulbarga,585229,1,0,0,0.99999999999998
04-09-2025,Karnataka,Gulbarga,585310,1,0,0,0.99999999999998
04-09-2025,Karnataka,Gulbarga,585312,2,0,0,2.000000000000001
04-09-2025,Karnataka,Gulbarga,585313,0,2,0,1.999999999999909
04-09-2025,Karnataka,Hasan,573133,1,0,0,0.99999999999998
04-09-2025,Karnataka,Hassan,573112,3,0,0,3.0000000000000218
04-09-2025,Karnataka,Hassan,573125,1,0,0,0.99999999999998
04-09-2025,Karnataka,Hassan,573130,3,0,0,3.0000000000000218
04-09-2025,Karnataka,Hassan,573150,1,0,0,0.99999999999998
04-09-2025,Karnataka,Hassan,573210,1,0,0,0.99999999999998
04-09-2025,Karnataka,Hassan,573211,5,2,0,7.000000000000013
04-09-2025,Karnataka,Haveri,581109,1,1,0,1.999999999999955
04-09-2025,Karnataka,Haveri,581118,6,2,0,8.000000000000034
04-09-2025,Karnataka,Haveri,581119,2,0,0,2.000000000000001
04-09-2025,Karnataka,Haveri,581203,0,1,0,0.999999999999934
04-09-2025,Karnataka,Haveri,581205,1,0,0,0.99999999999998
04-09-2025,Karnataka,Haveri,581210,2,0,0,2.000000000000001
04-09-2025,Karnataka,Kalaburagi,585101,2,0,0,2.000000000000001
04-09-2025,Karnataka,Kalaburagi,585229,1,0,0,0.99999999999998
04-09-2025,Karnataka,Kalaburagi,585317,2,0,0,2.000000000000001
04-09-2025,Karnataka,Kodagu,571232,3,0,0,3.0000000000000218
04-09-2025,Karnataka,Kolar,563132,4,0,0,4.000000000000043
04-09-2025,Karnataka,Kolar,563135,4,0,0,4.000000000000043
04-09-2025,Karnataka,Koppal,583226,1,0,0,0.99999999999998
04-09-2025,Karnataka,Koppal,583231,6,1,0,7.0000000000000595
04-09-2025,Karnataka,Koppal,583234,1,0,1,1.9999999999999654
04-09-2025,Karnataka,Koppal,584112,1,0,0,0.99999999999998
04-09-2025,Karnataka,Koppal,584114,1,0,0,0.99999999999998
04-09-2025,Karnataka,Mandya,571401,4,1,0,5.000000000000018
04-09-2025,Karnataka,Mandya,571402,3,0,0,3.0000000000000218
04-09-2025,Karnataka,Mandya,571405,2,0,0,2.000000000000001
04-09-2025,Karnataka,Mandya,571416,1,0,0,0.99999999999998
04-09-2025,Karnataka,Mandya,571422,2,0,0,2.000000000000001
04-09-2025,Karnataka,Mandya,571425,1,0,0,0.99999999999998
04-09-2025,Karnataka,Mandya,571426,3,0,0,3.0000000000000218
04-09-2025,Karnataka,Mandya,571430,2,0,0,2.000000000000001
04-09-2025,Karnataka,Mandya,571434,2,0,0,2.000000000000001
04-09-2025,Karnataka,Mandya,571605,1,0,0,0.99999999999998
04-09-2025,Karnataka,Mysore,570017,1,0,0,0.99999999999998
04-09-2025,Karnataka,Mysore,571101,2,0,0,2.000000000000001
04-09-2025,Karnataka,Mysore,571107,1,0,0,0.99999999999998
04-09-2025,Karnataka,Mysore,571114,0,1,0,0.999999999999934
04-09-2025,Karnataka,Mysore,571122,1,0,0,0.99999999999998
04-09-2025,Karnataka,Mysore,571129,1,0,0,0.99999999999998
04-09-2025,Karnataka,Mysore,571189,3,0,0,3.0000000000000218
04-09-2025,Karnataka,Mysore,571302,1,0,0,0.99999999999998
04-09-2025,Karnataka,Mysuru,570004,1,0,0,0.99999999999998
04-09-2025,Karnataka,Mysuru,570016,1,1,0,1.999999999999955
04-09-2025,Karnataka,Mysuru,570022,1,0,0,0.99999999999998
04-09-2025,Karnataka,Mysuru,570032,1,0,0,0.99999999999998
04-09-2025,Karnataka,Mysuru,571124,1,0,0,0.99999999999998
04-09-2025,Karnataka,Mysuru,571602,1,1,0,1.999999999999955
04-09-2025,Karnataka,Mysuru,571603,1,0,0,0.99999999999998
04-09-2025,Karnataka,Mysuru,571604,3,0,0,3.0000000000000218
04-09-2025,Karnataka,Raichur,584101,6,1,0,7.0000000000000595
04-09-2025,Karnataka,Raichur,584103,4,0,0,4.000000000000043
04-09-2025,Karnataka,Raichur,584126,1,0,0,0.99999999999998
04-09-2025,Karnataka,Raichur,584135,1,2,0,2.99999999999993
04-09-2025,Karnataka,Ramanagar,562109,0,6,0,5.999999999999808
04-09-2025,Karnataka,Ramanagar,562138,3,0,0,3.0000000000000218
04-09-2025,Karnataka,Shimoga,577413,3,0,0,3.0000000000000218
04-09-2025,Karnataka,Shivamogga,577204,1,0,0,0.99999999999998
04-09-2025,Karnataka,Shivamogga,577233,1,0,0,0.99999999999998
04-09-2025,Karnataka,Shivamogga,577413,1,0,0,0.99999999999998
04-09-2025,Karnataka,Tumakuru,572105,3,0,0,3.0000000000000218
04-09-2025,Karnataka,Tumakuru,572117,1,0,0,0.99999999999998
04-09-2025,Karnataka,Tumakuru,572118,2,0,0,2.000000000000001
04-09-2025,Karnataka,Tumakuru,572213,1,0,0,0.99999999999998
04-09-2025,Karnataka,Tumakuru,572214,1,0,0,0.99999999999998
04-09-2025,Karnataka,Tumakuru,572216,1,0,0,0.99999999999998
04-09-2025,Karnataka,Tumakuru,572218,1,0,0,0.99999999999998
04-09-2025,Karnataka,Tumkur,572101,1,0,0,0.99999999999998
04-09-2025,Karnataka,Tumkur,572104,2,0,0,2.000000000000001
04-09-2025,Karnataka,Tumkur,572125,3,0,0,3.0000000000000218
04-09-2025,Karnataka,Tumkur,572140,1,0,0,0.99999999999998
04-09-2025,Karnataka,Tumkur,572201,1,0,0,0.99999999999998
04-09-2025,Karnataka,Tumkur,572218,1,0,0,0.99999999999998
04-09-2025,Karnataka,Udupi,574118,1,0,0,0.99999999999998
04-09-2025,Karnataka,Udupi,576102,2,1,0,2.999999999999976
04-09-2025,Karnataka,Udupi,576221,25,0,0,25.000000000000483
04-09-2025,Karnataka,Udupi,576257,1,0,0,0.99999999999998
04-09-2025,Karnataka,Uttara Kannada,581303,1,0,0,0.99999999999998
04-09-2025,Karnataka,Uttara Kannada,581336,1,0,0,0.99999999999998
04-09-2025,Karnataka,Uttara Kannada,581343,4,0,0,4.000000000000043
04-09-2025,Karnataka,Uttara Kannada,581349,3,0,0,3.0000000000000218
04-09-2025,Karnataka,Uttara Kannada,581360,1,0,0,0.99999999999998
04-09-2025,Karnataka,Vijayanagara,583125,3,0,0,3.0000000000000218
04-09-2025,Karnataka,Vijayanagara,583130,2,1,0,2.999999999999976
04-09-2025,Karnataka,Vijayanagara,583135,7,1,0,8.00000000000008
04-09-2025,Karnataka,Vijayanagara,583211,1,0,0,0.99999999999998
04-09-2025,Karnataka,Vijayanagara,583213,1,1,0,1.999999999999955
04-09-2025,Karnataka,Vijayanagara,583220,2,0,0,2.000000000000001
04-09-2025,Karnataka,Vijayapura,586104,3,0,0,3.0000000000000218
04-09-2025,Karnataka,Vijayapura,586113,4,0,1,5.000000000000028
04-09-2025,Karnataka,Vijayapura,586116,1,2,0,2.99999999999993
04-09-2025,Karnataka,Vijayapura,586118,5,1,0,6.000000000000038
04-09-2025,Karnataka,Vijayapura,586120,4,0,0,4.000000000000043
04-09-2025,Karnataka,Vijayapura,586125,3,2,0,4.999999999999972
04-09-2025,Karnataka,Vijayapura,586202,4,2,0,5.999999999999993
04-09-2025,Karnataka,Vijayapura,586208,3,0,0,3.0000000000000218
04-09-2025,Karnataka,Vijayapura,586209,7,0,0,7.000000000000105
04-09-2025,Karnataka,Vijayapura,586211,2,2,0,3.9999999999999507
04-09-2025,Karnataka,Vijayapura,586214,2,1,0,2.999999999999976
04-09-2025,Karnataka,Yadgir,585220,4,4,0,7.999999999999942
04-09-2025,Karnataka,Yadgir,585223,9,1,0,10.000000000000123
04-09-2025,Karnataka,Yadgir,585224,1,1,0,1.999999999999955
05-09-2025,Karnataka,Bagalkot,587113,1,0,0,0.99999999999998
05-09-2025,Karnataka,Bagalkot,587301,5,0,0,5.000000000000064
05-09-2025,Karnataka,Ballari,583218,1,0,0,0.99999999999998
05-09-2025,Karnataka,Bangalore,560033,1,0,0,0.99999999999998
05-09-2025,Karnataka,Bangalore,560047,1,0,0,0.99999999999998
05-09-2025,Karnataka,Bangalore,560056,1,1,0,1.999999999999955
05-09-2025,Karnataka,Bangalore,560072,1,0,0,0.99999999999998
05-09-2025,Karnataka,Bangalore,560085,1,0,0,0.99999999999998
05-09-2025,Karnataka,Bangalore,560097,2,1,0,2.999999999999976
05-09-2025,Karnataka,Belagavi,591212,1,0,0,0.99999999999998
05-09-2025,Karnataka,Belagavi,591224,1,0,0,0.99999999999998
05-09-2025,Karnataka,Belagavi,591247,1,0,0,0.99999999999998
05-09-2025,Karnataka,Belagavi,591301,2,0,0,2.000000000000001
05-09-2025,Karnataka,Belgaum,591220,0,1,0,0.999999999999934
05-09-2025,Karnataka,Belgaum,591229,2,0,0,2.000000000000001
05-09-2025,Karnataka,Belgaum,591230,1,0,0,0.99999999999998
05-09-2025,Karnataka,Belgaum,591265,0,1,0,0.999999999999934
05-09-2025,Karnataka,Belgaum,591312,1,0,0,0.99999999999998
05-09-2025,Karnataka,Bengaluru,560057,1,0,0,0.99999999999998
05-09-2025,Karnataka,Bengaluru,560067,4,0,0,4.000000000000043
05-09-2025,Karnataka,Bengaluru,560086,1,0,0,0.99999999999998
05-09-2025,Karnataka,Bengaluru,560090,1,0,0,0.99999999999998
05-09-2025,Karnataka,Bengaluru,560091,3,0,0,3.0000000000000218
05-09-2025,Karnataka,Bengaluru,560100,3,0,1,4.000000000000007
05-09-2025,Karnataka,Bengaluru,560105,1,2,0,2.99999999999993
05-09-2025,Karnataka,Bengaluru,562123,1,0,0,0.99999999999998
05-09-2025,Karnataka,Bengaluru,562125,1,1,0,1.999999999999955
05-09-2025,Karnataka,Bengaluru,562157,0,2,0,1.999999999999909
05-09-2025,Karnataka,Bidar,585226,2,0,0,2.000000000000001
05-09-2025,Karnataka,Bidar,585327,1,0,0,0.99999999999998
05-09-2025,Karnataka,Bijapur,586118,0,1,0,0.999999999999934
05-09-2025,Karnataka,Chamrajanagar,571316,1,0,0,0.99999999999998
05-09-2025,Karnataka,Chamrajanagar,571439,2,0,0,2.000000000000001
05-09-2025,Karnataka,Dakshina Kannada,574221,4,0,0,4.000000000000043
05-09-2025,Karnataka,Dakshina Kannada,574239,2,0,0,2.000000000000001
05-09-2025,Karnataka,Dakshina Kannada,574242,0,1,0,0.999999999999934
05-09-2025,Karnataka,Dakshina Kannada,575002,0,2,0,1.999999999999909
05-09-2025,Karnataka,Dakshina Kannada,575030,1,0,0,0.99999999999998
05-09-2025,Karnataka,Davanagere,577566,1,0,0,0.99999999999998
05-09-2025,Karnataka,Davangere,577514,1,0,0,0.99999999999998
05-09-2025,Karnataka,Davangere,577528,1,0,0,0.99999999999998
05-09-2025,Karnataka,Dharwad,580001,3,0,0,3.0000000000000218
05-09-2025,Karnataka,Dharwad,580005,1,0,0,0.99999999999998
05-09-2025,Karnataka,Dharwad,580007,2,0,0,2.000000000000001
05-09-2025,Karnataka,Dharwad,580025,1,0,0,0.99999999999998
05-09-2025,Karnataka,Dharwad,582201,2,1,0,2.999999999999976
05-09-2025,Karnataka,Gadag,582112,1,0,0,0.99999999999998
05-09-2025,Karnataka,Gulbarga,585102,1,0,0,0.99999999999998
05-09-2025,Karnataka,Gulbarga,585211,2,0,0,2.000000000000001
05-09-2025,Karnataka,Kolar,563101,1,0,0,0.99999999999998
05-09-2025,Karnataka,Kolar,563122,1,0,0,0.99999999999998
05-09-2025,Karnataka,Kolar,563160,1,0,0,0.99999999999998
05-09-2025,Karnataka,Mandya,571425,1,0,0,0.99999999999998
05-09-2025,Karnataka,Mandya,571434,1,0,0,0.99999999999998
05-09-2025,Karnataka,Raichur,584101,2,0,0,2.000000000000001
05-09-2025,Karnataka,Raichur,584122,1,0,0,0.99999999999998
05-09-2025,Karnataka,Raichur,584129,1,1,0,1.999999999999955
05-09-2025,Karnataka,Raichur,584143,1,1,0,1.999999999999955
05-09-2025,Karnataka,Raichur,584202,3,0,0,3.0000000000000218
05-09-2025,Karnataka,Ramanagar,562159,2,0,0,2.000000000000001
05-09-2025,Karnataka,Ramanagar,562160,2,0,0,2.000000000000001
05-09-2025,Karnataka,Shivamogga,577115,1,0,0,0.99999999999998
05-09-2025,Karnataka,Tumakuru,572113,2,0,0,2.000000000000001
05-09-2025,Karnataka,Tumkur,561202,1,0,0,0.99999999999998
05-09-2025,Karnataka,Uttara Kannada,581187,1,0,0,0.99999999999998
05-09-2025,Karnataka,Vijayanagara,583222,2,0,0,2.000000000000001
05-09-2025,Karnataka,Vijayapura,586128,1,0,0,0.99999999999998
05-09-2025,Karnataka,Vijayapura,586214,1,0,0,0.99999999999998
05-09-2025,Karnataka,Yadgir,585215,5,2,0,7.000000000000013
05-09-2025,Karnataka,yadgir,585215,1,0,0,0.99999999999998
07-09-2025,Karnataka,Bagalkot,587119,4,0,0,4.000000000000043
07-09-2025,Karnataka,Bagalkot,587201,2,0,0,2.000000000000001
07-09-2025,Karnataka,Ballari,583119,1,0,0,0.99999999999998
07-09-2025,Karnataka,Bangalore,560019,1,0,0,0.99999999999998
07-09-2025,Karnataka,Bangalore,560027,1,0,0,0.99999999999998
07-09-2025,Karnataka,Bangalore,560049,0,1,0,0.999999999999934
07-09-2025,Karnataka,Bangalore,560058,2,0,0,2.000000000000001
07-09-2025,Karnataka,Bangalore,560078,2,0,0,2.000000000000001
07-09-2025,Karnataka,Bangalore,560086,1,0,0,0.99999999999998
07-09-2025,Karnataka,Bangalore,562157,1,0,0,0.99999999999998
07-09-2025,Karnataka,Bangalore Rural,560087,2,0,3,4.999999999999957
07-09-2025,Karnataka,Bangalore Rural,562111,0,1,0,0.999999999999934
07-09-2025,Karnataka,Belagavi,591233,4,0,0,4.000000000000043
07-09-2025,Karnataka,Belagavi,591241,2,2,0,3.9999999999999507
07-09-2025,Karnataka,Belgaum,591124,2,0,0,2.000000000000001
07-09-2025,Karnataka,Belgaum,591230,1,0,0,0.99999999999998
07-09-2025,Karnataka,Belgaum,591248,0,1,0,0.999999999999934
07-09-2025,Karnataka,Belgaum,591309,0,1,0,0.999999999999934
07-09-2025,Karnataka,Bengaluru,560024,1,0,0,0.99999999999998
07-09-2025,Karnataka,Bengaluru,560032,2,0,0,2.000000000000001
07-09-2025,Karnataka,Bengaluru,560047,3,0,0,3.0000000000000218
07-09-2025,Karnataka,Bengaluru,560049,2,1,1,3.999999999999962
07-09-2025,Karnataka,Bengaluru,560070,1,1,0,1.999999999999955
07-09-2025,Karnataka,Bengaluru,560072,0,2,0,1.999999999999909
07-09-2025,Karnataka,Bengaluru,560075,2,1,0,2.999999999999976
07-09-2025,Karnataka,Bengaluru,560076,4,1,0,5.000000000000018
07-09-2025,Karnataka,Bengaluru,562149,2,0,0,2.000000000000001
07-09-2025,Karnataka,Bengaluru,562162,1,0,0,0.99999999999998
07-09-2025,Karnataka,Bidar,585401,2,0,0,2.000000000000001
07-09-2025,Karnataka,Chamarajanagar,571316,1,0,0,0.99999999999998
07-09-2025,Karnataka,Dakshina Kannada,575028,1,0,0,0.99999999999998
07-09-2025,Karnataka,Dakshina Kannada,575030,1,0,0,0.99999999999998
07-09-2025,Karnataka,Davangere,577001,1,0,0,0.99999999999998
07-09-2025,Karnataka,Davangere,577512,2,0,0,2.000000000000001
07-09-2025,Karnataka,Dharwad,580008,2,1,0,2.999999999999976
07-09-2025,Karnataka,Dharwad,580023,1,1,0,1.999999999999955
07-09-2025,Karnataka,Dharwad,581206,1,0,0,0.99999999999998
07-09-2025,Karnataka,Gulbarga,585104,3,0,0,3.0000000000000218
07-09-2025,Karnataka,Gulbarga,585305,1,0,0,0.99999999999998
07-09-2025,Karnataka,Gulbarga,585306,1,0,0,0.99999999999998
07-09-2025,Karnataka,Hasan,573150,1,0,0,0.99999999999998
07-09-2025,Karnataka,Hassan,573131,1,0,0,0.99999999999998
07-09-2025,Karnataka,Haveri,581115,1,1,0,1.999999999999955
07-09-2025,Karnataka,Haveri,581120,7,0,0,7.000000000000105
07-09-2025,Karnataka,Koppal,583279,0,1,0,0.999999999999934
07-09-2025,Karnataka,Mysuru,570028,1,0,0,0.99999999999998
07-09-2025,Karnataka,Raichur,584123,1,0,0,0.99999999999998
07-09-2025,Karnataka,Raichur,584143,5,6,0,10.999999999999913
07-09-2025,Karnataka,Ramanagar,562138,2,0,0,2.000000000000001
07-09-2025,Karnataka,Udupi,576103,1,0,0,0.99999999999998
07-09-2025,Karnataka,Uttara Kannada,581402,0,1,0,0.999999999999934
07-09-2025,Karnataka,Vijayapura,586125,1,0,0,0.99999999999998
07-09-2025,Karnataka,Vijayapura,586203,1,1,0,1.999999999999955
07-09-2025,Karnataka,Yadgir,585315,1,0,0,0.99999999999998
07-09-2025,Karnataka,yadgir,585223,1,0,0,0.99999999999998
08-09-2025,Karnataka,Bagalkot,587113,3,2,0,4.999999999999972
08-09-2025,Karnataka,Bagalkot,587117,4,0,0,4.000000000000043
08-09-2025,Karnataka,Bagalkot,587201,7,0,0,7.000000000000105
08-09-2025,Karnataka,Bagalkot,587312,3,0,0,3.0000000000000218
08-09-2025,Karnataka,Ballari,583104,1,0,0,0.99999999999998
08-09-2025,Karnataka,Ballari,583113,4,0,0,4.000000000000043
08-09-2025,Karnataka,Ballari,583117,2,3,0,4.999999999999925
08-09-2025,Karnataka,Ballari,583123,5,0,0,5.000000000000064
08-09-2025,Karnataka,Ballari,583132,3,0,0,3.0000000000000218
08-09-2025,Karnataka,Ballari,583219,1,0,0,0.99999999999998
08-09-2025,Karnataka,Ballari,583224,3,0,0,3.0000000000000218
08-09-2025,Karnataka,Bangalore,560008,0,2,0,1.999999999999909
08-09-2025,Karnataka,Bangalore,560018,2,0,0,2.000000000000001
08-09-2025,Karnataka,Bangalore,560021,1,0,0,0.99999999999998
